family,seed,config,outcome,success,collided,reached,time_to_goal,path_length,min_clearance,steps,alpha_max,alpha_escape_frac,slack_max,slack_mean,cbf_active_steps,entrapped_frac,n_obstacles,n_dynamic,feasible
dynamic,0,A_stock,COLLISION,0,1,0,5.7,2.2456,-0.0019,57,2.0,0.0,0.0,0.0,0,0.0,5,2,1
dynamic,0,C_escape,COLLISION,0,1,0,5.7,2.2456,-0.0019,57,2.0,0.0,0.0,0.0,0,0.0,5,2,1
dynamic,0,D_cbf,COLLISION,0,1,0,5.7,2.1211,-0.0262,57,2.0,0.0,0.007137,0.000294,56,0.0,5,2,1
dynamic,0,E_indep,COLLISION,0,1,0,5.7,2.1211,-0.0262,57,2.0,0.0,0.007137,0.000294,56,0.0,5,2,1
dynamic,0,F_full,COLLISION,0,1,0,5.7,2.1211,-0.0262,57,2.0,0.0,0.007137,0.000294,56,0.0,5,2,1
dynamic,0,Fminus_nogap,COLLISION,0,1,0,5.7,2.1211,-0.0262,57,2.0,0.0,0.007137,0.000294,56,0.0,5,2,1
clutter,1,A_stock,SUCCESS,1,0,1,14.5,5.4832,0.325,145,2.0,0.0,0.0,0.0,0,0.0,6,0,1
clutter,1,C_escape,SUCCESS,1,0,1,14.5,5.4832,0.325,145,2.0,0.0,0.0,0.0,0,0.0,6,0,1
clutter,1,D_cbf,SUCCESS,1,0,1,14.5,5.4832,0.325,145,2.0,0.0,0.0,0.0,144,0.0,6,0,1
clutter,1,E_indep,SUCCESS,1,0,1,14.5,5.4832,0.325,145,2.0,0.0,0.0,0.0,144,0.0,6,0,1
clutter,1,F_full,SUCCESS,1,0,1,14.5,5.4832,0.325,145,2.0,0.0,0.0,0.0,144,0.0,6,0,1
clutter,1,Fminus_nogap,SUCCESS,1,0,1,14.5,5.4832,0.325,145,2.0,0.0,0.0,0.0,144,0.0,6,0,1
clutter,0,A_stock,SUCCESS,1,0,1,15.2,5.7411,0.326,152,2.0,0.0,0.0,0.0,0,0.0,9,0,1
clutter,0,C_escape,SUCCESS,1,0,1,15.2,5.7411,0.326,152,2.0,0.0,0.0,0.0,0,0.0,9,0,1
clutter,0,D_cbf,SUCCESS,1,0,1,15.2,5.7411,0.326,152,2.0,0.0,0.0,0.0,151,0.0,9,0,1
clutter,0,E_indep,SUCCESS,1,0,1,15.2,5.7411,0.326,152,2.0,0.0,0.0,0.0,151,0.0,9,0,1
clutter,0,F_full,SUCCESS,1,0,1,15.2,5.7411,0.326,152,2.0,0.0,0.0,0.0,151,0.0,9,0,1
clutter,0,Fminus_nogap,SUCCESS,1,0,1,15.2,5.7411,0.326,152,2.0,0.0,0.0,0.0,151,0.0,9,0,1
utrap,0,A_stock,TIMEOUT,0,0,0,40.1,2.9286,0.3203,401,2.0,0.0,0.0,0.0,0,0.0,10,0,1
utrap,0,C_escape,SUCCESS,1,0,1,23.6,7.5252,0.3215,236,2.0,0.0,0.0,0.0,0,0.2596,10,0,1
utrap,0,D_cbf,TIMEOUT,0,0,0,40.1,2.9286,0.3203,401,2.0,0.0,0.0,0.0,400,0.0,10,0,1
utrap,0,E_indep,SUCCESS,1,0,1,23.6,7.5252,0.3215,236,2.0,0.0,0.0,0.0,235,0.2596,10,0,1
utrap,0,F_full,SUCCESS,1,0,1,23.6,7.5252,0.3215,236,6.0,0.2596,0.0,0.0,235,0.2596,10,0,1
utrap,0,Fminus_nogap,TIMEOUT,0,0,0,40.1,2.8639,0.3215,401,6.0,0.68,0.0,0.0,400,0.68,10,0,1
clutter,2,A_stock,SUCCESS,1,0,1,17.3,6.6014,0.3458,173,2.0,0.0,0.0,0.0,0,0.0,5,0,1
clutter,2,C_escape,SUCCESS,1,0,1,17.3,6.6014,0.3458,173,2.0,0.0,0.0,0.0,0,0.0,5,0,1
clutter,2,D_cbf,SUCCESS,1,0,1,17.3,6.6014,0.3458,173,2.0,0.0,0.0,0.0,172,0.0,5,0,1
clutter,2,E_indep,SUCCESS,1,0,1,17.3,6.6014,0.3458,173,2.0,0.0,0.0,0.0,172,0.0,5,0,1
clutter,2,F_full,SUCCESS,1,0,1,17.3,6.6014,0.3458,173,2.0,0.0,0.0,0.0,172,0.0,5,0,1
clutter,2,Fminus_nogap,SUCCESS,1,0,1,17.3,6.6014,0.3458,173,2.0,0.0,0.0,0.0,172,0.0,5,0,1
utrap,1,A_stock,TIMEOUT,0,0,0,40.1,2.543,0.328,401,2.0,0.0,0.0,0.0,0,0.0,11,0,1
utrap,1,C_escape,SUCCESS,1,0,1,30.6,7.0368,0.3273,306,2.0,0.0,0.0,0.0,0,0.2918,11,0,1
utrap,1,D_cbf,TIMEOUT,0,0,0,40.1,2.543,0.328,401,2.0,0.0,0.0,0.0,400,0.0,11,0,1
utrap,1,E_indep,SUCCESS,1,0,1,30.6,7.0368,0.3273,306,2.0,0.0,0.0,0.0,305,0.2918,11,0,1
utrap,1,F_full,SUCCESS,1,0,1,30.6,7.0368,0.3273,306,6.0,0.2918,0.0,0.0,305,0.2918,11,0,1
utrap,1,Fminus_nogap,TIMEOUT,0,0,0,40.1,2.5715,0.3314,401,6.0,0.705,0.0,0.0,400,0.705,11,0,1
narrowdyn,0,A_stock,TIMEOUT,0,0,0,40.1,2.9446,0.3203,401,2.0,0.0,0.0,0.0,0,0.0,12,2,1
narrowdyn,0,C_escape,SUCCESS,1,0,1,24.2,7.6249,0.3215,242,2.0,0.0,0.0,0.0,0,0.278,12,2,1
narrowdyn,0,D_cbf,TIMEOUT,0,0,0,40.1,2.9446,0.3203,401,2.0,0.0,0.0,0.0,400,0.0,12,2,1
narrowdyn,0,E_indep,SUCCESS,1,0,1,24.2,7.6249,0.3215,242,2.0,0.0,0.0,0.0,241,0.278,12,2,1
narrowdyn,0,F_full,SUCCESS,1,0,1,24.2,7.6249,0.3215,242,6.0,0.278,0.0,0.0,241,0.278,12,2,1
narrowdyn,0,Fminus_nogap,TIMEOUT,0,0,0,40.1,2.8651,0.3215,401,6.0,0.68,0.0,0.0,400,0.68,12,2,1
utrap,2,A_stock,TIMEOUT,0,0,0,40.1,3.0918,0.3112,401,2.0,0.0,0.0,0.0,0,0.0,11,0,1
utrap,2,C_escape,SUCCESS,1,0,1,35.8,7.8495,0.3151,358,2.0,0.0,0.0,0.0,0,0.2577,11,0,1
utrap,2,D_cbf,TIMEOUT,0,0,0,40.1,3.0919,0.3112,401,2.0,0.0,0.0,0.0,400,0.0,11,0,1
utrap,2,E_indep,SUCCESS,1,0,1,35.8,7.8495,0.3151,358,2.0,0.0,0.0,0.0,357,0.2577,11,0,1
utrap,2,F_full,SUCCESS,1,0,1,35.8,7.8495,0.3151,358,6.0,0.2577,0.0,0.0,357,0.2577,11,0,1
utrap,2,Fminus_nogap,TIMEOUT,0,0,0,40.1,3.1328,0.3115,401,6.0,0.61,0.0,0.0,400,0.61,11,0,1
narrowdyn,1,A_stock,TIMEOUT,0,0,0,40.1,2.5461,0.3281,401,2.0,0.0,0.0,0.0,0,0.0,12,1,1
narrowdyn,1,C_escape,SUCCESS,1,0,1,30.6,7.0368,0.3273,306,2.0,0.0,0.0,0.0,0,0.2918,12,1,1
narrowdyn,1,D_cbf,TIMEOUT,0,0,0,40.1,2.5461,0.3281,401,2.0,0.0,0.0,0.0,400,0.0,12,1,1
narrowdyn,1,E_indep,SUCCESS,1,0,1,30.6,7.0368,0.3273,306,2.0,0.0,0.0,0.0,305,0.2918,12,1,1
narrowdyn,1,F_full,SUCCESS,1,0,1,30.6,7.0368,0.3273,306,6.0,0.2918,0.0,0.0,305,0.2918,12,1,1
narrowdyn,1,Fminus_nogap,TIMEOUT,0,0,0,40.1,2.5749,0.331,401,6.0,0.7075,0.0,0.0,400,0.7075,12,1,1
dynamic,1,A_stock,SUCCESS,1,0,1,29.9,9.5667,0.0363,299,2.0,0.0,0.0,0.0,0,0.0,4,2,1
dynamic,1,C_escape,TIMEOUT,0,0,0,40.1,17.8553,0.0363,401,2.0,0.0,0.0,0.0,0,0.74,4,2,1
dynamic,1,D_cbf,SUCCESS,1,0,1,35.0,14.3743,0.0427,350,2.0,0.0,0.000472,1e-06,349,0.0,4,2,1
dynamic,1,E_indep,TIMEOUT,0,0,0,40.1,17.8795,0.0427,401,2.0,0.0,0.000472,1e-06,400,0.74,4,2,1
dynamic,1,F_full,TIMEOUT,0,0,0,40.1,17.8795,0.0427,401,6.0,0.7375,0.000472,1e-06,400,0.74,4,2,1
dynamic,1,Fminus_nogap,SUCCESS,1,0,1,35.3,14.6076,0.0427,353,6.0,0.483,0.000472,1e-06,352,0.483,4,2,1
narrowdyn,3,A_stock,COLLISION,0,1,0,6.6,2.3313,-0.0276,66,2.0,0.0,0.0,0.0,0,0.0,13,2,1
narrowdyn,3,C_escape,COLLISION,0,1,0,6.6,2.3313,-0.0276,66,2.0,0.0,0.0,0.0,0,0.0,13,2,1
narrowdyn,3,D_cbf,COLLISION,0,1,0,6.4,2.1512,-0.0033,64,2.0,0.0,0.000385,3.1e-05,63,0.0,13,2,1
narrowdyn,3,E_indep,COLLISION,0,1,0,6.4,2.1512,-0.0033,64,2.0,0.0,0.000385,3.1e-05,63,0.0,13,2,1
narrowdyn,3,F_full,COLLISION,0,1,0,6.4,2.1512,-0.0033,64,2.0,0.0,0.000385,3.1e-05,63,0.0,13,2,1
narrowdyn,3,Fminus_nogap,COLLISION,0,1,0,6.4,2.1512,-0.0033,64,2.0,0.0,0.000385,3.1e-05,63,0.0,13,2,1
dynamic,3,A_stock,SUCCESS,1,0,1,22.5,8.5301,0.0119,225,2.0,0.0,0.0,0.0,0,0.0,5,2,1
dynamic,3,C_escape,SUCCESS,1,0,1,22.5,8.6502,0.0119,225,2.0,0.0,0.0,0.0,0,0.1964,5,2,1
dynamic,3,D_cbf,SUCCESS,1,0,1,29.4,8.9272,0.0465,294,2.0,0.0,0.009824,0.000202,293,0.0,5,2,1
dynamic,3,E_indep,SUCCESS,1,0,1,23.7,8.8056,0.0465,237,2.0,0.0,0.008994,0.000198,236,0.25,5,2,1
dynamic,3,F_full,SUCCESS,1,0,1,24.1,8.8417,0.0465,241,6.0,0.2333,0.009335,0.000202,240,0.2667,5,2,1
dynamic,3,Fminus_nogap,SUCCESS,1,0,1,24.3,8.8923,0.0465,243,6.0,0.2273,0.01015,0.000216,242,0.2686,5,2,1
dynamic,2,A_stock,SUCCESS,1,0,1,32.6,13.4939,0.1665,326,2.0,0.0,0.0,0.0,0,0.0,4,1,1
dynamic,2,C_escape,SUCCESS,1,0,1,32.1,13.1809,0.1665,321,2.0,0.0,0.0,0.0,0,0.4844,4,1,1
dynamic,2,D_cbf,TIMEOUT,0,0,0,40.1,13.2361,0.141,401,2.0,0.0,0.008543,0.000129,400,0.0,4,1,1
dynamic,2,E_indep,SUCCESS,1,0,1,32.2,12.9697,0.1517,322,2.0,0.0,0.007702,0.000168,321,0.4829,4,1,1
dynamic,2,F_full,SUCCESS,1,0,1,32.1,13.1226,0.1665,321,6.0,0.4781,0.004842,2.3e-05,320,0.4844,4,1,1
dynamic,2,Fminus_nogap,SUCCESS,1,0,1,39.6,13.161,0.1665,396,6.0,0.4709,0.003696,1e-05,395,0.4734,4,1,1
dynamic,4,A_stock,COLLISION,0,1,0,6.2,2.5067,-0.0063,62,2.0,0.0,0.0,0.0,0,0.0,2,2,1
dynamic,4,C_escape,COLLISION,0,1,0,6.2,2.5067,-0.0063,62,2.0,0.0,0.0,0.0,0,0.0,2,2,1
dynamic,4,D_cbf,COLLISION,0,1,0,6.4,2.5843,-0.0116,64,2.0,0.0,0.001937,4.1e-05,63,0.0,2,2,1
dynamic,4,E_indep,COLLISION,0,1,0,6.4,2.5843,-0.0116,64,2.0,0.0,0.001937,4.1e-05,63,0.0,2,2,1
dynamic,4,F_full,COLLISION,0,1,0,6.4,2.5843,-0.0116,64,2.0,0.0,0.001937,4.1e-05,63,0.0,2,2,1
dynamic,4,Fminus_nogap,COLLISION,0,1,0,6.4,2.5843,-0.0116,64,2.0,0.0,0.001937,4.1e-05,63,0.0,2,2,1
clutter,4,A_stock,SUCCESS,1,0,1,15.1,5.8594,0.4177,151,2.0,0.0,0.0,0.0,0,0.0,6,0,1
clutter,4,C_escape,SUCCESS,1,0,1,15.1,5.8594,0.4177,151,2.0,0.0,0.0,0.0,0,0.0,6,0,1
clutter,4,D_cbf,SUCCESS,1,0,1,15.1,5.8594,0.4177,151,2.0,0.0,0.0,0.0,150,0.0,6,0,1
clutter,4,E_indep,SUCCESS,1,0,1,15.1,5.8594,0.4177,151,2.0,0.0,0.0,0.0,150,0.0,6,0,1
clutter,4,F_full,SUCCESS,1,0,1,15.1,5.8594,0.4177,151,2.0,0.0,0.0,0.0,150,0.0,6,0,1
clutter,4,Fminus_nogap,SUCCESS,1,0,1,15.1,5.8594,0.4177,151,2.0,0.0,0.0,0.0,150,0.0,6,0,1
clutter,3,A_stock,TIMEOUT,0,0,0,40.1,4.4315,0.3561,401,2.0,0.0,0.0,0.0,0,0.0,9,0,1
clutter,3,C_escape,SUCCESS,1,0,1,31.9,7.589,0.3248,319,2.0,0.0,0.0,0.0,0,0.173,9,0,1
clutter,3,D_cbf,TIMEOUT,0,0,0,40.1,4.4315,0.3561,401,2.0,0.0,0.0,0.0,400,0.0,9,0,1
clutter,3,E_indep,SUCCESS,1,0,1,31.9,7.589,0.3248,319,2.0,0.0,0.0,0.0,318,0.173,9,0,1
clutter,3,F_full,SUCCESS,1,0,1,31.9,7.589,0.3248,319,6.0,0.173,0.0,0.0,318,0.173,9,0,1
clutter,3,Fminus_nogap,TIMEOUT,0,0,0,40.1,4.4442,0.3567,401,6.0,0.5425,0.0,0.0,400,0.5425,9,0,1
narrowdyn,4,A_stock,TIMEOUT,0,0,0,40.1,3.569,0.2552,401,2.0,0.0,0.0,0.0,0,0.0,11,2,1
narrowdyn,4,C_escape,SUCCESS,1,0,1,31.0,7.3837,0.2552,310,2.0,0.0,0.0,0.0,0,0.246,11,2,1
narrowdyn,4,D_cbf,COLLISION,0,1,0,8.8,1.6023,-0.0031,88,2.0,0.0,0.01955,0.001484,87,0.0,11,2,1
narrowdyn,4,E_indep,COLLISION,0,1,0,8.8,1.6023,-0.0031,88,2.0,0.0,0.019719,0.001477,87,0.069,11,2,1
narrowdyn,4,F_full,COLLISION,0,1,0,8.8,1.6023,-0.0031,88,6.0,0.0345,0.307839,0.011004,87,0.069,11,2,1
narrowdyn,4,Fminus_nogap,COLLISION,0,1,0,8.8,1.6023,-0.0031,88,6.0,0.0345,0.307839,0.011013,87,0.069,11,2,1
utrap,4,A_stock,TIMEOUT,0,0,0,40.1,2.565,0.3192,401,2.0,0.0,0.0,0.0,0,0.0,9,0,1
utrap,4,C_escape,SUCCESS,1,0,1,22.6,6.5968,0.3139,226,2.0,0.0,0.0,0.0,0,0.1956,9,0,1
utrap,4,D_cbf,TIMEOUT,0,0,0,40.1,2.565,0.3192,401,2.0,0.0,0.0,0.0,400,0.0,9,0,1
utrap,4,E_indep,SUCCESS,1,0,1,22.6,6.5968,0.3139,226,2.0,0.0,0.0,0.0,225,0.1956,9,0,1
utrap,4,F_full,SUCCESS,1,0,1,22.6,6.5968,0.3139,226,6.0,0.1956,0.0,0.0,225,0.1956,9,0,1
utrap,4,Fminus_nogap,TIMEOUT,0,0,0,40.1,2.5201,0.3208,401,6.0,0.7975,0.0,0.0,400,0.7975,9,0,1
utrap,3,A_stock,TIMEOUT,0,0,0,40.1,3.4345,0.3214,401,2.0,0.0,0.0,0.0,0,0.0,11,0,1
utrap,3,C_escape,SUCCESS,1,0,1,31.4,10.0527,0.3214,314,2.0,0.0,0.0,0.0,0,0.3642,11,0,1
utrap,3,D_cbf,TIMEOUT,0,0,0,40.1,3.4345,0.3214,401,2.0,0.0,0.0,0.0,400,0.0,11,0,1
utrap,3,E_indep,SUCCESS,1,0,1,31.4,10.0528,0.3214,314,2.0,0.0,0.0,0.0,313,0.3642,11,0,1
utrap,3,F_full,SUCCESS,1,0,1,31.4,10.0528,0.3214,314,6.0,0.3642,0.0,0.0,313,0.3642,11,0,1
utrap,3,Fminus_nogap,TIMEOUT,0,0,0,40.1,3.4174,0.3214,401,6.0,0.745,0.0,0.0,400,0.745,11,0,1
narrowdyn,2,A_stock,TIMEOUT,0,0,0,40.1,3.0918,0.3112,401,2.0,0.0,0.0,0.0,0,0.0,13,2,1
narrowdyn,2,C_escape,SUCCESS,1,0,1,35.8,7.8495,0.3151,358,2.0,0.0,0.0,0.0,0,0.2577,13,2,1
narrowdyn,2,D_cbf,TIMEOUT,0,0,0,40.1,3.0918,0.3112,401,2.0,0.0,0.0,0.0,400,0.0,13,2,1
narrowdyn,2,E_indep,SUCCESS,1,0,1,35.8,7.8495,0.3151,358,2.0,0.0,0.0,0.0,357,0.2577,13,2,1
narrowdyn,2,F_full,SUCCESS,1,0,1,35.8,7.8495,0.3151,358,6.0,0.2577,0.0,0.0,357,0.2577,13,2,1
narrowdyn,2,Fminus_nogap,TIMEOUT,0,0,0,40.1,3.1332,0.3115,401,6.0,0.61,0.0,0.0,400,0.61,13,2,1
dynamic,5,A_stock,SUCCESS,1,0,1,28.1,8.8614,0.1462,281,2.0,0.0,0.0,0.0,0,0.0,2,2,1
dynamic,5,C_escape,SUCCESS,1,0,1,28.0,8.8862,0.1462,280,2.0,0.0,0.0,0.0,0,0.2724,2,2,1
dynamic,5,D_cbf,SUCCESS,1,0,1,28.1,8.8615,0.1462,281,2.0,0.0,1e-06,0.0,280,0.0,2,2,1
dynamic,5,E_indep,SUCCESS,1,0,1,28.0,8.8862,0.1462,280,2.0,0.0,1e-06,0.0,279,0.2724,2,2,1
dynamic,5,F_full,SUCCESS,1,0,1,28.0,8.8862,0.1462,280,6.0,0.2724,1e-06,0.0,279,0.2724,2,2,1
dynamic,5,Fminus_nogap,SUCCESS,1,0,1,28.1,8.8638,0.1462,281,6.0,0.2786,1e-06,0.0,280,0.2786,2,2,1
clutter,6,A_stock,SUCCESS,1,0,1,16.1,6.1195,0.3138,161,2.0,0.0,0.0,0.0,0,0.0,7,0,1
clutter,6,C_escape,SUCCESS,1,0,1,16.1,6.1195,0.3138,161,2.0,0.0,0.0,0.0,0,0.0,7,0,1
clutter,6,D_cbf,SUCCESS,1,0,1,16.1,6.1195,0.3138,161,2.0,0.0,0.0,0.0,160,0.0,7,0,1
clutter,6,E_indep,SUCCESS,1,0,1,16.1,6.1195,0.3138,161,2.0,0.0,0.0,0.0,160,0.0,7,0,1
clutter,6,F_full,SUCCESS,1,0,1,16.1,6.1195,0.3138,161,2.0,0.0,0.0,0.0,160,0.0,7,0,1
clutter,6,Fminus_nogap,SUCCESS,1,0,1,16.1,6.1195,0.3138,161,2.0,0.0,0.0,0.0,160,0.0,7,0,1
dynamic,6,A_stock,SUCCESS,1,0,1,19.8,7.2502,0.2778,198,2.0,0.0,0.0,0.0,0,0.0,3,1,1
dynamic,6,C_escape,SUCCESS,1,0,1,19.8,7.2502,0.2778,198,2.0,0.0,0.0,0.0,0,0.0,3,1,1
dynamic,6,D_cbf,SUCCESS,1,0,1,19.9,7.2522,0.2725,199,2.0,0.0,0.000265,2e-06,198,0.0,3,1,1
dynamic,6,E_indep,SUCCESS,1,0,1,19.9,7.2522,0.2725,199,2.0,0.0,0.000265,2e-06,198,0.0,3,1,1
dynamic,6,F_full,SUCCESS,1,0,1,19.9,7.2522,0.2725,199,2.0,0.0,0.000265,2e-06,198,0.0,3,1,1
dynamic,6,Fminus_nogap,SUCCESS,1,0,1,19.9,7.2522,0.2725,199,2.0,0.0,0.000265,2e-06,198,0.0,3,1,1
narrowdyn,5,A_stock,TIMEOUT,0,0,0,40.1,3.9591,0.2261,401,2.0,0.0,0.0,0.0,0,0.0,14,2,1
narrowdyn,5,C_escape,SUCCESS,1,0,1,25.4,8.9423,0.2261,254,2.0,0.0,0.0,0.0,0,0.4664,14,2,1
narrowdyn,5,D_cbf,COLLISION,0,1,0,6.3,1.6401,-0.0051,63,2.0,0.0,0.014907,0.001237,62,0.0,14,2,1
narrowdyn,5,E_indep,COLLISION,0,1,0,6.3,1.6401,-0.0051,63,2.0,0.0,0.014907,0.001237,62,0.0,14,2,1
narrowdyn,5,F_full,COLLISION,0,1,0,6.3,1.6401,-0.0051,63,2.0,0.0,0.014907,0.001237,62,0.0,14,2,1
narrowdyn,5,Fminus_nogap,COLLISION,0,1,0,6.3,1.6401,-0.0051,63,2.0,0.0,0.014907,0.001237,62,0.0,14,2,1
clutter,5,A_stock,TIMEOUT,0,0,0,40.1,2.7609,0.3125,401,2.0,0.0,0.0,0.0,0,0.0,9,0,1
clutter,5,C_escape,SUCCESS,1,0,1,36.9,8.656,0.3125,369,2.0,0.0,0.0,0.0,0,0.2255,9,0,1
clutter,5,D_cbf,TIMEOUT,0,0,0,40.1,2.7609,0.3125,401,2.0,0.0,0.0,0.0,400,0.0,9,0,1
clutter,5,E_indep,SUCCESS,1,0,1,36.9,8.656,0.3125,369,2.0,0.0,0.0,0.0,368,0.2255,9,0,1
clutter,5,F_full,SUCCESS,1,0,1,36.9,8.656,0.3125,369,6.0,0.2255,0.0,0.0,368,0.2255,9,0,1
clutter,5,Fminus_nogap,TIMEOUT,0,0,0,40.1,2.7255,0.3125,401,6.0,0.7825,0.0,0.0,400,0.7825,9,0,1
clutter,7,A_stock,SUCCESS,1,0,1,14.6,5.4422,0.3302,146,2.0,0.0,0.0,0.0,0,0.0,6,0,1
clutter,7,C_escape,SUCCESS,1,0,1,14.6,5.4422,0.3302,146,2.0,0.0,0.0,0.0,0,0.0,6,0,1
clutter,7,D_cbf,SUCCESS,1,0,1,14.6,5.4422,0.3302,146,2.0,0.0,0.0,0.0,145,0.0,6,0,1
clutter,7,E_indep,SUCCESS,1,0,1,14.6,5.4422,0.3302,146,2.0,0.0,0.0,0.0,145,0.0,6,0,1
clutter,7,F_full,SUCCESS,1,0,1,14.6,5.4422,0.3302,146,2.0,0.0,0.0,0.0,145,0.0,6,0,1
clutter,7,Fminus_nogap,SUCCESS,1,0,1,14.6,5.4422,0.3302,146,2.0,0.0,0.0,0.0,145,0.0,6,0,1
dynamic,7,A_stock,SUCCESS,1,0,1,18.7,7.6934,0.1334,187,2.0,0.0,0.0,0.0,0,0.0,2,2,1
dynamic,7,C_escape,SUCCESS,1,0,1,18.7,7.6934,0.1334,187,2.0,0.0,0.0,0.0,0,0.0,2,2,1
dynamic,7,D_cbf,SUCCESS,1,0,1,18.7,7.6934,0.1334,187,2.0,0.0,1e-06,0.0,186,0.0,2,2,1
dynamic,7,E_indep,SUCCESS,1,0,1,18.7,7.6934,0.1334,187,2.0,0.0,1e-06,0.0,186,0.0,2,2,1
dynamic,7,F_full,SUCCESS,1,0,1,18.7,7.6934,0.1334,187,2.0,0.0,1e-06,0.0,186,0.0,2,2,1
dynamic,7,Fminus_nogap,SUCCESS,1,0,1,18.7,7.6934,0.1334,187,2.0,0.0,1e-06,0.0,186,0.0,2,2,1
narrowdyn,7,A_stock,COLLISION,0,1,0,7.0,2.3896,-0.0085,70,2.0,0.0,0.0,0.0,0,0.0,12,1,1
narrowdyn,7,C_escape,COLLISION,0,1,0,7.0,2.3896,-0.0085,70,2.0,0.0,0.0,0.0,0,0.0,12,1,1
narrowdyn,7,D_cbf,COLLISION,0,1,0,6.9,2.3181,-0.0053,69,2.0,0.0,0.000175,4e-06,68,0.0,12,1,1
narrowdyn,7,E_indep,COLLISION,0,1,0,6.9,2.3181,-0.0053,69,2.0,0.0,0.000175,4e-06,68,0.0,12,1,1
narrowdyn,7,F_full,COLLISION,0,1,0,6.9,2.3181,-0.0053,69,2.0,0.0,0.000175,4e-06,68,0.0,12,1,1
narrowdyn,7,Fminus_nogap,COLLISION,0,1,0,6.9,2.3181,-0.0053,69,2.0,0.0,0.000175,4e-06,68,0.0,12,1,1
clutter,8,A_stock,SUCCESS,1,0,1,14.5,5.401,0.3419,145,2.0,0.0,0.0,0.0,0,0.0,9,0,1
clutter,8,C_escape,SUCCESS,1,0,1,14.5,5.401,0.3419,145,2.0,0.0,0.0,0.0,0,0.0,9,0,1
clutter,8,D_cbf,SUCCESS,1,0,1,14.5,5.401,0.3419,145,2.0,0.0,0.0,0.0,144,0.0,9,0,1
clutter,8,E_indep,SUCCESS,1,0,1,14.5,5.401,0.3419,145,2.0,0.0,0.0,0.0,144,0.0,9,0,1
clutter,8,F_full,SUCCESS,1,0,1,14.5,5.401,0.3419,145,2.0,0.0,0.0,0.0,144,0.0,9,0,1
clutter,8,Fminus_nogap,SUCCESS,1,0,1,14.5,5.401,0.3419,145,2.0,0.0,0.0,0.0,144,0.0,9,0,1
utrap,5,A_stock,TIMEOUT,0,0,0,40.1,2.6325,0.341,401,2.0,0.0,0.0,0.0,0,0.0,12,0,1
utrap,5,C_escape,SUCCESS,1,0,1,28.6,9.1039,0.316,286,2.0,0.0,0.0,0.0,0,0.4526,12,0,1
utrap,5,D_cbf,TIMEOUT,0,0,0,40.1,2.6325,0.341,401,2.0,0.0,0.0,0.0,400,0.0,12,0,1
utrap,5,E_indep,SUCCESS,1,0,1,28.6,9.1039,0.316,286,2.0,0.0,0.0,0.0,285,0.4526,12,0,1
utrap,5,F_full,SUCCESS,1,0,1,28.6,9.1039,0.316,286,6.0,0.4526,0.0,0.0,285,0.4526,12,0,1
utrap,5,Fminus_nogap,TIMEOUT,0,0,0,40.1,2.6167,0.341,401,6.0,0.765,0.0,0.0,400,0.765,12,0,1
utrap,6,A_stock,TIMEOUT,0,0,0,40.1,1.738,0.3395,401,2.0,0.0,0.0,0.0,0,0.0,11,0,1
utrap,6,C_escape,SUCCESS,1,0,1,30.1,6.9634,0.3159,301,2.0,0.0,0.0,0.0,0,0.1533,11,0,1
utrap,6,D_cbf,TIMEOUT,0,0,0,40.1,1.738,0.3395,401,2.0,0.0,0.0,0.0,400,0.0,11,0,1
utrap,6,E_indep,SUCCESS,1,0,1,30.1,6.9634,0.3159,301,2.0,0.0,0.0,0.0,300,0.1533,11,0,1
utrap,6,F_full,SUCCESS,1,0,1,30.1,6.9634,0.3159,301,6.0,0.1533,0.0,0.0,300,0.1533,11,0,1
utrap,6,Fminus_nogap,TIMEOUT,0,0,0,40.1,1.7415,0.3396,401,6.0,0.67,0.0,0.0,400,0.67,11,0,1
dynamic,8,A_stock,SUCCESS,1,0,1,20.8,7.6326,0.2145,208,2.0,0.0,0.0,0.0,0,0.0,4,1,1
dynamic,8,C_escape,SUCCESS,1,0,1,21.2,7.6288,0.2145,212,2.0,0.0,0.0,0.0,0,0.1848,4,1,1
dynamic,8,D_cbf,SUCCESS,1,0,1,20.6,7.5992,0.2143,206,2.0,0.0,0.000969,9e-06,205,0.0,4,1,1
dynamic,8,E_indep,SUCCESS,1,0,1,20.9,7.6462,0.2143,209,2.0,0.0,0.00142,8e-06,208,0.1683,4,1,1
dynamic,8,F_full,SUCCESS,1,0,1,20.9,7.6555,0.2143,209,6.0,0.1683,6.4e-05,0.0,208,0.1683,4,1,1
dynamic,8,Fminus_nogap,SUCCESS,1,0,1,20.6,7.5798,0.2143,206,6.0,0.1561,6.4e-05,0.0,205,0.1561,4,1,1
narrowdyn,6,A_stock,TIMEOUT,0,0,0,40.1,1.738,0.3395,401,2.0,0.0,0.0,0.0,0,0.0,12,1,1
narrowdyn,6,C_escape,SUCCESS,1,0,1,30.1,6.9634,0.3159,301,2.0,0.0,0.0,0.0,0,0.1533,12,1,1
narrowdyn,6,D_cbf,TIMEOUT,0,0,0,40.1,1.738,0.3395,401,2.0,0.0,0.0,0.0,400,0.0,12,1,1
narrowdyn,6,E_indep,SUCCESS,1,0,1,30.1,6.9634,0.3159,301,2.0,0.0,0.0,0.0,300,0.1533,12,1,1
narrowdyn,6,F_full,SUCCESS,1,0,1,30.1,6.9634,0.3159,301,6.0,0.1533,0.0,0.0,300,0.1533,12,1,1
narrowdyn,6,Fminus_nogap,TIMEOUT,0,0,0,40.1,1.7415,0.3396,401,6.0,0.67,0.0,0.0,400,0.67,12,1,1
dynamic,9,A_stock,SUCCESS,1,0,1,17.8,6.0181,0.3089,178,2.0,0.0,0.0,0.0,0,0.0,2,2,1
dynamic,9,C_escape,SUCCESS,1,0,1,17.8,6.0189,0.3089,178,2.0,0.0,0.0,0.0,0,0.0395,2,2,1
dynamic,9,D_cbf,SUCCESS,1,0,1,17.8,5.9839,0.3216,178,2.0,0.0,0.000122,3e-06,177,0.0,2,2,1
dynamic,9,E_indep,SUCCESS,1,0,1,17.7,5.9625,0.3216,177,2.0,0.0,0.000122,3e-06,176,0.0398,2,2,1
dynamic,9,F_full,SUCCESS,1,0,1,17.7,5.9625,0.3216,177,6.0,0.0398,0.000122,3e-06,176,0.0398,2,2,1
dynamic,9,Fminus_nogap,SUCCESS,1,0,1,17.8,5.9822,0.3216,178,6.0,0.0395,0.000122,3e-06,177,0.0395,2,2,1
narrowdyn,8,A_stock,TIMEOUT,0,0,0,40.1,4.817,0.2142,401,2.0,0.0,0.0,0.0,0,0.0,13,2,1
narrowdyn,8,C_escape,SUCCESS,1,0,1,34.9,10.2511,0.2142,349,2.0,0.0,0.0,0.0,0,0.4109,13,2,1
narrowdyn,8,D_cbf,COLLISION,0,1,0,7.5,2.1307,-0.0148,75,2.0,0.0,0.048545,0.001628,74,0.0,13,2,1
narrowdyn,8,E_indep,COLLISION,0,1,0,7.5,2.1307,-0.0148,75,2.0,0.0,0.048545,0.001628,74,0.0405,13,2,1
narrowdyn,8,F_full,COLLISION,0,1,0,7.5,2.1307,-0.0148,75,2.0,0.0,0.048545,0.001628,74,0.0405,13,2,1
narrowdyn,8,Fminus_nogap,COLLISION,0,1,0,7.5,2.1307,-0.0148,75,2.0,0.0,0.048545,0.001628,74,0.0405,13,2,1
utrap,7,A_stock,TIMEOUT,0,0,0,40.1,3.1471,0.3471,401,2.0,0.0,0.0,0.0,0,0.0,11,0,1
utrap,7,C_escape,SUCCESS,1,0,1,37.5,8.7706,0.3199,375,2.0,0.0,0.0,0.0,0,0.4305,11,0,1
utrap,7,D_cbf,TIMEOUT,0,0,0,40.1,3.1471,0.3471,401,2.0,0.0,0.0,0.0,400,0.0,11,0,1
utrap,7,E_indep,SUCCESS,1,0,1,37.5,8.7706,0.3199,375,2.0,0.0,0.0,0.0,374,0.4305,11,0,1
utrap,7,F_full,SUCCESS,1,0,1,37.5,8.7706,0.3199,375,6.0,0.4305,0.0,0.0,374,0.4305,11,0,1
utrap,7,Fminus_nogap,TIMEOUT,0,0,0,40.1,3.1427,0.3457,401,6.0,0.485,0.0,0.0,400,0.485,11,0,1
utrap,8,A_stock,TIMEOUT,0,0,0,40.1,3.4295,0.3335,401,2.0,0.0,0.0,0.0,0,0.0,11,0,1
utrap,8,C_escape,TIMEOUT,0,0,0,40.1,8.6457,0.3207,401,2.0,0.0,0.0,0.0,0,0.52,11,0,1
utrap,8,D_cbf,TIMEOUT,0,0,0,40.1,3.4295,0.3335,401,2.0,0.0,0.0,0.0,400,0.0,11,0,1
utrap,8,E_indep,TIMEOUT,0,0,0,40.1,8.645,0.3208,401,2.0,0.0,0.0,0.0,400,0.52,11,0,1
utrap,8,F_full,TIMEOUT,0,0,0,40.1,8.645,0.3208,401,6.0,0.52,0.0,0.0,400,0.52,11,0,1
utrap,8,Fminus_nogap,TIMEOUT,0,0,0,40.1,3.427,0.3351,401,6.0,0.6475,0.0,0.0,400,0.6475,11,0,1
dynamic,10,A_stock,SUCCESS,1,0,1,22.3,6.7007,0.2124,223,2.0,0.0,0.0,0.0,0,0.0,2,1,1
dynamic,10,C_escape,SUCCESS,1,0,1,21.7,6.4886,0.2124,217,2.0,0.0,0.0,0.0,0,0.1296,2,1,1
dynamic,10,D_cbf,SUCCESS,1,0,1,21.9,6.4935,0.2097,219,2.0,0.0,5.9e-05,0.0,218,0.0,2,1,1
dynamic,10,E_indep,SUCCESS,1,0,1,21.8,6.4617,0.2097,218,2.0,0.0,5.9e-05,0.0,217,0.1336,2,1,1
dynamic,10,F_full,SUCCESS,1,0,1,21.8,6.4617,0.2097,218,6.0,0.1336,5.9e-05,0.0,217,0.1336,2,1,1
dynamic,10,Fminus_nogap,SUCCESS,1,0,1,21.9,6.4912,0.2097,219,6.0,0.1376,5.9e-05,0.0,218,0.1376,2,1,1
utrap,9,A_stock,TIMEOUT,0,0,0,40.1,4.102,0.3021,401,2.0,0.0,0.0,0.0,0,0.0,12,0,1
utrap,9,C_escape,SUCCESS,1,0,1,37.6,9.8161,0.3018,376,2.0,0.0,0.0,0.0,0,0.4693,12,0,1
utrap,9,D_cbf,TIMEOUT,0,0,0,40.1,4.2134,0.3008,401,2.0,0.0,0.0,0.0,400,0.0,12,0,1
utrap,9,E_indep,TIMEOUT,0,0,0,40.1,9.7984,0.2999,401,2.0,0.0,0.0,0.0,400,0.48,12,0,1
utrap,9,F_full,TIMEOUT,0,0,0,40.1,9.7984,0.2999,401,6.0,0.48,0.0,0.0,400,0.48,12,0,1
utrap,9,Fminus_nogap,TIMEOUT,0,0,0,40.1,4.1943,0.3008,401,6.0,0.7375,0.0,0.0,400,0.7375,12,0,1
utrap,10,A_stock,TIMEOUT,0,0,0,40.1,2.7719,0.3228,401,2.0,0.0,0.0,0.0,0,0.0,11,0,1
utrap,10,C_escape,SUCCESS,1,0,1,28.0,9.1162,0.315,280,2.0,0.0,0.0,0.0,0,0.4086,11,0,1
utrap,10,D_cbf,TIMEOUT,0,0,0,40.1,2.7718,0.3228,401,2.0,0.0,0.0,0.0,400,0.0,11,0,1
utrap,10,E_indep,SUCCESS,1,0,1,28.0,9.1162,0.315,280,2.0,0.0,0.0,0.0,279,0.4086,11,0,1
utrap,10,F_full,SUCCESS,1,0,1,28.0,9.1162,0.315,280,6.0,0.4086,0.0,0.0,279,0.4086,11,0,1
utrap,10,Fminus_nogap,TIMEOUT,0,0,0,40.1,2.7224,0.3259,401,6.0,0.66,0.0,0.0,400,0.66,11,0,1
narrowdyn,9,A_stock,TIMEOUT,0,0,0,40.1,4.4808,0.3021,401,2.0,0.0,0.0,0.0,0,0.0,13,1,1
narrowdyn,9,C_escape,SUCCESS,1,0,1,33.9,8.9812,0.3021,339,2.0,0.0,0.0,0.0,0,0.4112,13,1,1
narrowdyn,9,D_cbf,TIMEOUT,0,0,0,40.1,4.2918,0.3005,401,2.0,0.0,0.000181,1e-06,400,0.0,13,1,1
narrowdyn,9,E_indep,SUCCESS,1,0,1,33.9,8.9237,0.3005,339,2.0,0.0,0.000181,2e-06,338,0.4053,13,1,1
narrowdyn,9,F_full,SUCCESS,1,0,1,33.9,8.9237,0.3005,339,6.0,0.4053,0.000181,2e-06,338,0.4053,13,1,1
narrowdyn,9,Fminus_nogap,TIMEOUT,0,0,0,40.1,4.3235,0.3005,401,6.0,0.5975,0.000181,1e-06,400,0.5975,13,1,1
clutter,11,A_stock,SUCCESS,1,0,1,14.7,5.6003,0.3164,147,2.0,0.0,0.0,0.0,0,0.0,8,0,1
clutter,11,C_escape,SUCCESS,1,0,1,14.7,5.6003,0.3164,147,2.0,0.0,0.0,0.0,0,0.0,8,0,1
clutter,11,D_cbf,SUCCESS,1,0,1,14.7,5.6002,0.3164,147,2.0,0.0,0.0,0.0,146,0.0,8,0,1
clutter,11,E_indep,SUCCESS,1,0,1,14.7,5.6002,0.3164,147,2.0,0.0,0.0,0.0,146,0.0,8,0,1
clutter,11,F_full,SUCCESS,1,0,1,14.7,5.6002,0.3164,147,2.0,0.0,0.0,0.0,146,0.0,8,0,1
clutter,11,Fminus_nogap,SUCCESS,1,0,1,14.7,5.6002,0.3164,147,2.0,0.0,0.0,0.0,146,0.0,8,0,1
dynamic,11,A_stock,COLLISION,0,1,0,7.1,2.9904,-0.0007,71,2.0,0.0,0.0,0.0,0,0.0,1,1,1
dynamic,11,C_escape,COLLISION,0,1,0,7.1,2.9904,-0.0007,71,2.0,0.0,0.0,0.0,0,0.0,1,1,1
dynamic,11,D_cbf,COLLISION,0,1,0,7.8,3.3122,-0.0048,78,2.0,0.0,0.000936,1.2e-05,77,0.0,1,1,1
dynamic,11,E_indep,COLLISION,0,1,0,7.8,3.3122,-0.0047,78,2.0,0.0,0.000936,1.2e-05,77,0.013,1,1,1
dynamic,11,F_full,COLLISION,0,1,0,7.8,3.3122,-0.0047,78,2.0,0.0,0.000936,1.2e-05,77,0.013,1,1,1
dynamic,11,Fminus_nogap,COLLISION,0,1,0,7.8,3.3122,-0.0048,78,2.0,0.0,0.000936,1.2e-05,77,0.013,1,1,1
clutter,10,A_stock,TIMEOUT,0,0,0,40.1,3.4815,0.3418,401,2.0,0.0,0.0,0.0,0,0.0,7,0,1
clutter,10,C_escape,TIMEOUT,0,0,0,40.1,4.0175,0.3418,401,2.0,0.0,0.0,0.0,0,0.6675,7,0,1
clutter,10,D_cbf,TIMEOUT,0,0,0,40.1,3.4815,0.3418,401,2.0,0.0,0.0,0.0,400,0.0,7,0,1
clutter,10,E_indep,TIMEOUT,0,0,0,40.1,4.0175,0.3418,401,2.0,0.0,0.0,0.0,400,0.6675,7,0,1
clutter,10,F_full,TIMEOUT,0,0,0,40.1,4.0175,0.3418,401,6.0,0.6675,0.0,0.0,400,0.6675,7,0,1
clutter,10,Fminus_nogap,TIMEOUT,0,0,0,40.1,3.4806,0.3418,401,6.0,0.6675,0.0,0.0,400,0.6675,7,0,1
clutter,9,A_stock,TIMEOUT,0,0,0,40.1,1.9315,0.318,401,2.0,0.0,0.0,0.0,0,0.0,9,0,1
clutter,9,C_escape,TIMEOUT,0,0,0,40.1,1.9117,0.318,401,2.0,0.0,0.0,0.0,0,0.7925,9,0,1
clutter,9,D_cbf,TIMEOUT,0,0,0,40.1,1.9315,0.318,401,2.0,0.0,0.0,0.0,400,0.0,9,0,1
clutter,9,E_indep,TIMEOUT,0,0,0,40.1,1.9117,0.318,401,2.0,0.0,0.0,0.0,400,0.7925,9,0,1
clutter,9,F_full,TIMEOUT,0,0,0,40.1,1.9117,0.318,401,6.0,0.7925,0.0,0.0,400,0.7925,9,0,1
clutter,9,Fminus_nogap,TIMEOUT,0,0,0,40.1,1.9537,0.318,401,6.0,0.7325,0.0,0.0,400,0.7325,9,0,1
dynamic,12,A_stock,SUCCESS,1,0,1,17.6,6.4011,0.1598,176,2.0,0.0,0.0,0.0,0,0.0,2,1,1
dynamic,12,C_escape,SUCCESS,1,0,1,17.7,6.4882,0.1598,177,2.0,0.0,0.0,0.0,0,0.1023,2,1,1
dynamic,12,D_cbf,SUCCESS,1,0,1,22.4,6.4764,0.1572,224,2.0,0.0,0.000204,1e-06,223,0.0,2,1,1
dynamic,12,E_indep,SUCCESS,1,0,1,22.3,6.4696,0.1572,223,2.0,0.0,0.000204,1e-06,222,0.0856,2,1,1
dynamic,12,F_full,SUCCESS,1,0,1,22.3,6.4696,0.1572,223,6.0,0.0856,0.000204,1e-06,222,0.0856,2,1,1
dynamic,12,Fminus_nogap,SUCCESS,1,0,1,22.4,6.4774,0.1572,224,6.0,0.0897,0.000204,1e-06,223,0.0897,2,1,1
narrowdyn,12,A_stock,COLLISION,0,1,0,8.1,2.3907,-0.0142,81,2.0,0.0,0.0,0.0,0,0.0,13,1,1
narrowdyn,12,C_escape,COLLISION,0,1,0,8.1,2.3907,-0.0142,81,2.0,0.0,0.0,0.0,0,0.0,13,1,1
narrowdyn,12,D_cbf,COLLISION,0,1,0,8.3,2.4068,-0.0174,83,2.0,0.0,5e-06,0.0,82,0.0,13,1,1
narrowdyn,12,E_indep,COLLISION,0,1,0,8.3,2.4068,-0.0174,83,2.0,0.0,5e-06,0.0,82,0.0,13,1,1
narrowdyn,12,F_full,COLLISION,0,1,0,8.3,2.4068,-0.0174,83,2.0,0.0,5e-06,0.0,82,0.0,13,1,1
narrowdyn,12,Fminus_nogap,COLLISION,0,1,0,8.3,2.4068,-0.0174,83,2.0,0.0,5e-06,0.0,82,0.0,13,1,1
utrap,11,A_stock,TIMEOUT,0,0,0,40.1,2.4674,0.3373,401,2.0,0.0,0.0,0.0,0,0.0,11,0,1
utrap,11,C_escape,SUCCESS,1,0,1,24.2,7.1949,0.3226,242,2.0,0.0,0.0,0.0,0,0.2158,11,0,1
utrap,11,D_cbf,TIMEOUT,0,0,0,40.1,2.4674,0.3373,401,2.0,0.0,0.0,0.0,400,0.0,11,0,1
utrap,11,E_indep,SUCCESS,1,0,1,24.2,7.1949,0.3226,242,2.0,0.0,0.0,0.0,241,0.2158,11,0,1
utrap,11,F_full,SUCCESS,1,0,1,24.2,7.1949,0.3226,242,6.0,0.2158,0.0,0.0,241,0.2158,11,0,1
utrap,11,Fminus_nogap,TIMEOUT,0,0,0,40.1,2.4348,0.3355,401,6.0,0.6625,0.0,0.0,400,0.6625,11,0,1
narrowdyn,11,A_stock,TIMEOUT,0,0,0,40.1,2.4567,0.3323,401,2.0,0.0,0.0,0.0,0,0.0,12,1,1
narrowdyn,11,C_escape,SUCCESS,1,0,1,26.4,7.9846,0.3386,264,2.0,0.0,0.0,0.0,0,0.3156,12,1,1
narrowdyn,11,D_cbf,TIMEOUT,0,0,0,40.1,2.4567,0.3323,401,2.0,0.0,0.0,0.0,400,0.0,12,1,1
narrowdyn,11,E_indep,SUCCESS,1,0,1,26.4,7.9846,0.3386,264,2.0,0.0,1e-06,0.0,263,0.3156,12,1,1
narrowdyn,11,F_full,SUCCESS,1,0,1,26.4,7.9846,0.3386,264,6.0,0.3156,1e-06,0.0,263,0.3156,12,1,1
narrowdyn,11,Fminus_nogap,TIMEOUT,0,0,0,40.1,2.5108,0.3316,401,6.0,0.5675,0.0,0.0,400,0.5675,12,1,1
dynamic,13,A_stock,COLLISION,0,1,0,6.2,2.472,-0.0024,62,2.0,0.0,0.0,0.0,0,0.0,4,1,1
dynamic,13,C_escape,COLLISION,0,1,0,6.2,2.472,-0.0024,62,2.0,0.0,0.0,0.0,0,0.0,4,1,1
dynamic,13,D_cbf,COLLISION,0,1,0,6.6,2.5985,-0.0052,66,2.0,0.0,0.001452,3.9e-05,65,0.0,4,1,1
dynamic,13,E_indep,COLLISION,0,1,0,6.6,2.5985,-0.0052,66,2.0,0.0,0.001452,3.9e-05,65,0.0,4,1,1
dynamic,13,F_full,COLLISION,0,1,0,6.6,2.5985,-0.0052,66,2.0,0.0,0.001452,3.9e-05,65,0.0,4,1,1
dynamic,13,Fminus_nogap,COLLISION,0,1,0,6.6,2.5985,-0.0052,66,2.0,0.0,0.001452,3.9e-05,65,0.0,4,1,1
narrowdyn,10,A_stock,TIMEOUT,0,0,0,40.1,3.7078,0.2847,401,2.0,0.0,0.0,0.0,0,0.0,13,2,1
narrowdyn,10,C_escape,SUCCESS,1,0,1,28.0,9.5143,0.286,280,2.0,0.0,0.0,0.0,0,0.4624,13,2,1
narrowdyn,10,D_cbf,TIMEOUT,0,0,0,40.1,3.7079,0.2847,401,2.0,0.0,0.0,0.0,400,0.0,13,2,1
narrowdyn,10,E_indep,SUCCESS,1,0,1,28.0,9.5143,0.286,280,2.0,0.0,1e-06,0.0,279,0.4624,13,2,1
narrowdyn,10,F_full,SUCCESS,1,0,1,28.0,9.5143,0.286,280,6.0,0.4624,1e-06,0.0,279,0.4624,13,2,1
narrowdyn,10,Fminus_nogap,TIMEOUT,0,0,0,40.1,3.6929,0.2852,401,6.0,0.6975,0.0,0.0,400,0.6975,13,2,1
utrap,12,A_stock,TIMEOUT,0,0,0,40.1,2.8748,0.3547,401,2.0,0.0,0.0,0.0,0,0.0,12,0,1
utrap,12,C_escape,SUCCESS,1,0,1,29.3,8.5463,0.3094,293,2.0,0.0,0.0,0.0,0,0.3664,12,0,1
utrap,12,D_cbf,TIMEOUT,0,0,0,40.1,2.8748,0.3547,401,2.0,0.0,0.0,0.0,400,0.0,12,0,1
utrap,12,E_indep,SUCCESS,1,0,1,29.3,8.5464,0.3094,293,2.0,0.0,0.0,0.0,292,0.3664,12,0,1
utrap,12,F_full,SUCCESS,1,0,1,29.3,8.5464,0.3094,293,6.0,0.3664,0.0,0.0,292,0.3664,12,0,1
utrap,12,Fminus_nogap,TIMEOUT,0,0,0,40.1,2.8788,0.3547,401,6.0,0.7125,0.0,0.0,400,0.7125,12,0,1
clutter,12,A_stock,TIMEOUT,0,0,0,40.1,4.3619,0.335,401,2.0,0.0,0.0,0.0,0,0.0,7,0,1
clutter,12,C_escape,TIMEOUT,0,0,0,40.1,4.3577,0.3363,401,2.0,0.0,0.0,0.0,0,0.585,7,0,1
clutter,12,D_cbf,TIMEOUT,0,0,0,40.1,4.3619,0.335,401,2.0,0.0,0.0,0.0,400,0.0,7,0,1
clutter,12,E_indep,TIMEOUT,0,0,0,40.1,4.3577,0.3363,401,2.0,0.0,0.0,0.0,400,0.585,7,0,1
clutter,12,F_full,TIMEOUT,0,0,0,40.1,4.3577,0.3363,401,6.0,0.585,0.0,0.0,400,0.585,7,0,1
clutter,12,Fminus_nogap,TIMEOUT,0,0,0,40.1,4.3553,0.3363,401,6.0,0.585,0.0,0.0,400,0.585,7,0,1
utrap,13,A_stock,TIMEOUT,0,0,0,40.1,2.5973,0.3377,401,2.0,0.0,0.0,0.0,0,0.0,10,0,1
utrap,13,C_escape,SUCCESS,1,0,1,32.6,7.4967,0.3185,326,2.0,0.0,0.0,0.0,0,0.2462,10,0,1
utrap,13,D_cbf,TIMEOUT,0,0,0,40.1,2.5973,0.3377,401,2.0,0.0,0.0,0.0,400,0.0,10,0,1
utrap,13,E_indep,SUCCESS,1,0,1,32.6,7.4967,0.3185,326,2.0,0.0,0.0,0.0,325,0.2462,10,0,1
utrap,13,F_full,SUCCESS,1,0,1,32.6,7.4967,0.3185,326,6.0,0.2462,0.0,0.0,325,0.2462,10,0,1
utrap,13,Fminus_nogap,TIMEOUT,0,0,0,40.1,2.595,0.3408,401,6.0,0.79,0.0,0.0,400,0.79,10,0,1
clutter,13,A_stock,TIMEOUT,0,0,0,40.1,3.9625,0.3323,401,2.0,0.0,0.0,0.0,0,0.0,5,0,1
clutter,13,C_escape,TIMEOUT,0,0,0,40.1,3.9342,0.3323,401,2.0,0.0,0.0,0.0,0,0.6425,5,0,1
clutter,13,D_cbf,TIMEOUT,0,0,0,40.1,3.9625,0.3323,401,2.0,0.0,0.0,0.0,400,0.0,5,0,1
clutter,13,E_indep,TIMEOUT,0,0,0,40.1,3.9342,0.3323,401,2.0,0.0,0.0,0.0,400,0.6425,5,0,1
clutter,13,F_full,TIMEOUT,0,0,0,40.1,3.9342,0.3323,401,6.0,0.6425,0.0,0.0,400,0.6425,5,0,1
clutter,13,Fminus_nogap,TIMEOUT,0,0,0,40.1,3.9431,0.3323,401,6.0,0.6425,0.0,0.0,400,0.6425,5,0,1
dynamic,14,A_stock,SUCCESS,1,0,1,27.1,8.9676,0.0425,271,2.0,0.0,0.0,0.0,0,0.0,2,1,1
dynamic,14,C_escape,TIMEOUT,0,0,0,40.1,17.854,0.0425,401,2.0,0.0,0.0,0.0,0,0.68,2,1,1
dynamic,14,D_cbf,SUCCESS,1,0,1,31.1,12.9804,0.0681,311,2.0,0.0,0.001099,4e-06,310,0.0,2,1,1
dynamic,14,E_indep,TIMEOUT,0,0,0,40.1,15.1666,0.0681,401,2.0,0.0,0.001099,3e-06,400,0.7875,2,1,1
dynamic,14,F_full,TIMEOUT,0,0,0,40.1,15.1666,0.0681,401,6.0,0.7875,0.001099,3e-06,400,0.7875,2,1,1
dynamic,14,Fminus_nogap,SUCCESS,1,0,1,31.4,12.9303,0.0681,314,6.0,0.4952,0.001099,4e-06,313,0.4952,2,1,1
narrowdyn,13,A_stock,TIMEOUT,0,0,0,40.1,2.5973,0.3377,401,2.0,0.0,0.0,0.0,0,0.0,12,2,1
narrowdyn,13,C_escape,SUCCESS,1,0,1,32.7,7.5252,0.3244,327,2.0,0.0,0.0,0.0,0,0.2515,12,2,1
narrowdyn,13,D_cbf,TIMEOUT,0,0,0,40.1,2.5973,0.3377,401,2.0,0.0,0.0,0.0,400,0.0,12,2,1
narrowdyn,13,E_indep,SUCCESS,1,0,1,32.7,7.5252,0.3244,327,2.0,0.0,1e-06,0.0,326,0.2515,12,2,1
narrowdyn,13,F_full,SUCCESS,1,0,1,32.7,7.5252,0.3244,327,6.0,0.2515,1e-06,0.0,326,0.2515,12,2,1
narrowdyn,13,Fminus_nogap,TIMEOUT,0,0,0,40.1,2.595,0.3408,401,6.0,0.79,0.0,0.0,400,0.79,12,2,1
clutter,15,A_stock,SUCCESS,1,0,1,17.0,6.4318,0.3314,170,2.0,0.0,0.0,0.0,0,0.0,7,0,1
clutter,15,C_escape,SUCCESS,1,0,1,17.0,6.4318,0.3314,170,2.0,0.0,0.0,0.0,0,0.0,7,0,1
clutter,15,D_cbf,SUCCESS,1,0,1,17.0,6.4318,0.3314,170,2.0,0.0,0.0,0.0,169,0.0,7,0,1
clutter,15,E_indep,SUCCESS,1,0,1,17.0,6.4318,0.3314,170,2.0,0.0,0.0,0.0,169,0.0,7,0,1
clutter,15,F_full,SUCCESS,1,0,1,17.0,6.4318,0.3314,170,2.0,0.0,0.0,0.0,169,0.0,7,0,1
clutter,15,Fminus_nogap,SUCCESS,1,0,1,17.0,6.4318,0.3314,170,2.0,0.0,0.0,0.0,169,0.0,7,0,1
utrap,14,A_stock,TIMEOUT,0,0,0,40.1,2.724,0.322,401,2.0,0.0,0.0,0.0,0,0.0,12,0,1
utrap,14,C_escape,SUCCESS,1,0,1,35.8,8.1197,0.3312,358,2.0,0.0,0.0,0.0,0,0.2941,12,0,1
utrap,14,D_cbf,TIMEOUT,0,0,0,40.1,2.724,0.322,401,2.0,0.0,0.0,0.0,400,0.0,12,0,1
utrap,14,E_indep,SUCCESS,1,0,1,35.8,8.1197,0.3312,358,2.0,0.0,0.0,0.0,357,0.2941,12,0,1
utrap,14,F_full,SUCCESS,1,0,1,35.8,8.1197,0.3312,358,6.0,0.2941,0.0,0.0,357,0.2941,12,0,1
utrap,14,Fminus_nogap,TIMEOUT,0,0,0,40.1,2.7558,0.3248,401,6.0,0.76,0.0,0.0,400,0.76,12,0,1
clutter,14,A_stock,TIMEOUT,0,0,0,40.1,3.4578,0.3457,401,2.0,0.0,0.0,0.0,0,0.0,8,0,1
clutter,14,C_escape,TIMEOUT,0,0,0,40.1,3.3935,0.3419,401,2.0,0.0,0.0,0.0,0,0.5275,8,0,1
clutter,14,D_cbf,TIMEOUT,0,0,0,40.1,3.4578,0.3457,401,2.0,0.0,0.0,0.0,400,0.0,8,0,1
clutter,14,E_indep,TIMEOUT,0,0,0,40.1,3.3935,0.3419,401,2.0,0.0,0.0,0.0,400,0.5275,8,0,1
clutter,14,F_full,TIMEOUT,0,0,0,40.1,3.3935,0.3419,401,6.0,0.5275,0.0,0.0,400,0.5275,8,0,1
clutter,14,Fminus_nogap,TIMEOUT,0,0,0,40.1,3.4702,0.3524,401,6.0,0.635,0.0,0.0,400,0.635,8,0,1
dynamic,15,A_stock,SUCCESS,1,0,1,28.9,9.0481,0.1205,289,2.0,0.0,0.0,0.0,0,0.0,3,2,1
dynamic,15,C_escape,SUCCESS,1,0,1,27.3,8.2687,0.1205,273,2.0,0.0,0.0,0.0,0,0.2096,3,2,1
dynamic,15,D_cbf,SUCCESS,1,0,1,21.3,7.8487,0.1091,213,2.0,0.0,6.6e-05,1e-06,212,0.0,3,2,1
dynamic,15,E_indep,SUCCESS,1,0,1,20.7,7.8097,0.1091,207,2.0,0.0,6.6e-05,1e-06,206,0.199,3,2,1
dynamic,15,F_full,SUCCESS,1,0,1,20.7,7.8097,0.1091,207,6.0,0.199,6.6e-05,1e-06,206,0.199,3,2,1
dynamic,15,Fminus_nogap,SUCCESS,1,0,1,21.4,7.8632,0.1091,214,6.0,0.2207,6.6e-05,1e-06,213,0.2207,3,2,1
clutter,16,A_stock,SUCCESS,1,0,1,19.0,6.8249,0.3163,190,2.0,0.0,0.0,0.0,0,0.0,7,0,1
clutter,16,C_escape,SUCCESS,1,0,1,19.0,6.8249,0.3163,190,2.0,0.0,0.0,0.0,0,0.0,7,0,1
clutter,16,D_cbf,SUCCESS,1,0,1,19.0,6.8249,0.3163,190,2.0,0.0,0.0,0.0,189,0.0,7,0,1
clutter,16,E_indep,SUCCESS,1,0,1,19.0,6.8249,0.3163,190,2.0,0.0,0.0,0.0,189,0.0,7,0,1
clutter,16,F_full,SUCCESS,1,0,1,19.0,6.8249,0.3163,190,2.0,0.0,0.0,0.0,189,0.0,7,0,1
clutter,16,Fminus_nogap,SUCCESS,1,0,1,19.0,6.8249,0.3163,190,2.0,0.0,0.0,0.0,189,0.0,7,0,1
dynamic,16,A_stock,SUCCESS,1,0,1,29.9,8.9465,0.2427,299,2.0,0.0,0.0,0.0,0,0.0,1,1,1
dynamic,16,C_escape,SUCCESS,1,0,1,25.7,7.5369,0.2427,257,2.0,0.0,0.0,0.0,0,0.1055,1,1,1
dynamic,16,D_cbf,SUCCESS,1,0,1,29.7,8.9639,0.2458,297,2.0,0.0,6.6e-05,0.0,296,0.0,1,1,1
dynamic,16,E_indep,SUCCESS,1,0,1,25.7,7.5081,0.2458,257,2.0,0.0,6.6e-05,0.0,256,0.1016,1,1,1
dynamic,16,F_full,SUCCESS,1,0,1,25.7,7.5081,0.2458,257,6.0,0.1016,6.6e-05,0.0,256,0.1016,1,1,1
dynamic,16,Fminus_nogap,SUCCESS,1,0,1,29.4,8.7556,0.2458,294,6.0,0.2048,6.6e-05,0.0,293,0.2048,1,1,1
narrowdyn,14,A_stock,TIMEOUT,0,0,0,40.1,2.724,0.322,401,2.0,0.0,0.0,0.0,0,0.0,14,2,1
narrowdyn,14,C_escape,SUCCESS,1,0,1,35.8,8.1233,0.3312,358,2.0,0.0,0.0,0.0,0,0.2941,14,2,1
narrowdyn,14,D_cbf,TIMEOUT,0,0,0,40.1,2.724,0.322,401,2.0,0.0,0.0,0.0,400,0.0,14,2,1
narrowdyn,14,E_indep,SUCCESS,1,0,1,35.8,8.1233,0.3312,358,2.0,0.0,1e-06,0.0,357,0.2941,14,2,1
narrowdyn,14,F_full,SUCCESS,1,0,1,35.8,8.1233,0.3312,358,6.0,0.2941,1e-06,0.0,357,0.2941,14,2,1
narrowdyn,14,Fminus_nogap,TIMEOUT,0,0,0,40.1,2.7558,0.3248,401,6.0,0.76,0.0,0.0,400,0.76,14,2,1
clutter,17,A_stock,SUCCESS,1,0,1,15.2,5.8535,0.3422,152,2.0,0.0,0.0,0.0,0,0.0,5,0,1
clutter,17,C_escape,SUCCESS,1,0,1,15.2,5.8535,0.3422,152,2.0,0.0,0.0,0.0,0,0.0,5,0,1
clutter,17,D_cbf,SUCCESS,1,0,1,15.2,5.8535,0.3422,152,2.0,0.0,0.0,0.0,151,0.0,5,0,1
clutter,17,E_indep,SUCCESS,1,0,1,15.2,5.8535,0.3422,152,2.0,0.0,0.0,0.0,151,0.0,5,0,1
clutter,17,F_full,SUCCESS,1,0,1,15.2,5.8535,0.3422,152,2.0,0.0,0.0,0.0,151,0.0,5,0,1
clutter,17,Fminus_nogap,SUCCESS,1,0,1,15.2,5.8535,0.3422,152,2.0,0.0,0.0,0.0,151,0.0,5,0,1
dynamic,17,A_stock,SUCCESS,1,0,1,21.0,6.3553,0.2389,210,2.0,0.0,0.0,0.0,0,0.0,3,1,1
dynamic,17,C_escape,SUCCESS,1,0,1,21.2,6.5423,0.2389,212,2.0,0.0,0.0,0.0,0,0.0806,3,1,1
dynamic,17,D_cbf,SUCCESS,1,0,1,21.1,6.384,0.2393,211,2.0,0.0,7.2e-05,0.0,210,0.0,3,1,1
dynamic,17,E_indep,SUCCESS,1,0,1,21.3,6.5692,0.2393,213,2.0,0.0,7.2e-05,0.0,212,0.0849,3,1,1
dynamic,17,F_full,SUCCESS,1,0,1,21.3,6.5692,0.2393,213,6.0,0.0849,7.2e-05,0.0,212,0.0849,3,1,1
dynamic,17,Fminus_nogap,SUCCESS,1,0,1,21.1,6.3845,0.2393,211,6.0,0.0714,7.2e-05,0.0,210,0.0714,3,1,1
utrap,15,A_stock,TIMEOUT,0,0,0,40.1,3.289,0.3265,401,2.0,0.0,0.0,0.0,0,0.0,11,0,1
utrap,15,C_escape,TIMEOUT,0,0,0,40.1,9.671,0.3217,401,2.0,0.0,0.0,0.0,0,0.51,11,0,1
utrap,15,D_cbf,TIMEOUT,0,0,0,40.1,3.289,0.3265,401,2.0,0.0,0.0,0.0,400,0.0,11,0,1
utrap,15,E_indep,TIMEOUT,0,0,0,40.1,9.671,0.3217,401,2.0,0.0,0.0,0.0,400,0.51,11,0,1
utrap,15,F_full,TIMEOUT,0,0,0,40.1,9.671,0.3217,401,6.0,0.51,0.0,0.0,400,0.51,11,0,1
utrap,15,Fminus_nogap,TIMEOUT,0,0,0,40.1,3.2818,0.3265,401,6.0,0.5875,0.0,0.0,400,0.5875,11,0,1
utrap,17,A_stock,TIMEOUT,0,0,0,40.1,2.6351,0.3135,401,2.0,0.0,0.0,0.0,0,0.0,10,0,1
utrap,17,C_escape,SUCCESS,1,0,1,25.8,7.0608,0.3135,258,2.0,0.0,0.0,0.0,0,0.2335,10,0,1
utrap,17,D_cbf,TIMEOUT,0,0,0,40.1,2.6351,0.3135,401,2.0,0.0,0.0,0.0,400,0.0,10,0,1
utrap,17,E_indep,SUCCESS,1,0,1,25.8,7.0608,0.3135,258,2.0,0.0,0.0,0.0,257,0.2335,10,0,1
utrap,17,F_full,SUCCESS,1,0,1,25.8,7.0608,0.3135,258,6.0,0.2335,0.0,0.0,257,0.2335,10,0,1
utrap,17,Fminus_nogap,TIMEOUT,0,0,0,40.1,2.645,0.3135,401,6.0,0.6725,0.0,0.0,400,0.6725,10,0,1
utrap,16,A_stock,TIMEOUT,0,0,0,40.1,3.1315,0.3239,401,2.0,0.0,0.0,0.0,0,0.0,11,0,1
utrap,16,C_escape,SUCCESS,1,0,1,26.7,8.6839,0.3155,267,2.0,0.0,0.0,0.0,0,0.4286,11,0,1
utrap,16,D_cbf,TIMEOUT,0,0,0,40.1,3.1316,0.3239,401,2.0,0.0,0.0,0.0,400,0.0,11,0,1
utrap,16,E_indep,SUCCESS,1,0,1,26.7,8.6839,0.3155,267,2.0,0.0,0.0,0.0,266,0.4286,11,0,1
utrap,16,F_full,SUCCESS,1,0,1,26.7,8.6839,0.3155,267,6.0,0.4286,0.0,0.0,266,0.4286,11,0,1
utrap,16,Fminus_nogap,TIMEOUT,0,0,0,40.1,3.0768,0.3239,401,6.0,0.7725,0.0,0.0,400,0.7725,11,0,1
dynamic,18,A_stock,COLLISION,0,1,0,5.8,2.2322,-0.0142,58,2.0,0.0,0.0,0.0,0,0.0,2,1,1
dynamic,18,C_escape,COLLISION,0,1,0,5.8,2.2322,-0.0142,58,2.0,0.0,0.0,0.0,0,0.0,2,1,1
dynamic,18,D_cbf,COLLISION,0,1,0,6.0,2.2533,-0.0073,60,2.0,0.0,0.001015,2.9e-05,59,0.0,2,1,1
dynamic,18,E_indep,COLLISION,0,1,0,6.0,2.2533,-0.0073,60,2.0,0.0,0.001015,2.9e-05,59,0.0,2,1,1
dynamic,18,F_full,COLLISION,0,1,0,6.0,2.2533,-0.0073,60,2.0,0.0,0.001015,2.9e-05,59,0.0,2,1,1
dynamic,18,Fminus_nogap,COLLISION,0,1,0,6.0,2.2533,-0.0073,60,2.0,0.0,0.001015,2.9e-05,59,0.0,2,1,1
narrowdyn,15,A_stock,TIMEOUT,0,0,0,40.1,3.4911,0.301,401,2.0,0.0,0.0,0.0,0,0.0,12,1,1
narrowdyn,15,C_escape,SUCCESS,1,0,1,33.0,8.6754,0.301,330,2.0,0.0,0.0,0.0,0,0.3951,12,1,1
narrowdyn,15,D_cbf,TIMEOUT,0,0,0,40.1,3.5354,0.3131,401,2.0,0.0,0.000107,1e-06,400,0.0,12,1,1
narrowdyn,15,E_indep,SUCCESS,1,0,1,33.0,8.6561,0.3131,330,2.0,0.0,0.000107,1e-06,329,0.3951,12,1,1
narrowdyn,15,F_full,SUCCESS,1,0,1,33.0,8.6561,0.3131,330,6.0,0.3951,0.000107,1e-06,329,0.3951,12,1,1
narrowdyn,15,Fminus_nogap,TIMEOUT,0,0,0,40.1,3.4518,0.3131,401,6.0,0.575,0.000107,1e-06,400,0.575,12,1,1
narrowdyn,16,A_stock,TIMEOUT,0,0,0,40.1,3.9914,0.2165,401,2.0,0.0,0.0,0.0,0,0.0,13,2,1
narrowdyn,16,C_escape,SUCCESS,1,0,1,24.5,8.4971,0.2165,245,2.0,0.0,0.0,0.0,0,0.4508,13,2,1
narrowdyn,16,D_cbf,TIMEOUT,0,0,0,40.1,4.2397,0.0901,401,2.0,0.0,0.008846,4e-05,400,0.0,13,2,1
narrowdyn,16,E_indep,SUCCESS,1,0,1,24.5,8.6723,0.0902,245,2.0,0.0,0.008846,6.5e-05,244,0.4508,13,2,1
narrowdyn,16,F_full,SUCCESS,1,0,1,24.5,8.6723,0.0902,245,6.0,0.4467,0.008846,6.5e-05,244,0.4508,13,2,1
narrowdyn,16,Fminus_nogap,TIMEOUT,0,0,0,40.1,4.2322,0.0901,401,6.0,0.6925,0.008846,4e-05,400,0.695,13,2,1
narrowdyn,17,A_stock,TIMEOUT,0,0,0,40.1,3.46,0.2768,401,2.0,0.0,0.0,0.0,0,0.0,12,2,1
narrowdyn,17,C_escape,SUCCESS,1,0,1,21.7,7.0218,0.2768,217,2.0,0.0,0.0,0.0,0,0.2593,12,2,1
narrowdyn,17,D_cbf,TIMEOUT,0,0,0,40.1,3.46,0.2768,401,2.0,0.0,1e-06,0.0,400,0.0,12,2,1
narrowdyn,17,E_indep,SUCCESS,1,0,1,21.7,7.0218,0.2768,217,2.0,0.0,1e-06,0.0,216,0.2593,12,2,1
narrowdyn,17,F_full,SUCCESS,1,0,1,21.7,7.0218,0.2768,217,6.0,0.2593,1e-06,0.0,216,0.2593,12,2,1
narrowdyn,17,Fminus_nogap,TIMEOUT,0,0,0,40.1,3.4723,0.2768,401,6.0,0.705,1e-06,0.0,400,0.705,12,2,1
clutter,18,A_stock,TIMEOUT,0,0,0,40.1,4.8636,0.3543,401,2.0,0.0,0.0,0.0,0,0.0,8,0,1
clutter,18,C_escape,SUCCESS,1,0,1,28.6,8.667,0.3375,286,2.0,0.0,0.0,0.0,0,0.1825,8,0,1
clutter,18,D_cbf,TIMEOUT,0,0,0,40.1,4.8636,0.3543,401,2.0,0.0,0.0,0.0,400,0.0,8,0,1
clutter,18,E_indep,SUCCESS,1,0,1,28.6,8.6663,0.3393,286,2.0,0.0,0.0,0.0,285,0.1825,8,0,1
clutter,18,F_full,SUCCESS,1,0,1,28.6,8.6663,0.3393,286,6.0,0.1825,0.0,0.0,285,0.1825,8,0,1
clutter,18,Fminus_nogap,TIMEOUT,0,0,0,40.1,4.8376,0.3543,401,6.0,0.5475,0.0,0.0,400,0.5475,8,0,1
narrowdyn,18,A_stock,TIMEOUT,0,0,0,40.1,5.414,0.1325,401,2.0,0.0,0.0,0.0,0,0.0,12,2,1
narrowdyn,18,C_escape,SUCCESS,1,0,1,36.0,10.0491,0.1325,360,2.0,0.0,0.0,0.0,0,0.4123,12,2,1
narrowdyn,18,D_cbf,COLLISION,0,1,0,8.0,2.4418,-0.0237,80,2.0,0.0,0.468653,0.032837,79,0.0,12,2,1
narrowdyn,18,E_indep,COLLISION,0,1,0,8.0,2.4418,-0.0237,80,2.0,0.0,0.468653,0.032837,79,0.0,12,2,1
narrowdyn,18,F_full,COLLISION,0,1,0,8.0,2.4418,-0.0237,80,2.0,0.0,0.468653,0.032837,79,0.0,12,2,1
narrowdyn,18,Fminus_nogap,COLLISION,0,1,0,8.0,2.4418,-0.0237,80,2.0,0.0,0.468653,0.032837,79,0.0,12,2,1
dynamic,19,A_stock,SUCCESS,1,0,1,20.6,5.7579,0.2615,206,2.0,0.0,0.0,0.0,0,0.0,2,2,1
dynamic,19,C_escape,SUCCESS,1,0,1,21.3,5.9563,0.2615,213,2.0,0.0,0.0,0.0,0,0.1934,2,2,1
dynamic,19,D_cbf,SUCCESS,1,0,1,20.8,5.6235,0.1468,208,2.0,0.0,0.009953,0.000205,207,0.0,2,2,1
dynamic,19,E_indep,SUCCESS,1,0,1,21.6,5.8108,0.1468,216,2.0,0.0,0.009953,0.000193,215,0.1907,2,2,1
dynamic,19,F_full,SUCCESS,1,0,1,21.5,5.8289,0.1468,215,6.0,0.1869,0.009953,0.00022,214,0.1869,2,2,1
dynamic,19,Fminus_nogap,SUCCESS,1,0,1,20.9,5.6263,0.1468,209,6.0,0.1635,0.009953,0.000231,208,0.1635,2,2,1
utrap,18,A_stock,TIMEOUT,0,0,0,40.1,3.6545,0.3204,401,2.0,0.0,0.0,0.0,0,0.0,10,0,1
utrap,18,C_escape,SUCCESS,1,0,1,29.4,9.483,0.309,294,2.0,0.0,0.0,0.0,0,0.3106,10,0,1
utrap,18,D_cbf,TIMEOUT,0,0,0,40.1,3.6545,0.3204,401,2.0,0.0,0.0,0.0,400,0.0,10,0,1
utrap,18,E_indep,SUCCESS,1,0,1,29.4,9.483,0.309,294,2.0,0.0,0.0,0.0,293,0.3106,10,0,1
utrap,18,F_full,SUCCESS,1,0,1,29.4,9.483,0.309,294,6.0,0.3106,0.0,0.0,293,0.3106,10,0,1
utrap,18,Fminus_nogap,TIMEOUT,0,0,0,40.1,3.639,0.3204,401,6.0,0.6975,0.0,0.0,400,0.6975,10,0,1
clutter,20,A_stock,SUCCESS,1,0,1,16.1,6.2549,0.3352,161,2.0,0.0,0.0,0.0,0,0.0,8,0,1
clutter,20,C_escape,SUCCESS,1,0,1,16.1,6.2549,0.3352,161,2.0,0.0,0.0,0.0,0,0.0,8,0,1
clutter,20,D_cbf,SUCCESS,1,0,1,16.1,6.2549,0.3352,161,2.0,0.0,0.0,0.0,160,0.0,8,0,1
clutter,20,E_indep,SUCCESS,1,0,1,16.1,6.2549,0.3352,161,2.0,0.0,0.0,0.0,160,0.0,8,0,1
clutter,20,F_full,SUCCESS,1,0,1,16.1,6.2549,0.3352,161,2.0,0.0,0.0,0.0,160,0.0,8,0,1
clutter,20,Fminus_nogap,SUCCESS,1,0,1,16.1,6.2549,0.3352,161,2.0,0.0,0.0,0.0,160,0.0,8,0,1
dynamic,20,A_stock,SUCCESS,1,0,1,20.1,7.4077,0.0534,201,2.0,0.0,0.0,0.0,0,0.0,4,2,1
dynamic,20,C_escape,SUCCESS,1,0,1,20.3,7.5553,0.0534,203,2.0,0.0,0.0,0.0,0,0.2228,4,2,1
dynamic,20,D_cbf,SUCCESS,1,0,1,20.4,7.6139,0.0605,204,2.0,0.0,0.004279,7.3e-05,203,0.0,4,2,1
dynamic,20,E_indep,SUCCESS,1,0,1,20.7,7.6533,0.0605,207,2.0,0.0,0.006884,0.000125,206,0.233,4,2,1
dynamic,20,F_full,SUCCESS,1,0,1,20.7,7.6876,0.0605,207,6.0,0.199,0.00615,9.4e-05,206,0.233,4,2,1
dynamic,20,Fminus_nogap,SUCCESS,1,0,1,20.0,7.6296,0.0605,200,6.0,0.206,0.00019,2e-06,199,0.206,4,2,1
utrap,19,A_stock,TIMEOUT,0,0,0,40.1,2.3277,0.354,401,2.0,0.0,0.0,0.0,0,0.0,9,0,1
utrap,19,C_escape,SUCCESS,1,0,1,35.2,7.0019,0.3295,352,2.0,0.0,0.0,0.0,0,0.2792,9,0,1
utrap,19,D_cbf,TIMEOUT,0,0,0,40.1,2.3277,0.354,401,2.0,0.0,0.0,0.0,400,0.0,9,0,1
utrap,19,E_indep,SUCCESS,1,0,1,35.2,7.0019,0.3295,352,2.0,0.0,0.0,0.0,351,0.2792,9,0,1
utrap,19,F_full,SUCCESS,1,0,1,35.2,7.0019,0.3295,352,6.0,0.2792,0.0,0.0,351,0.2792,9,0,1
utrap,19,Fminus_nogap,TIMEOUT,0,0,0,40.1,2.335,0.3564,401,6.0,0.645,0.0,0.0,400,0.645,9,0,1
clutter,21,A_stock,SUCCESS,1,0,1,15.7,6.0458,0.6896,157,2.0,0.0,0.0,0.0,0,0.0,6,0,1
clutter,21,C_escape,SUCCESS,1,0,1,15.7,6.0458,0.6896,157,2.0,0.0,0.0,0.0,0,0.0,6,0,1
clutter,21,D_cbf,SUCCESS,1,0,1,15.7,6.0458,0.6896,157,2.0,0.0,0.0,0.0,156,0.0,6,0,1
clutter,21,E_indep,SUCCESS,1,0,1,15.7,6.0458,0.6896,157,2.0,0.0,0.0,0.0,156,0.0,6,0,1
clutter,21,F_full,SUCCESS,1,0,1,15.7,6.0458,0.6896,157,2.0,0.0,0.0,0.0,156,0.0,6,0,1
clutter,21,Fminus_nogap,SUCCESS,1,0,1,15.7,6.0458,0.6896,157,2.0,0.0,0.0,0.0,156,0.0,6,0,1
utrap,20,A_stock,TIMEOUT,0,0,0,40.1,2.4051,0.3184,401,2.0,0.0,0.0,0.0,0,0.0,10,0,1
utrap,20,C_escape,SUCCESS,1,0,1,30.1,7.0722,0.3121,301,2.0,0.0,0.0,0.0,0,0.2267,10,0,1
utrap,20,D_cbf,TIMEOUT,0,0,0,40.1,2.4051,0.3184,401,2.0,0.0,0.0,0.0,400,0.0,10,0,1
utrap,20,E_indep,SUCCESS,1,0,1,30.1,7.0722,0.3121,301,2.0,0.0,0.0,0.0,300,0.2267,10,0,1
utrap,20,F_full,SUCCESS,1,0,1,30.1,7.0722,0.3121,301,6.0,0.2267,0.0,0.0,300,0.2267,10,0,1
utrap,20,Fminus_nogap,TIMEOUT,0,0,0,40.1,2.4021,0.3184,401,6.0,0.65,0.0,0.0,400,0.65,10,0,1
dynamic,21,A_stock,SUCCESS,1,0,1,22.1,8.0792,0.1365,221,2.0,0.0,0.0,0.0,0,0.0,2,2,1
dynamic,21,C_escape,SUCCESS,1,0,1,23.2,8.5397,0.1365,232,2.0,0.0,0.0,0.0,0,0.2165,2,2,1
dynamic,21,D_cbf,SUCCESS,1,0,1,22.1,8.0792,0.1365,221,2.0,0.0,1e-06,0.0,220,0.0,2,2,1
dynamic,21,E_indep,SUCCESS,1,0,1,23.2,8.5397,0.1365,232,2.0,0.0,1e-06,0.0,231,0.2165,2,2,1
dynamic,21,F_full,SUCCESS,1,0,1,23.2,8.5397,0.1365,232,6.0,0.2165,1e-06,0.0,231,0.2165,2,2,1
dynamic,21,Fminus_nogap,SUCCESS,1,0,1,22.1,8.0836,0.1365,221,6.0,0.1727,1e-06,0.0,220,0.1727,2,2,1
narrowdyn,19,A_stock,TIMEOUT,0,0,0,40.1,2.3277,0.354,401,2.0,0.0,0.0,0.0,0,0.0,10,1,1
narrowdyn,19,C_escape,SUCCESS,1,0,1,35.2,7.0019,0.3295,352,2.0,0.0,0.0,0.0,0,0.2792,10,1,1
narrowdyn,19,D_cbf,TIMEOUT,0,0,0,40.1,2.3277,0.354,401,2.0,0.0,0.0,0.0,400,0.0,10,1,1
narrowdyn,19,E_indep,SUCCESS,1,0,1,35.2,7.0019,0.3295,352,2.0,0.0,0.0,0.0,351,0.2792,10,1,1
narrowdyn,19,F_full,SUCCESS,1,0,1,35.2,7.0019,0.3295,352,6.0,0.2792,0.0,0.0,351,0.2792,10,1,1
narrowdyn,19,Fminus_nogap,TIMEOUT,0,0,0,40.1,2.335,0.3564,401,6.0,0.645,0.0,0.0,400,0.645,10,1,1
narrowdyn,20,A_stock,TIMEOUT,0,0,0,40.1,2.4051,0.3184,401,2.0,0.0,0.0,0.0,0,0.0,11,1,1
narrowdyn,20,C_escape,SUCCESS,1,0,1,30.1,7.0722,0.3121,301,2.0,0.0,0.0,0.0,0,0.2267,11,1,1
narrowdyn,20,D_cbf,TIMEOUT,0,0,0,40.1,2.4051,0.3184,401,2.0,0.0,0.0,0.0,400,0.0,11,1,1
narrowdyn,20,E_indep,SUCCESS,1,0,1,30.1,7.0722,0.3121,301,2.0,0.0,0.0,0.0,300,0.2267,11,1,1
narrowdyn,20,F_full,SUCCESS,1,0,1,30.1,7.0722,0.3121,301,6.0,0.2267,0.0,0.0,300,0.2267,11,1,1
narrowdyn,20,Fminus_nogap,TIMEOUT,0,0,0,40.1,2.4021,0.3184,401,6.0,0.65,0.0,0.0,400,0.65,11,1,1
clutter,19,A_stock,TIMEOUT,0,0,0,40.1,3.3306,0.3143,401,2.0,0.0,0.0,0.0,0,0.0,8,0,1
clutter,19,C_escape,TIMEOUT,0,0,0,40.1,3.36,0.3143,401,2.0,0.0,0.0,0.0,0,0.66,8,0,1
clutter,19,D_cbf,TIMEOUT,0,0,0,40.1,3.3306,0.3143,401,2.0,0.0,0.0,0.0,400,0.0,8,0,1
clutter,19,E_indep,TIMEOUT,0,0,0,40.1,3.36,0.3143,401,2.0,0.0,0.0,0.0,400,0.66,8,0,1
clutter,19,F_full,TIMEOUT,0,0,0,40.1,3.36,0.3143,401,6.0,0.66,0.0,0.0,400,0.66,8,0,1
clutter,19,Fminus_nogap,TIMEOUT,0,0,0,40.1,3.4347,0.3143,401,6.0,0.675,0.0,0.0,400,0.675,8,0,1
narrowdyn,21,A_stock,TIMEOUT,0,0,0,40.1,4.0494,0.1916,401,2.0,0.0,0.0,0.0,0,0.0,12,1,1
narrowdyn,21,C_escape,SUCCESS,1,0,1,32.6,8.8541,0.1916,326,2.0,0.0,0.0,0.0,0,0.4277,12,1,1
narrowdyn,21,D_cbf,COLLISION,0,1,0,6.4,1.8291,-0.016,64,2.0,0.0,0.013306,0.001381,63,0.0,12,1,1
narrowdyn,21,E_indep,COLLISION,0,1,0,6.4,1.8291,-0.016,64,2.0,0.0,0.013306,0.001381,63,0.0,12,1,1
narrowdyn,21,F_full,COLLISION,0,1,0,6.4,1.8291,-0.016,64,2.0,0.0,0.013306,0.001381,63,0.0,12,1,1
narrowdyn,21,Fminus_nogap,COLLISION,0,1,0,6.4,1.8291,-0.016,64,2.0,0.0,0.013306,0.001381,63,0.0,12,1,1
dynamic,22,A_stock,SUCCESS,1,0,1,22.3,8.5473,0.1939,223,2.0,0.0,0.0,0.0,0,0.0,4,2,1
dynamic,22,C_escape,SUCCESS,1,0,1,25.2,7.7175,0.1939,252,2.0,0.0,0.0,0.0,0,0.1912,4,2,1
dynamic,22,D_cbf,SUCCESS,1,0,1,22.5,8.6359,0.1844,225,2.0,0.0,8.2e-05,0.0,224,0.0,4,2,1
dynamic,22,E_indep,SUCCESS,1,0,1,25.3,7.5559,0.1408,253,2.0,0.0,0.008712,0.000243,252,0.1944,4,2,1
dynamic,22,F_full,SUCCESS,1,0,1,25.1,7.5954,0.1581,251,6.0,0.188,0.00653,9.1e-05,250,0.192,4,2,1
dynamic,22,Fminus_nogap,SUCCESS,1,0,1,22.5,8.6376,0.1844,225,6.0,0.2991,8.2e-05,0.0,224,0.2991,4,2,1
clutter,23,A_stock,SUCCESS,1,0,1,13.6,5.1529,0.3071,136,2.0,0.0,0.0,0.0,0,0.0,8,0,1
clutter,23,C_escape,SUCCESS,1,0,1,13.6,5.1529,0.3071,136,2.0,0.0,0.0,0.0,0,0.0,8,0,1
clutter,23,D_cbf,SUCCESS,1,0,1,13.6,5.1529,0.3071,136,2.0,0.0,0.0,0.0,135,0.0,8,0,1
clutter,23,E_indep,SUCCESS,1,0,1,13.6,5.1529,0.3071,136,2.0,0.0,0.0,0.0,135,0.0,8,0,1
clutter,23,F_full,SUCCESS,1,0,1,13.6,5.1529,0.3071,136,2.0,0.0,0.0,0.0,135,0.0,8,0,1
clutter,23,Fminus_nogap,SUCCESS,1,0,1,13.6,5.1529,0.3071,136,2.0,0.0,0.0,0.0,135,0.0,8,0,1
utrap,21,A_stock,TIMEOUT,0,0,0,40.1,3.1854,0.3454,401,2.0,0.0,0.0,0.0,0,0.0,11,0,1
utrap,21,C_escape,SUCCESS,1,0,1,34.6,9.7084,0.3127,346,2.0,0.0,0.0,0.0,0,0.3478,11,0,1
utrap,21,D_cbf,TIMEOUT,0,0,0,40.1,3.1854,0.3454,401,2.0,0.0,0.0,0.0,400,0.0,11,0,1
utrap,21,E_indep,SUCCESS,1,0,1,34.6,9.7084,0.3127,346,2.0,0.0,0.0,0.0,345,0.3478,11,0,1
utrap,21,F_full,SUCCESS,1,0,1,34.6,9.7084,0.3127,346,6.0,0.3478,0.0,0.0,345,0.3478,11,0,1
utrap,21,Fminus_nogap,TIMEOUT,0,0,0,40.1,3.1888,0.3534,401,6.0,0.61,0.0,0.0,400,0.61,11,0,1
dynamic,23,A_stock,SUCCESS,1,0,1,24.5,8.0531,0.0714,245,2.0,0.0,0.0,0.0,0,0.0,3,1,1
dynamic,23,C_escape,SUCCESS,1,0,1,24.7,8.04,0.0411,247,2.0,0.0,0.0,0.0,0,0.1829,3,1,1
dynamic,23,D_cbf,SUCCESS,1,0,1,22.3,7.8507,0.0903,223,2.0,0.0,0.009548,0.00036,222,0.0,3,1,1
dynamic,23,E_indep,SUCCESS,1,0,1,21.8,8.2,0.0699,218,2.0,0.0,0.000312,3e-06,217,0.2166,3,1,1
dynamic,23,F_full,SUCCESS,1,0,1,21.6,8.166,0.0699,216,6.0,0.186,1.5e-05,0.0,215,0.2093,3,1,1
dynamic,23,Fminus_nogap,SUCCESS,1,0,1,21.9,7.7666,0.0768,219,6.0,0.1881,0.01005,0.000323,218,0.2248,3,1,1
clutter,22,A_stock,TIMEOUT,0,0,0,40.1,3.7657,0.3291,401,2.0,0.0,0.0,0.0,0,0.0,6,0,1
clutter,22,C_escape,TIMEOUT,0,0,0,40.1,4.1799,0.3392,401,2.0,0.0,0.0,0.0,0,0.4925,6,0,1
clutter,22,D_cbf,TIMEOUT,0,0,0,40.1,3.7657,0.3291,401,2.0,0.0,0.0,0.0,400,0.0,6,0,1
clutter,22,E_indep,TIMEOUT,0,0,0,40.1,4.1799,0.3392,401,2.0,0.0,0.0,0.0,400,0.4925,6,0,1
clutter,22,F_full,TIMEOUT,0,0,0,40.1,4.1799,0.3392,401,6.0,0.4925,0.0,0.0,400,0.4925,6,0,1
clutter,22,Fminus_nogap,TIMEOUT,0,0,0,40.1,3.7958,0.3313,401,6.0,0.52,0.0,0.0,400,0.52,6,0,1
utrap,22,A_stock,TIMEOUT,0,0,0,40.1,2.5622,0.3208,401,2.0,0.0,0.0,0.0,0,0.0,11,0,1
utrap,22,C_escape,SUCCESS,1,0,1,34.8,7.3388,0.322,348,2.0,0.0,0.0,0.0,0,0.196,11,0,1
utrap,22,D_cbf,TIMEOUT,0,0,0,40.1,2.5622,0.3208,401,2.0,0.0,0.0,0.0,400,0.0,11,0,1
utrap,22,E_indep,SUCCESS,1,0,1,34.8,7.3388,0.322,348,2.0,0.0,0.0,0.0,347,0.196,11,0,1
utrap,22,F_full,SUCCESS,1,0,1,34.8,7.3388,0.322,348,6.0,0.196,0.0,0.0,347,0.196,11,0,1
utrap,22,Fminus_nogap,TIMEOUT,0,0,0,40.1,2.5774,0.3226,401,6.0,0.705,0.0,0.0,400,0.705,11,0,1
dynamic,24,A_stock,COLLISION,0,1,0,5.0,1.884,-0.0086,50,2.0,0.0,0.0,0.0,0,0.0,3,1,1
dynamic,24,C_escape,COLLISION,0,1,0,5.0,1.884,-0.0086,50,2.0,0.0,0.0,0.0,0,0.0,3,1,1
dynamic,24,D_cbf,COLLISION,0,1,0,5.4,2.0079,-0.0016,54,2.0,0.0,0.000211,1e-05,53,0.0,3,1,1
dynamic,24,E_indep,COLLISION,0,1,0,5.4,2.0079,-0.0016,54,2.0,0.0,0.000211,1e-05,53,0.0,3,1,1
dynamic,24,F_full,COLLISION,0,1,0,5.4,2.0079,-0.0016,54,2.0,0.0,0.000211,1e-05,53,0.0,3,1,1
dynamic,24,Fminus_nogap,COLLISION,0,1,0,5.4,2.0079,-0.0016,54,2.0,0.0,0.000211,1e-05,53,0.0,3,1,1
clutter,24,A_stock,SUCCESS,1,0,1,15.0,5.7305,0.3291,150,2.0,0.0,0.0,0.0,0,0.0,5,0,1
clutter,24,C_escape,SUCCESS,1,0,1,15.0,5.7305,0.3291,150,2.0,0.0,0.0,0.0,0,0.0,5,0,1
clutter,24,D_cbf,SUCCESS,1,0,1,15.0,5.7305,0.3291,150,2.0,0.0,0.0,0.0,149,0.0,5,0,1
clutter,24,E_indep,SUCCESS,1,0,1,15.0,5.7305,0.3291,150,2.0,0.0,0.0,0.0,149,0.0,5,0,1
clutter,24,F_full,SUCCESS,1,0,1,15.0,5.7305,0.3291,150,2.0,0.0,0.0,0.0,149,0.0,5,0,1
clutter,24,Fminus_nogap,SUCCESS,1,0,1,15.0,5.7305,0.3291,150,2.0,0.0,0.0,0.0,149,0.0,5,0,1
utrap,23,A_stock,TIMEOUT,0,0,0,40.1,2.483,0.3154,401,2.0,0.0,0.0,0.0,0,0.0,10,0,1
utrap,23,C_escape,SUCCESS,1,0,1,27.0,7.003,0.3154,270,2.0,0.0,0.0,0.0,0,0.2082,10,0,1
utrap,23,D_cbf,TIMEOUT,0,0,0,40.1,2.483,0.3154,401,2.0,0.0,0.0,0.0,400,0.0,10,0,1
utrap,23,E_indep,SUCCESS,1,0,1,27.0,7.003,0.3154,270,2.0,0.0,0.0,0.0,269,0.2082,10,0,1
utrap,23,F_full,SUCCESS,1,0,1,27.0,7.003,0.3154,270,6.0,0.2082,0.0,0.0,269,0.2082,10,0,1
utrap,23,Fminus_nogap,TIMEOUT,0,0,0,40.1,2.5104,0.3154,401,6.0,0.675,0.0,0.0,400,0.675,10,0,1
narrowdyn,22,A_stock,TIMEOUT,0,0,0,40.1,2.6666,0.3237,401,2.0,0.0,0.0,0.0,0,0.0,13,2,1
narrowdyn,22,C_escape,SUCCESS,1,0,1,33.0,7.307,0.3299,330,2.0,0.0,0.0,0.0,0,0.2128,13,2,1
narrowdyn,22,D_cbf,TIMEOUT,0,0,0,40.1,2.6666,0.3237,401,2.0,0.0,0.0,0.0,400,0.0,13,2,1
narrowdyn,22,E_indep,SUCCESS,1,0,1,33.0,7.307,0.3299,330,2.0,0.0,1e-06,0.0,329,0.2128,13,2,1
narrowdyn,22,F_full,SUCCESS,1,0,1,33.0,7.307,0.3299,330,6.0,0.2128,1e-06,0.0,329,0.2128,13,2,1
narrowdyn,22,Fminus_nogap,TIMEOUT,0,0,0,40.1,2.6785,0.3254,401,6.0,0.7125,0.0,0.0,400,0.7125,13,2,1
clutter,25,A_stock,SUCCESS,1,0,1,13.0,4.9933,0.3794,130,2.0,0.0,0.0,0.0,0,0.0,9,0,1
clutter,25,C_escape,SUCCESS,1,0,1,13.0,4.9933,0.3794,130,2.0,0.0,0.0,0.0,0,0.0,9,0,1
clutter,25,D_cbf,SUCCESS,1,0,1,13.0,4.9933,0.3795,130,2.0,0.0,0.0,0.0,129,0.0,9,0,1
clutter,25,E_indep,SUCCESS,1,0,1,13.0,4.9933,0.3795,130,2.0,0.0,0.0,0.0,129,0.0,9,0,1
clutter,25,F_full,SUCCESS,1,0,1,13.0,4.9933,0.3795,130,2.0,0.0,0.0,0.0,129,0.0,9,0,1
clutter,25,Fminus_nogap,SUCCESS,1,0,1,13.0,4.9933,0.3795,130,2.0,0.0,0.0,0.0,129,0.0,9,0,1
dynamic,25,A_stock,SUCCESS,1,0,1,16.2,6.5422,0.0857,162,2.0,0.0,0.0,0.0,0,0.0,2,2,1
dynamic,25,C_escape,SUCCESS,1,0,1,16.2,6.5427,0.0857,162,2.0,0.0,0.0,0.0,0,0.0497,2,2,1
dynamic,25,D_cbf,SUCCESS,1,0,1,16.2,6.5422,0.0857,162,2.0,0.0,0.0,0.0,161,0.0,2,2,1
dynamic,25,E_indep,SUCCESS,1,0,1,16.2,6.5427,0.0857,162,2.0,0.0,1e-06,0.0,161,0.0497,2,2,1
dynamic,25,F_full,SUCCESS,1,0,1,16.2,6.5427,0.0857,162,6.0,0.0497,1e-06,0.0,161,0.0497,2,2,1
dynamic,25,Fminus_nogap,SUCCESS,1,0,1,16.2,6.5423,0.0857,162,6.0,0.0497,0.0,0.0,161,0.0497,2,2,1
narrowdyn,25,A_stock,COLLISION,0,1,0,7.9,2.2714,-0.001,79,2.0,0.0,0.0,0.0,0,0.0,14,2,1
narrowdyn,25,C_escape,COLLISION,0,1,0,7.9,2.2713,-0.001,79,2.0,0.0,0.0,0.0,0,0.0128,14,2,1
narrowdyn,25,D_cbf,COLLISION,0,1,0,7.5,1.8671,-0.0193,75,2.0,0.0,0.021762,0.001284,74,0.0,14,2,1
narrowdyn,25,E_indep,COLLISION,0,1,0,7.5,1.8671,-0.0193,75,2.0,0.0,0.021762,0.001284,74,0.0,14,2,1
narrowdyn,25,F_full,COLLISION,0,1,0,7.5,1.8671,-0.0193,75,2.0,0.0,0.021762,0.001284,74,0.0,14,2,1
narrowdyn,25,Fminus_nogap,COLLISION,0,1,0,7.5,1.8671,-0.0193,75,2.0,0.0,0.021762,0.001284,74,0.0,14,2,1
utrap,24,A_stock,TIMEOUT,0,0,0,40.1,2.4998,0.341,401,2.0,0.0,0.0,0.0,0,0.0,11,0,1
utrap,24,C_escape,SUCCESS,1,0,1,37.2,7.6326,0.3213,372,2.0,0.0,0.0,0.0,0,0.2075,11,0,1
utrap,24,D_cbf,TIMEOUT,0,0,0,40.1,2.4998,0.341,401,2.0,0.0,0.0,0.0,400,0.0,11,0,1
utrap,24,E_indep,SUCCESS,1,0,1,37.2,7.6326,0.3213,372,2.0,0.0,0.0,0.0,371,0.2075,11,0,1
utrap,24,F_full,SUCCESS,1,0,1,37.2,7.6326,0.3213,372,6.0,0.2075,0.0,0.0,371,0.2075,11,0,1
utrap,24,Fminus_nogap,TIMEOUT,0,0,0,40.1,2.4899,0.3419,401,6.0,0.6775,0.0,0.0,400,0.6775,11,0,1
narrowdyn,24,A_stock,TIMEOUT,0,0,0,40.1,2.6501,0.3311,401,2.0,0.0,0.0,0.0,0,0.0,13,2,1
narrowdyn,24,C_escape,SUCCESS,1,0,1,32.8,7.538,0.3141,328,2.0,0.0,0.0,0.0,0,0.2599,13,2,1
narrowdyn,24,D_cbf,TIMEOUT,0,0,0,40.1,2.6501,0.3311,401,2.0,0.0,0.0,0.0,400,0.0,13,2,1
narrowdyn,24,E_indep,SUCCESS,1,0,1,32.8,7.538,0.3141,328,2.0,0.0,0.0,0.0,327,0.2599,13,2,1
narrowdyn,24,F_full,SUCCESS,1,0,1,32.8,7.538,0.3141,328,6.0,0.2599,0.0,0.0,327,0.2599,13,2,1
narrowdyn,24,Fminus_nogap,TIMEOUT,0,0,0,40.1,2.6528,0.3311,401,6.0,0.7975,0.0,0.0,400,0.7975,13,2,1
dynamic,26,A_stock,SUCCESS,1,0,1,23.5,8.7964,0.1168,235,2.0,0.0,0.0,0.0,0,0.0,2,1,1
dynamic,26,C_escape,SUCCESS,1,0,1,22.4,8.6387,0.1168,224,2.0,0.0,0.0,0.0,0,0.2332,2,1,1
dynamic,26,D_cbf,SUCCESS,1,0,1,28.7,8.4548,0.1263,287,2.0,0.0,0.000224,1e-06,286,0.0,2,1,1
dynamic,26,E_indep,SUCCESS,1,0,1,22.0,8.4086,0.1263,220,2.0,0.0,0.000224,1e-06,219,0.2146,2,1,1
dynamic,26,F_full,SUCCESS,1,0,1,22.0,8.4086,0.1263,220,6.0,0.2146,0.000224,1e-06,219,0.2146,2,1,1
dynamic,26,Fminus_nogap,SUCCESS,1,0,1,28.8,8.472,0.1263,288,6.0,0.216,0.000224,1e-06,287,0.216,2,1,1
clutter,26,A_stock,TIMEOUT,0,0,0,40.1,2.4931,0.3244,401,2.0,0.0,0.0,0.0,0,0.0,6,0,1
clutter,26,C_escape,TIMEOUT,0,0,0,40.1,2.6632,0.3263,401,2.0,0.0,0.0,0.0,0,0.515,6,0,1
clutter,26,D_cbf,TIMEOUT,0,0,0,40.1,2.4931,0.3244,401,2.0,0.0,0.0,0.0,400,0.0,6,0,1
clutter,26,E_indep,TIMEOUT,0,0,0,40.1,2.6632,0.3263,401,2.0,0.0,0.0,0.0,400,0.515,6,0,1
clutter,26,F_full,TIMEOUT,0,0,0,40.1,2.6632,0.3263,401,6.0,0.515,0.0,0.0,400,0.515,6,0,1
clutter,26,Fminus_nogap,TIMEOUT,0,0,0,40.1,2.5463,0.3243,401,6.0,0.5275,0.0,0.0,400,0.5275,6,0,1
narrowdyn,23,A_stock,TIMEOUT,0,0,0,40.1,2.804,0.2979,401,2.0,0.0,0.0,0.0,0,0.0,11,1,1
narrowdyn,23,C_escape,SUCCESS,1,0,1,35.8,13.0695,0.1057,358,2.0,0.0,0.0,0.0,0,0.5238,11,1,1
narrowdyn,23,D_cbf,TIMEOUT,0,0,0,40.1,2.804,0.2979,401,2.0,0.0,0.0,0.0,400,0.0,11,1,1
narrowdyn,23,E_indep,SUCCESS,1,0,1,35.8,13.0695,0.1057,358,2.0,0.0,1e-06,0.0,357,0.5238,11,1,1
narrowdyn,23,F_full,SUCCESS,1,0,1,35.8,13.0695,0.1057,358,6.0,0.521,1e-06,0.0,357,0.5238,11,1,1
narrowdyn,23,Fminus_nogap,TIMEOUT,0,0,0,40.1,2.8049,0.2979,401,6.0,0.5875,0.0,0.0,400,0.5875,11,1,1
utrap,26,A_stock,TIMEOUT,0,0,0,40.1,2.755,0.3202,401,2.0,0.0,0.0,0.0,0,0.0,10,0,1
utrap,26,C_escape,SUCCESS,1,0,1,32.5,7.2447,0.325,325,2.0,0.0,0.0,0.0,0,0.2963,10,0,1
utrap,26,D_cbf,TIMEOUT,0,0,0,40.1,2.755,0.3202,401,2.0,0.0,0.0,0.0,400,0.0,10,0,1
utrap,26,E_indep,SUCCESS,1,0,1,32.5,7.2448,0.3249,325,2.0,0.0,0.0,0.0,324,0.2963,10,0,1
utrap,26,F_full,SUCCESS,1,0,1,32.5,7.2448,0.3249,325,6.0,0.2963,0.0,0.0,324,0.2963,10,0,1
utrap,26,Fminus_nogap,TIMEOUT,0,0,0,40.1,2.7529,0.3213,401,6.0,0.6775,0.0,0.0,400,0.6775,10,0,1
utrap,25,A_stock,TIMEOUT,0,0,0,40.1,2.8543,0.3297,401,2.0,0.0,0.0,0.0,0,0.0,12,0,1
utrap,25,C_escape,SUCCESS,1,0,1,34.4,8.5304,0.3064,344,2.0,0.0,0.0,0.0,0,0.4198,12,0,1
utrap,25,D_cbf,TIMEOUT,0,0,0,40.1,2.8543,0.3297,401,2.0,0.0,0.0,0.0,400,0.0,12,0,1
utrap,25,E_indep,SUCCESS,1,0,1,34.4,8.7477,0.3064,344,2.0,0.0,0.0,0.0,343,0.4198,12,0,1
utrap,25,F_full,SUCCESS,1,0,1,34.4,8.7477,0.3064,344,6.0,0.4198,0.0,0.0,343,0.4198,12,0,1
utrap,25,Fminus_nogap,TIMEOUT,0,0,0,40.1,2.9759,0.3442,401,6.0,0.6525,0.0,0.0,400,0.6525,12,0,1
dynamic,27,A_stock,SUCCESS,1,0,1,17.5,7.0578,0.0595,175,2.0,0.0,0.0,0.0,0,0.0,1,1,1
dynamic,27,C_escape,SUCCESS,1,0,1,17.5,7.0578,0.0595,175,2.0,0.0,0.0,0.0,0,0.0,1,1,1
dynamic,27,D_cbf,SUCCESS,1,0,1,17.5,7.0578,0.0595,175,2.0,0.0,0.0,0.0,174,0.0,1,1,1
dynamic,27,E_indep,SUCCESS,1,0,1,17.5,7.0578,0.0595,175,2.0,0.0,0.0,0.0,174,0.0,1,1,1
dynamic,27,F_full,SUCCESS,1,0,1,17.5,7.0578,0.0595,175,2.0,0.0,0.0,0.0,174,0.0,1,1,1
dynamic,27,Fminus_nogap,SUCCESS,1,0,1,17.5,7.0578,0.0595,175,2.0,0.0,0.0,0.0,174,0.0,1,1,1
clutter,28,A_stock,SUCCESS,1,0,1,14.6,5.6403,0.5845,146,2.0,0.0,0.0,0.0,0,0.0,5,0,1
clutter,28,C_escape,SUCCESS,1,0,1,14.6,5.6403,0.5845,146,2.0,0.0,0.0,0.0,0,0.0,5,0,1
clutter,28,D_cbf,SUCCESS,1,0,1,14.6,5.6403,0.5845,146,2.0,0.0,0.0,0.0,145,0.0,5,0,1
clutter,28,E_indep,SUCCESS,1,0,1,14.6,5.6403,0.5845,146,2.0,0.0,0.0,0.0,145,0.0,5,0,1
clutter,28,F_full,SUCCESS,1,0,1,14.6,5.6403,0.5845,146,2.0,0.0,0.0,0.0,145,0.0,5,0,1
clutter,28,Fminus_nogap,SUCCESS,1,0,1,14.6,5.6403,0.5845,146,2.0,0.0,0.0,0.0,145,0.0,5,0,1
dynamic,28,A_stock,SUCCESS,1,0,1,20.8,7.4871,0.2792,208,2.0,0.0,0.0,0.0,0,0.0,2,2,1
dynamic,28,C_escape,SUCCESS,1,0,1,20.0,7.2431,0.2792,200,2.0,0.0,0.0,0.0,0,0.1005,2,2,1
dynamic,28,D_cbf,SUCCESS,1,0,1,20.8,7.4871,0.2792,208,2.0,0.0,2e-06,0.0,207,0.0,2,2,1
dynamic,28,E_indep,SUCCESS,1,0,1,20.0,7.2431,0.2792,200,2.0,0.0,2e-06,0.0,199,0.1005,2,2,1
dynamic,28,F_full,SUCCESS,1,0,1,20.0,7.2431,0.2792,200,6.0,0.1005,2e-06,0.0,199,0.1005,2,2,1
dynamic,28,Fminus_nogap,SUCCESS,1,0,1,20.8,7.4879,0.2792,208,6.0,0.1353,2e-06,0.0,207,0.1353,2,2,1
narrowdyn,26,A_stock,TIMEOUT,0,0,0,40.1,3.6245,0.27,401,2.0,0.0,0.0,0.0,0,0.0,11,1,1
narrowdyn,26,C_escape,SUCCESS,1,0,1,25.7,9.5246,0.145,257,2.0,0.0,0.0,0.0,0,0.4062,11,1,1
narrowdyn,26,D_cbf,TIMEOUT,0,0,0,40.1,3.6245,0.27,401,2.0,0.0,0.0,0.0,400,0.0,11,1,1
narrowdyn,26,E_indep,SUCCESS,1,0,1,25.7,9.5246,0.145,257,2.0,0.0,0.0,0.0,256,0.4062,11,1,1
narrowdyn,26,F_full,SUCCESS,1,0,1,25.7,9.5246,0.145,257,6.0,0.4062,0.0,0.0,256,0.4062,11,1,1
narrowdyn,26,Fminus_nogap,TIMEOUT,0,0,0,40.1,3.4984,0.27,401,6.0,0.59,0.0,0.0,400,0.59,11,1,1
narrowdyn,28,A_stock,TIMEOUT,0,0,0,40.1,4.4656,0.0732,401,2.0,0.0,0.0,0.0,0,0.0,13,2,1
narrowdyn,28,C_escape,SUCCESS,1,0,1,31.1,8.561,0.0732,311,2.0,0.0,0.0,0.0,0,0.3774,13,2,1
narrowdyn,28,D_cbf,COLLISION,0,1,0,5.8,1.751,-0.0384,58,2.0,0.0,0.014609,0.000933,57,0.0,13,2,1
narrowdyn,28,E_indep,COLLISION,0,1,0,5.8,1.751,-0.0384,58,2.0,0.0,0.014609,0.000933,57,0.0,13,2,1
narrowdyn,28,F_full,COLLISION,0,1,0,5.8,1.751,-0.0384,58,2.0,0.0,0.014609,0.000933,57,0.0,13,2,1
narrowdyn,28,Fminus_nogap,COLLISION,0,1,0,5.8,1.751,-0.0384,58,2.0,0.0,0.014609,0.000933,57,0.0,13,2,1
clutter,29,A_stock,SUCCESS,1,0,1,15.5,5.8707,0.3098,155,2.0,0.0,0.0,0.0,0,0.0,6,0,1
clutter,29,C_escape,SUCCESS,1,0,1,15.5,5.8707,0.3098,155,2.0,0.0,0.0,0.0,0,0.0,6,0,1
clutter,29,D_cbf,SUCCESS,1,0,1,15.5,5.8707,0.3098,155,2.0,0.0,0.0,0.0,154,0.0,6,0,1
clutter,29,E_indep,SUCCESS,1,0,1,15.5,5.8707,0.3098,155,2.0,0.0,0.0,0.0,154,0.0,6,0,1
clutter,29,F_full,SUCCESS,1,0,1,15.5,5.8707,0.3098,155,2.0,0.0,0.0,0.0,154,0.0,6,0,1
clutter,29,Fminus_nogap,SUCCESS,1,0,1,15.5,5.8707,0.3098,155,2.0,0.0,0.0,0.0,154,0.0,6,0,1
utrap,27,A_stock,TIMEOUT,0,0,0,40.1,2.8445,0.3211,401,2.0,0.0,0.0,0.0,0,0.0,12,0,1
utrap,27,C_escape,SUCCESS,1,0,1,33.7,7.4884,0.3219,337,2.0,0.0,0.0,0.0,0,0.3155,12,0,1
utrap,27,D_cbf,TIMEOUT,0,0,0,40.1,2.8445,0.3211,401,2.0,0.0,0.0,0.0,400,0.0,12,0,1
utrap,27,E_indep,SUCCESS,1,0,1,33.7,7.4884,0.3219,337,2.0,0.0,0.0,0.0,336,0.3155,12,0,1
utrap,27,F_full,SUCCESS,1,0,1,33.7,7.4884,0.3219,337,6.0,0.3155,0.0,0.0,336,0.3155,12,0,1
utrap,27,Fminus_nogap,TIMEOUT,0,0,0,40.1,2.8196,0.3258,401,6.0,0.7975,0.0,0.0,400,0.7975,12,0,1
dynamic,29,A_stock,SUCCESS,1,0,1,23.1,8.7611,0.145,231,2.0,0.0,0.0,0.0,0,0.0,2,1,1
dynamic,29,C_escape,SUCCESS,1,0,1,21.5,8.4118,0.145,215,2.0,0.0,0.0,0.0,0,0.2477,2,1,1
dynamic,29,D_cbf,SUCCESS,1,0,1,23.1,8.7633,0.145,231,2.0,0.0,0.0,0.0,230,0.0,2,1,1
dynamic,29,E_indep,SUCCESS,1,0,1,21.5,8.4111,0.145,215,2.0,0.0,0.0,0.0,214,0.2477,2,1,1
dynamic,29,F_full,SUCCESS,1,0,1,21.5,8.4111,0.145,215,6.0,0.2477,0.0,0.0,214,0.2477,2,1,1
dynamic,29,Fminus_nogap,SUCCESS,1,0,1,23.1,8.7646,0.145,231,6.0,0.3087,0.0,0.0,230,0.3087,2,1,1
clutter,27,A_stock,TIMEOUT,0,0,0,40.1,3.6548,0.3357,401,2.0,0.0,0.0,0.0,0,0.0,9,0,1
clutter,27,C_escape,TIMEOUT,0,0,0,40.1,3.6141,0.3357,401,2.0,0.0,0.0,0.0,0,0.61,9,0,1
clutter,27,D_cbf,TIMEOUT,0,0,0,40.1,3.6548,0.3357,401,2.0,0.0,0.0,0.0,400,0.0,9,0,1
clutter,27,E_indep,TIMEOUT,0,0,0,40.1,3.6141,0.3357,401,2.0,0.0,0.0,0.0,400,0.61,9,0,1
clutter,27,F_full,TIMEOUT,0,0,0,40.1,3.6141,0.3357,401,6.0,0.61,0.0,0.0,400,0.61,9,0,1
clutter,27,Fminus_nogap,TIMEOUT,0,0,0,40.1,3.6203,0.3357,401,6.0,0.61,0.0,0.0,400,0.61,9,0,1
utrap,28,A_stock,TIMEOUT,0,0,0,40.1,3.1294,0.3102,401,2.0,0.0,0.0,0.0,0,0.0,11,0,1
utrap,28,C_escape,SUCCESS,1,0,1,35.7,8.8506,0.3052,357,2.0,0.0,0.0,0.0,0,0.4298,11,0,1
utrap,28,D_cbf,TIMEOUT,0,0,0,40.1,3.1294,0.3102,401,2.0,0.0,0.0,0.0,400,0.0,11,0,1
utrap,28,E_indep,SUCCESS,1,0,1,35.7,8.8506,0.3052,357,2.0,0.0,0.0,0.0,356,0.4298,11,0,1
utrap,28,F_full,SUCCESS,1,0,1,35.7,8.8506,0.3052,357,6.0,0.4298,0.0,0.0,356,0.4298,11,0,1
utrap,28,Fminus_nogap,TIMEOUT,0,0,0,40.1,3.1287,0.3102,401,6.0,0.7275,0.0,0.0,400,0.7275,11,0,1
dynamic,30,A_stock,SUCCESS,1,0,1,14.7,6.0321,0.1219,147,2.0,0.0,0.0,0.0,0,0.0,5,2,1
dynamic,30,C_escape,SUCCESS,1,0,1,14.7,6.0321,0.1219,147,2.0,0.0,0.0,0.0,0,0.0,5,2,1
dynamic,30,D_cbf,SUCCESS,1,0,1,14.8,6.0541,0.1093,148,2.0,0.0,0.000629,4e-06,147,0.0,5,2,1
dynamic,30,E_indep,SUCCESS,1,0,1,14.8,6.0541,0.1093,148,2.0,0.0,0.000629,4e-06,147,0.0,5,2,1
dynamic,30,F_full,SUCCESS,1,0,1,14.8,6.0541,0.1093,148,2.0,0.0,0.000629,4e-06,147,0.0,5,2,1
dynamic,30,Fminus_nogap,SUCCESS,1,0,1,14.8,6.0541,0.1093,148,2.0,0.0,0.000629,4e-06,147,0.0,5,2,1
narrowdyn,27,A_stock,TIMEOUT,0,0,0,40.1,3.0719,0.2696,401,2.0,0.0,0.0,0.0,0,0.0,14,2,1
narrowdyn,27,C_escape,SUCCESS,1,0,1,30.9,10.1644,0.2696,309,2.0,0.0,0.0,0.0,0,0.4805,14,2,1
narrowdyn,27,D_cbf,TIMEOUT,0,0,0,40.1,3.0593,0.2708,401,2.0,0.0,5.3e-05,0.0,400,0.0,14,2,1
narrowdyn,27,E_indep,SUCCESS,1,0,1,32.3,11.0123,0.2659,323,2.0,0.0,0.000384,2e-06,322,0.5093,14,2,1
narrowdyn,27,F_full,SUCCESS,1,0,1,32.3,11.0034,0.2659,323,6.0,0.5093,5.3e-05,0.0,322,0.5093,14,2,1
narrowdyn,27,Fminus_nogap,TIMEOUT,0,0,0,40.1,3.0777,0.2708,401,6.0,0.7725,5.3e-05,0.0,400,0.7725,14,2,1
utrap,30,A_stock,TIMEOUT,0,0,0,40.1,2.4798,0.3254,401,2.0,0.0,0.0,0.0,0,0.0,9,0,1
utrap,30,C_escape,SUCCESS,1,0,1,29.4,6.4134,0.3254,294,2.0,0.0,0.0,0.0,0,0.2287,9,0,1
utrap,30,D_cbf,TIMEOUT,0,0,0,40.1,2.4798,0.3254,401,2.0,0.0,0.0,0.0,400,0.0,9,0,1
utrap,30,E_indep,SUCCESS,1,0,1,29.4,6.4134,0.3254,294,2.0,0.0,0.0,0.0,293,0.2287,9,0,1
utrap,30,F_full,SUCCESS,1,0,1,29.4,6.4134,0.3254,294,6.0,0.2287,0.0,0.0,293,0.2287,9,0,1
utrap,30,Fminus_nogap,TIMEOUT,0,0,0,40.1,2.461,0.3254,401,6.0,0.7825,0.0,0.0,400,0.7825,9,0,1
clutter,31,A_stock,SUCCESS,1,0,1,14.6,5.6092,0.3274,146,2.0,0.0,0.0,0.0,0,0.0,5,0,1
clutter,31,C_escape,SUCCESS,1,0,1,14.6,5.6092,0.3274,146,2.0,0.0,0.0,0.0,0,0.0,5,0,1
clutter,31,D_cbf,SUCCESS,1,0,1,14.6,5.6092,0.3274,146,2.0,0.0,0.0,0.0,145,0.0,5,0,1
clutter,31,E_indep,SUCCESS,1,0,1,14.6,5.6092,0.3274,146,2.0,0.0,0.0,0.0,145,0.0,5,0,1
clutter,31,F_full,SUCCESS,1,0,1,14.6,5.6092,0.3274,146,2.0,0.0,0.0,0.0,145,0.0,5,0,1
clutter,31,Fminus_nogap,SUCCESS,1,0,1,14.6,5.6092,0.3274,146,2.0,0.0,0.0,0.0,145,0.0,5,0,1
utrap,29,A_stock,TIMEOUT,0,0,0,40.1,2.97,0.3481,401,2.0,0.0,0.0,0.0,0,0.0,13,0,1
utrap,29,C_escape,SUCCESS,1,0,1,30.0,10.1228,0.3202,300,2.0,0.0,0.0,0.0,0,0.4582,13,0,1
utrap,29,D_cbf,TIMEOUT,0,0,0,40.1,2.97,0.3481,401,2.0,0.0,0.0,0.0,400,0.0,13,0,1
utrap,29,E_indep,SUCCESS,1,0,1,30.0,10.1228,0.3202,300,2.0,0.0,0.0,0.0,299,0.4582,13,0,1
utrap,29,F_full,SUCCESS,1,0,1,30.0,10.1228,0.3202,300,6.0,0.4582,0.0,0.0,299,0.4582,13,0,1
utrap,29,Fminus_nogap,TIMEOUT,0,0,0,40.1,2.9519,0.3522,401,6.0,0.6075,0.0,0.0,400,0.6075,13,0,1
narrowdyn,31,A_stock,COLLISION,0,1,0,6.2,2.2205,-0.0106,62,2.0,0.0,0.0,0.0,0,0.0,12,1,1
narrowdyn,31,C_escape,COLLISION,0,1,0,6.2,2.2205,-0.0106,62,2.0,0.0,0.0,0.0,0,0.0,12,1,1
narrowdyn,31,D_cbf,COLLISION,0,1,0,6.0,2.0833,-0.0067,60,2.0,0.0,0.004592,0.000135,59,0.0,12,1,1
narrowdyn,31,E_indep,COLLISION,0,1,0,6.0,2.0833,-0.0067,60,2.0,0.0,0.004592,0.000135,59,0.0,12,1,1
narrowdyn,31,F_full,COLLISION,0,1,0,6.0,2.0833,-0.0067,60,2.0,0.0,0.004592,0.000135,59,0.0,12,1,1
narrowdyn,31,Fminus_nogap,COLLISION,0,1,0,6.0,2.0833,-0.0067,60,2.0,0.0,0.004592,0.000135,59,0.0,12,1,1
dynamic,31,A_stock,SUCCESS,1,0,1,27.4,11.2872,0.0772,274,2.0,0.0,0.0,0.0,0,0.0,2,1,1
dynamic,31,C_escape,SUCCESS,1,0,1,21.5,8.0924,0.1504,215,2.0,0.0,0.0,0.0,0,0.2804,2,1,1
dynamic,31,D_cbf,SUCCESS,1,0,1,31.5,13.0761,0.1102,315,2.0,0.0,0.000316,1e-06,314,0.0,2,1,1
dynamic,31,E_indep,SUCCESS,1,0,1,25.2,7.5172,0.0551,252,2.0,0.0,0.01106,0.000485,251,0.259,2,1,1
dynamic,31,F_full,SUCCESS,1,0,1,25.2,7.5197,0.0551,252,6.0,0.2311,0.01182,0.000497,251,0.259,2,1,1
dynamic,31,Fminus_nogap,SUCCESS,1,0,1,31.4,13.0333,0.1133,314,6.0,0.4952,0.000316,1e-06,313,0.5112,2,1,1
narrowdyn,30,A_stock,TIMEOUT,0,0,0,40.1,2.479,0.3253,401,2.0,0.0,0.0,0.0,0,0.0,10,1,1
narrowdyn,30,C_escape,SUCCESS,1,0,1,29.4,6.4101,0.3253,294,2.0,0.0,0.0,0.0,0,0.2287,10,1,1
narrowdyn,30,D_cbf,TIMEOUT,0,0,0,40.1,2.479,0.3253,401,2.0,0.0,0.0,0.0,400,0.0,10,1,1
narrowdyn,30,E_indep,SUCCESS,1,0,1,29.4,6.4101,0.3253,294,2.0,0.0,0.0,0.0,293,0.2287,10,1,1
narrowdyn,30,F_full,SUCCESS,1,0,1,29.4,6.4101,0.3253,294,6.0,0.2287,0.0,0.0,293,0.2287,10,1,1
narrowdyn,30,Fminus_nogap,TIMEOUT,0,0,0,40.1,2.4615,0.3253,401,6.0,0.7825,0.0,0.0,400,0.7825,10,1,1
dynamic,32,A_stock,SUCCESS,1,0,1,28.1,8.9132,0.1545,281,2.0,0.0,0.0,0.0,0,0.0,2,2,1
dynamic,32,C_escape,SUCCESS,1,0,1,30.9,10.1436,0.1545,309,2.0,0.0,0.0,0.0,0,0.3182,2,2,1
dynamic,32,D_cbf,SUCCESS,1,0,1,28.1,8.9132,0.1545,281,2.0,0.0,1e-06,0.0,280,0.0,2,2,1
dynamic,32,E_indep,SUCCESS,1,0,1,24.8,9.4074,0.1545,248,2.0,0.0,0.003301,5e-05,247,0.3036,2,2,1
dynamic,32,F_full,SUCCESS,1,0,1,25.2,9.7251,0.1545,252,6.0,0.2869,0.002297,9e-06,251,0.3108,2,2,1
dynamic,32,Fminus_nogap,SUCCESS,1,0,1,28.1,8.9123,0.1545,281,6.0,0.225,1e-06,0.0,280,0.25,2,2,1
clutter,32,A_stock,TIMEOUT,0,0,0,40.1,4.2952,0.3125,401,2.0,0.0,0.0,0.0,0,0.0,9,0,1
clutter,32,C_escape,SUCCESS,1,0,1,29.0,7.1734,0.292,290,2.0,0.0,0.0,0.0,0,0.128,9,0,1
clutter,32,D_cbf,TIMEOUT,0,0,0,40.1,4.2956,0.3125,401,2.0,0.0,0.0,0.0,400,0.0,9,0,1
clutter,32,E_indep,SUCCESS,1,0,1,29.0,7.144,0.2922,290,2.0,0.0,0.0,0.0,289,0.128,9,0,1
clutter,32,F_full,SUCCESS,1,0,1,29.0,7.144,0.2922,290,6.0,0.128,0.0,0.0,289,0.128,9,0,1
clutter,32,Fminus_nogap,TIMEOUT,0,0,0,40.1,4.3114,0.3141,401,6.0,0.57,0.0,0.0,400,0.57,9,0,1
utrap,31,A_stock,TIMEOUT,0,0,0,40.1,3.4074,0.3318,401,2.0,0.0,0.0,0.0,0,0.0,11,0,1
utrap,31,C_escape,SUCCESS,1,0,1,28.8,9.0897,0.3327,288,2.0,0.0,0.0,0.0,0,0.3798,11,0,1
utrap,31,D_cbf,TIMEOUT,0,0,0,40.1,3.4074,0.3318,401,2.0,0.0,0.0,0.0,400,0.0,11,0,1
utrap,31,E_indep,SUCCESS,1,0,1,28.8,9.0897,0.3327,288,2.0,0.0,0.0,0.0,287,0.3798,11,0,1
utrap,31,F_full,SUCCESS,1,0,1,28.8,9.0897,0.3327,288,6.0,0.3798,0.0,0.0,287,0.3798,11,0,1
utrap,31,Fminus_nogap,TIMEOUT,0,0,0,40.1,3.4412,0.3295,401,6.0,0.6475,0.0,0.0,400,0.6475,11,0,1
clutter,30,A_stock,TIMEOUT,0,0,0,40.1,2.9541,0.3398,401,2.0,0.0,0.0,0.0,0,0.0,9,0,1
clutter,30,C_escape,TIMEOUT,0,0,0,40.1,2.9357,0.3499,401,2.0,0.0,0.0,0.0,0,0.705,9,0,1
clutter,30,D_cbf,TIMEOUT,0,0,0,40.1,2.9541,0.3398,401,2.0,0.0,0.0,0.0,400,0.0,9,0,1
clutter,30,E_indep,TIMEOUT,0,0,0,40.1,2.9357,0.3499,401,2.0,0.0,0.0,0.0,400,0.705,9,0,1
clutter,30,F_full,TIMEOUT,0,0,0,40.1,2.9357,0.3499,401,6.0,0.705,0.0,0.0,400,0.705,9,0,1
clutter,30,Fminus_nogap,TIMEOUT,0,0,0,40.1,2.9304,0.3477,401,6.0,0.7075,0.0,0.0,400,0.7075,9,0,1
dynamic,33,A_stock,SUCCESS,1,0,1,22.8,8.3687,0.0982,228,2.0,0.0,0.0,0.0,0,0.0,3,1,1
dynamic,33,C_escape,SUCCESS,1,0,1,22.1,8.1463,0.0982,221,2.0,0.0,0.0,0.0,0,0.2091,3,1,1
dynamic,33,D_cbf,SUCCESS,1,0,1,24.3,9.002,0.1571,243,2.0,0.0,0.000189,2e-06,242,0.0,3,1,1
dynamic,33,E_indep,SUCCESS,1,0,1,26.7,8.1387,0.1571,267,2.0,0.0,0.002727,1.9e-05,266,0.1729,3,1,1
dynamic,33,F_full,SUCCESS,1,0,1,26.7,8.1039,0.1571,267,6.0,0.1729,0.000189,2e-06,266,0.1729,3,1,1
dynamic,33,Fminus_nogap,SUCCESS,1,0,1,24.1,8.9265,0.1571,241,6.0,0.2792,0.000189,2e-06,240,0.2792,3,1,1
utrap,32,A_stock,TIMEOUT,0,0,0,40.1,3.2311,0.3189,401,2.0,0.0,0.0,0.0,0,0.0,11,0,1
utrap,32,C_escape,SUCCESS,1,0,1,31.2,7.4253,0.3177,312,2.0,0.0,0.0,0.0,0,0.2637,11,0,1
utrap,32,D_cbf,TIMEOUT,0,0,0,40.1,3.2301,0.3189,401,2.0,0.0,0.0,0.0,400,0.0,11,0,1
utrap,32,E_indep,SUCCESS,1,0,1,31.2,7.4249,0.3177,312,2.0,0.0,0.0,0.0,311,0.2637,11,0,1
utrap,32,F_full,SUCCESS,1,0,1,31.2,7.4249,0.3177,312,6.0,0.2637,0.0,0.0,311,0.2637,11,0,1
utrap,32,Fminus_nogap,TIMEOUT,0,0,0,40.1,3.3311,0.3193,401,6.0,0.6725,0.0,0.0,400,0.6725,11,0,1
utrap,33,A_stock,TIMEOUT,0,0,0,40.1,2.8697,0.3312,401,2.0,0.0,0.0,0.0,0,0.0,10,0,1
utrap,33,C_escape,SUCCESS,1,0,1,25.0,7.3494,0.315,250,2.0,0.0,0.0,0.0,0,0.2329,10,0,1
utrap,33,D_cbf,TIMEOUT,0,0,0,40.1,2.8697,0.3312,401,2.0,0.0,0.0,0.0,400,0.0,10,0,1
utrap,33,E_indep,SUCCESS,1,0,1,25.0,7.3494,0.315,250,2.0,0.0,0.0,0.0,249,0.2329,10,0,1
utrap,33,F_full,SUCCESS,1,0,1,25.0,7.3494,0.315,250,6.0,0.2329,0.0,0.0,249,0.2329,10,0,1
utrap,33,Fminus_nogap,TIMEOUT,0,0,0,40.1,2.8527,0.3319,401,6.0,0.745,0.0,0.0,400,0.745,10,0,1
narrowdyn,29,A_stock,TIMEOUT,0,0,0,40.1,3.8296,0.0173,401,2.0,0.0,0.0,0.0,0,0.0,14,1,1
narrowdyn,29,C_escape,TIMEOUT,0,0,0,40.1,11.856,0.0173,401,2.0,0.0,0.0,0.0,0,0.805,14,1,1
narrowdyn,29,D_cbf,TIMEOUT,0,0,0,40.1,3.8947,0.0258,401,2.0,0.0,0.00403,2.5e-05,400,0.0,14,1,1
narrowdyn,29,E_indep,SUCCESS,1,0,1,36.4,12.4578,0.0258,364,2.0,0.0,0.00403,3.1e-05,363,0.6253,14,1,1
narrowdyn,29,F_full,TIMEOUT,0,0,0,40.1,12.1045,0.0258,401,6.0,0.815,0.001054,5e-06,400,0.815,14,1,1
narrowdyn,29,Fminus_nogap,TIMEOUT,0,0,0,40.1,3.7893,0.0258,401,6.0,0.815,0.001054,5e-06,400,0.815,14,1,1
dynamic,34,A_stock,COLLISION,0,1,0,6.9,2.6812,-0.0051,69,2.0,0.0,0.0,0.0,0,0.0,1,1,1
dynamic,34,C_escape,COLLISION,0,1,0,6.9,2.6812,-0.0051,69,2.0,0.0,0.0,0.0,0,0.0,1,1,1
dynamic,34,D_cbf,COLLISION,0,1,0,7.3,2.7925,-0.0007,73,2.0,0.0,0.000679,1.4e-05,72,0.0,1,1,1
dynamic,34,E_indep,COLLISION,0,1,0,7.3,2.7925,-0.0007,73,2.0,0.0,0.000679,1.4e-05,72,0.0,1,1,1
dynamic,34,F_full,COLLISION,0,1,0,7.3,2.7925,-0.0007,73,2.0,0.0,0.000679,1.4e-05,72,0.0,1,1,1
dynamic,34,Fminus_nogap,COLLISION,0,1,0,7.3,2.7925,-0.0007,73,2.0,0.0,0.000679,1.4e-05,72,0.0,1,1,1
clutter,34,A_stock,TIMEOUT,0,0,0,40.1,2.4899,0.3515,401,2.0,0.0,0.0,0.0,0,0.0,8,0,1
clutter,34,C_escape,SUCCESS,1,0,1,25.3,7.2347,0.3357,253,2.0,0.0,0.0,0.0,0,0.0833,8,0,1
clutter,34,D_cbf,TIMEOUT,0,0,0,40.1,2.4899,0.3515,401,2.0,0.0,0.0,0.0,400,0.0,8,0,1
clutter,34,E_indep,SUCCESS,1,0,1,25.3,7.2347,0.3357,253,2.0,0.0,0.0,0.0,252,0.0833,8,0,1
clutter,34,F_full,SUCCESS,1,0,1,25.3,7.2347,0.3357,253,6.0,0.0833,0.0,0.0,252,0.0833,8,0,1
clutter,34,Fminus_nogap,TIMEOUT,0,0,0,40.1,2.4949,0.3509,401,6.0,0.7,0.0,0.0,400,0.7,8,0,1
narrowdyn,33,A_stock,TIMEOUT,0,0,0,40.1,2.8697,0.3312,401,2.0,0.0,0.0,0.0,0,0.0,11,1,1
narrowdyn,33,C_escape,SUCCESS,1,0,1,25.0,7.3494,0.315,250,2.0,0.0,0.0,0.0,0,0.2329,11,1,1
narrowdyn,33,D_cbf,TIMEOUT,0,0,0,40.1,2.8697,0.3312,401,2.0,0.0,0.0,0.0,400,0.0,11,1,1
narrowdyn,33,E_indep,SUCCESS,1,0,1,25.0,7.3494,0.315,250,2.0,0.0,0.0,0.0,249,0.2329,11,1,1
narrowdyn,33,F_full,SUCCESS,1,0,1,25.0,7.3494,0.315,250,6.0,0.2329,0.0,0.0,249,0.2329,11,1,1
narrowdyn,33,Fminus_nogap,TIMEOUT,0,0,0,40.1,2.8527,0.3319,401,6.0,0.745,0.0,0.0,400,0.745,11,1,1
clutter,33,A_stock,TIMEOUT,0,0,0,40.1,2.5279,0.3217,401,2.0,0.0,0.0,0.0,0,0.0,8,0,1
clutter,33,C_escape,TIMEOUT,0,0,0,40.1,2.5477,0.323,401,2.0,0.0,0.0,0.0,0,0.6225,8,0,1
clutter,33,D_cbf,TIMEOUT,0,0,0,40.1,2.5279,0.3217,401,2.0,0.0,0.0,0.0,400,0.0,8,0,1
clutter,33,E_indep,TIMEOUT,0,0,0,40.1,2.5477,0.323,401,2.0,0.0,0.0,0.0,400,0.6225,8,0,1
clutter,33,F_full,TIMEOUT,0,0,0,40.1,2.5477,0.323,401,6.0,0.6225,0.0,0.0,400,0.6225,8,0,1
clutter,33,Fminus_nogap,TIMEOUT,0,0,0,40.1,2.5178,0.3223,401,6.0,0.6525,0.0,0.0,400,0.6525,8,0,1
dynamic,35,A_stock,SUCCESS,1,0,1,19.2,7.7292,0.0623,192,2.0,0.0,0.0,0.0,0,0.0,2,1,1
dynamic,35,C_escape,SUCCESS,1,0,1,19.2,7.7281,0.0623,192,2.0,0.0,0.0,0.0,0,0.0733,2,1,1
dynamic,35,D_cbf,SUCCESS,1,0,1,19.0,7.6791,0.0603,190,2.0,0.0,0.000293,2e-06,189,0.0,2,1,1
dynamic,35,E_indep,SUCCESS,1,0,1,19.0,7.6809,0.0603,190,2.0,0.0,0.000293,2e-06,189,0.0847,2,1,1
dynamic,35,F_full,SUCCESS,1,0,1,19.0,7.6809,0.0603,190,6.0,0.0847,0.000293,2e-06,189,0.0847,2,1,1
dynamic,35,Fminus_nogap,SUCCESS,1,0,1,19.0,7.6799,0.0603,190,6.0,0.0847,0.000293,2e-06,189,0.0847,2,1,1
narrowdyn,32,A_stock,TIMEOUT,0,0,0,40.1,3.5453,0.3168,401,2.0,0.0,0.0,0.0,0,0.0,12,1,1
narrowdyn,32,C_escape,TIMEOUT,0,0,0,40.1,12.0263,0.1642,401,2.0,0.0,0.0,0.0,0,0.4675,12,1,1
narrowdyn,32,D_cbf,TIMEOUT,0,0,0,40.1,3.5453,0.3168,401,2.0,0.0,0.0,0.0,400,0.0,12,1,1
narrowdyn,32,E_indep,TIMEOUT,0,0,0,40.1,12.0263,0.1642,401,2.0,0.0,1e-06,0.0,400,0.4675,12,1,1
narrowdyn,32,F_full,TIMEOUT,0,0,0,40.1,12.0263,0.1642,401,6.0,0.4675,1e-06,0.0,400,0.4675,12,1,1
narrowdyn,32,Fminus_nogap,TIMEOUT,0,0,0,40.1,3.5341,0.3164,401,6.0,0.6775,0.0,0.0,400,0.6775,12,1,1
narrowdyn,34,A_stock,TIMEOUT,0,0,0,40.1,3.8401,0.2633,401,2.0,0.0,0.0,0.0,0,0.0,14,2,1
narrowdyn,34,C_escape,SUCCESS,1,0,1,28.1,9.2161,0.2633,281,2.0,0.0,0.0,0.0,0,0.3357,14,2,1
narrowdyn,34,D_cbf,TIMEOUT,0,0,0,40.1,3.8401,0.2633,401,2.0,0.0,0.0,0.0,400,0.0,14,2,1
narrowdyn,34,E_indep,SUCCESS,1,0,1,28.1,9.2161,0.2633,281,2.0,0.0,0.0,0.0,280,0.3357,14,2,1
narrowdyn,34,F_full,SUCCESS,1,0,1,28.1,9.2161,0.2633,281,6.0,0.3357,0.0,0.0,280,0.3357,14,2,1
narrowdyn,34,Fminus_nogap,TIMEOUT,0,0,0,40.1,3.8554,0.2633,401,6.0,0.4675,0.0,0.0,400,0.4675,14,2,1
clutter,36,A_stock,SUCCESS,1,0,1,15.5,5.9861,0.382,155,2.0,0.0,0.0,0.0,0,0.0,6,0,1
clutter,36,C_escape,SUCCESS,1,0,1,15.5,5.9861,0.382,155,2.0,0.0,0.0,0.0,0,0.0,6,0,1
clutter,36,D_cbf,SUCCESS,1,0,1,15.5,5.9861,0.382,155,2.0,0.0,0.0,0.0,154,0.0,6,0,1
clutter,36,E_indep,SUCCESS,1,0,1,15.5,5.9861,0.382,155,2.0,0.0,0.0,0.0,154,0.0,6,0,1
clutter,36,F_full,SUCCESS,1,0,1,15.5,5.9861,0.382,155,2.0,0.0,0.0,0.0,154,0.0,6,0,1
clutter,36,Fminus_nogap,SUCCESS,1,0,1,15.5,5.9861,0.382,155,2.0,0.0,0.0,0.0,154,0.0,6,0,1
utrap,34,A_stock,TIMEOUT,0,0,0,40.1,3.1489,0.3229,401,2.0,0.0,0.0,0.0,0,0.0,12,0,1
utrap,34,C_escape,TIMEOUT,0,0,0,40.1,9.3916,0.3137,401,2.0,0.0,0.0,0.0,0,0.495,12,0,1
utrap,34,D_cbf,TIMEOUT,0,0,0,40.1,3.149,0.3229,401,2.0,0.0,0.0,0.0,400,0.0,12,0,1
utrap,34,E_indep,TIMEOUT,0,0,0,40.1,9.3916,0.3137,401,2.0,0.0,0.0,0.0,400,0.495,12,0,1
utrap,34,F_full,TIMEOUT,0,0,0,40.1,9.3916,0.3137,401,6.0,0.495,0.0,0.0,400,0.495,12,0,1
utrap,34,Fminus_nogap,TIMEOUT,0,0,0,40.1,3.1493,0.3279,401,6.0,0.5725,0.0,0.0,400,0.5725,12,0,1
clutter,35,A_stock,TIMEOUT,0,0,0,40.1,2.659,0.3413,401,2.0,0.0,0.0,0.0,0,0.0,6,0,1
clutter,35,C_escape,TIMEOUT,0,0,0,40.1,4.8094,0.3127,401,2.0,0.0,0.0,0.0,0,0.53,6,0,1
clutter,35,D_cbf,TIMEOUT,0,0,0,40.1,2.659,0.3413,401,2.0,0.0,0.0,0.0,400,0.0,6,0,1
clutter,35,E_indep,TIMEOUT,0,0,0,40.1,4.8094,0.3127,401,2.0,0.0,0.0,0.0,400,0.53,6,0,1
clutter,35,F_full,TIMEOUT,0,0,0,40.1,4.8094,0.3127,401,6.0,0.53,0.0,0.0,400,0.53,6,0,1
clutter,35,Fminus_nogap,TIMEOUT,0,0,0,40.1,2.6619,0.3421,401,6.0,0.6325,0.0,0.0,400,0.6325,6,0,1
dynamic,36,A_stock,SUCCESS,1,0,1,27.9,11.6653,0.0423,279,2.0,0.0,0.0,0.0,0,0.0,2,1,1
dynamic,36,C_escape,SUCCESS,1,0,1,27.5,11.5557,0.0248,275,2.0,0.0,0.0,0.0,0,0.4161,2,1,1
dynamic,36,D_cbf,SUCCESS,1,0,1,29.9,12.4956,0.0365,299,2.0,0.0,0.000226,1e-06,298,0.0,2,1,1
dynamic,36,E_indep,COLLISION,0,1,0,11.2,4.4941,-0.0137,112,2.0,0.0,0.011325,0.000454,111,0.4234,2,1,1
dynamic,36,F_full,COLLISION,0,1,0,11.2,4.4941,-0.0137,112,6.0,0.3514,0.011325,0.000454,111,0.4234,2,1,1
dynamic,36,Fminus_nogap,SUCCESS,1,0,1,30.0,12.4879,0.0363,300,6.0,0.4615,0.000226,1e-06,299,0.4749,2,1,1
clutter,37,A_stock,SUCCESS,1,0,1,15.3,5.869,0.326,153,2.0,0.0,0.0,0.0,0,0.0,5,0,1
clutter,37,C_escape,SUCCESS,1,0,1,15.3,5.869,0.326,153,2.0,0.0,0.0,0.0,0,0.0,5,0,1
clutter,37,D_cbf,SUCCESS,1,0,1,15.3,5.869,0.326,153,2.0,0.0,0.0,0.0,152,0.0,5,0,1
clutter,37,E_indep,SUCCESS,1,0,1,15.3,5.869,0.326,153,2.0,0.0,0.0,0.0,152,0.0,5,0,1
clutter,37,F_full,SUCCESS,1,0,1,15.3,5.869,0.326,153,2.0,0.0,0.0,0.0,152,0.0,5,0,1
clutter,37,Fminus_nogap,SUCCESS,1,0,1,15.3,5.869,0.326,153,2.0,0.0,0.0,0.0,152,0.0,5,0,1
dynamic,37,A_stock,COLLISION,0,1,0,6.9,2.8459,-0.0054,69,2.0,0.0,0.0,0.0,0,0.0,2,2,1
dynamic,37,C_escape,COLLISION,0,1,0,6.9,2.8459,-0.0054,69,2.0,0.0,0.0,0.0,0,0.0,2,2,1
dynamic,37,D_cbf,SUCCESS,1,0,1,23.0,5.9531,0.0427,230,2.0,0.0,0.014654,0.000691,229,0.0,2,2,1
dynamic,37,E_indep,SUCCESS,1,0,1,23.3,6.1477,0.0427,233,2.0,0.0,0.014654,0.000677,232,0.1595,2,2,1
dynamic,37,F_full,SUCCESS,1,0,1,23.2,6.1186,0.0427,232,6.0,0.1602,0.014654,0.000675,231,0.1602,2,2,1
dynamic,37,Fminus_nogap,SUCCESS,1,0,1,23.0,5.9558,0.0427,230,6.0,0.1441,0.014654,0.000687,229,0.1441,2,2,1
utrap,36,A_stock,TIMEOUT,0,0,0,40.1,3.0452,0.3227,401,2.0,0.0,0.0,0.0,0,0.0,10,0,1
utrap,36,C_escape,SUCCESS,1,0,1,36.8,8.6461,0.3205,368,2.0,0.0,0.0,0.0,0,0.4114,10,0,1
utrap,36,D_cbf,TIMEOUT,0,0,0,40.1,3.0452,0.3227,401,2.0,0.0,0.0,0.0,400,0.0,10,0,1
utrap,36,E_indep,SUCCESS,1,0,1,36.8,8.6461,0.3205,368,2.0,0.0,0.0,0.0,367,0.4114,10,0,1
utrap,36,F_full,SUCCESS,1,0,1,36.8,8.6461,0.3205,368,6.0,0.4114,0.0,0.0,367,0.4114,10,0,1
utrap,36,Fminus_nogap,TIMEOUT,0,0,0,40.1,3.0496,0.3227,401,6.0,0.6575,0.0,0.0,400,0.6575,10,0,1
utrap,35,A_stock,TIMEOUT,0,0,0,40.1,3.975,0.2985,401,2.0,0.0,0.0,0.0,0,0.0,12,0,1
utrap,35,C_escape,TIMEOUT,0,0,0,40.1,9.952,0.2985,401,2.0,0.0,0.0,0.0,0,0.51,12,0,1
utrap,35,D_cbf,TIMEOUT,0,0,0,40.1,4.0345,0.2989,401,2.0,0.0,0.0,0.0,400,0.0,12,0,1
utrap,35,E_indep,TIMEOUT,0,0,0,40.1,9.9198,0.2983,401,2.0,0.0,0.0,0.0,400,0.5325,12,0,1
utrap,35,F_full,TIMEOUT,0,0,0,40.1,9.9198,0.2983,401,6.0,0.5325,0.0,0.0,400,0.5325,12,0,1
utrap,35,Fminus_nogap,TIMEOUT,0,0,0,40.1,4.0488,0.2989,401,6.0,0.695,0.0,0.0,400,0.695,12,0,1
narrowdyn,37,A_stock,TIMEOUT,0,0,0,40.1,3.9123,0.0456,401,2.0,0.0,0.0,0.0,0,0.0,14,2,1
narrowdyn,37,C_escape,SUCCESS,1,0,1,26.4,9.3476,0.0456,264,2.0,0.0,0.0,0.0,0,0.4106,14,2,1
narrowdyn,37,D_cbf,COLLISION,0,1,0,7.0,2.0216,-0.0039,70,2.0,0.0,0.012504,0.000679,69,0.0,14,2,1
narrowdyn,37,E_indep,COLLISION,0,1,0,7.0,2.0216,-0.0039,70,2.0,0.0,0.012504,0.000679,69,0.0,14,2,1
narrowdyn,37,F_full,COLLISION,0,1,0,7.0,2.0216,-0.0039,70,2.0,0.0,0.012504,0.000679,69,0.0,14,2,1
narrowdyn,37,Fminus_nogap,COLLISION,0,1,0,7.0,2.0216,-0.0039,70,2.0,0.0,0.012504,0.000679,69,0.0,14,2,1
dynamic,38,A_stock,SUCCESS,1,0,1,22.8,6.4824,0.2278,228,2.0,0.0,0.0,0.0,0,0.0,3,2,1
dynamic,38,C_escape,SUCCESS,1,0,1,23.2,6.3448,0.2278,232,2.0,0.0,0.0,0.0,0,0.1126,3,2,1
dynamic,38,D_cbf,SUCCESS,1,0,1,18.6,6.3532,0.2642,186,2.0,0.0,0.003613,3.2e-05,185,0.0,3,2,1
dynamic,38,E_indep,SUCCESS,1,0,1,18.5,6.2915,0.2642,185,2.0,0.0,0.003613,3.2e-05,184,0.1141,3,2,1
dynamic,38,F_full,SUCCESS,1,0,1,18.5,6.2915,0.2642,185,6.0,0.1141,0.003613,3.2e-05,184,0.1141,3,2,1
dynamic,38,Fminus_nogap,SUCCESS,1,0,1,18.6,6.3479,0.2642,186,6.0,0.1189,0.003613,3.2e-05,185,0.1189,3,2,1
narrowdyn,36,A_stock,TIMEOUT,0,0,0,40.1,3.4395,0.2818,401,2.0,0.0,0.0,0.0,0,0.0,12,2,1
narrowdyn,36,C_escape,SUCCESS,1,0,1,32.8,8.4432,0.2818,328,2.0,0.0,0.0,0.0,0,0.4098,12,2,1
narrowdyn,36,D_cbf,TIMEOUT,0,0,0,40.1,3.3688,0.2919,401,2.0,0.0,0.000172,1e-06,400,0.0,12,2,1
narrowdyn,36,E_indep,SUCCESS,1,0,1,32.6,8.3784,0.2919,326,2.0,0.0,0.000172,1e-06,325,0.4062,12,2,1
narrowdyn,36,F_full,SUCCESS,1,0,1,32.6,8.3784,0.2919,326,6.0,0.4062,0.000172,1e-06,325,0.4062,12,2,1
narrowdyn,36,Fminus_nogap,TIMEOUT,0,0,0,40.1,3.3685,0.2919,401,6.0,0.6125,0.000172,1e-06,400,0.6125,12,2,1
narrowdyn,35,A_stock,TIMEOUT,0,0,0,40.1,4.7382,0.0506,401,2.0,0.0,0.0,0.0,0,0.0,14,2,1
narrowdyn,35,C_escape,SUCCESS,1,0,1,33.2,11.148,0.0737,332,2.0,0.0,0.0,0.0,0,0.4713,14,2,1
narrowdyn,35,D_cbf,TIMEOUT,0,0,0,40.1,5.1624,0.0709,401,2.0,0.0,6.9e-05,0.0,400,0.0,14,2,1
narrowdyn,35,E_indep,TIMEOUT,0,0,0,40.1,9.7106,0.0709,401,2.0,0.0,6.9e-05,0.0,400,0.6425,14,2,1
narrowdyn,35,F_full,TIMEOUT,0,0,0,40.1,9.7106,0.0709,401,6.0,0.6425,6.9e-05,0.0,400,0.6425,14,2,1
narrowdyn,35,Fminus_nogap,TIMEOUT,0,0,0,40.1,5.1337,0.0709,401,6.0,0.7225,6.9e-05,0.0,400,0.7225,14,2,1
utrap,37,A_stock,TIMEOUT,0,0,0,40.1,3.0375,0.3831,401,2.0,0.0,0.0,0.0,0,0.0,12,0,1
utrap,37,C_escape,SUCCESS,1,0,1,39.6,9.2384,0.3265,396,2.0,0.0,0.0,0.0,0,0.4354,12,0,1
utrap,37,D_cbf,TIMEOUT,0,0,0,40.1,3.0375,0.3831,401,2.0,0.0,0.0,0.0,400,0.0,12,0,1
utrap,37,E_indep,SUCCESS,1,0,1,39.6,9.2384,0.3265,396,2.0,0.0,0.0,0.0,395,0.4354,12,0,1
utrap,37,F_full,SUCCESS,1,0,1,39.6,9.2384,0.3265,396,6.0,0.4354,0.0,0.0,395,0.4354,12,0,1
utrap,37,Fminus_nogap,TIMEOUT,0,0,0,40.1,3.0388,0.3923,401,6.0,0.7025,0.0,0.0,400,0.7025,12,0,1
dynamic,39,A_stock,SUCCESS,1,0,1,16.5,6.5301,0.1337,165,2.0,0.0,0.0,0.0,0,0.0,2,1,1
dynamic,39,C_escape,SUCCESS,1,0,1,16.5,6.5301,0.1337,165,2.0,0.0,0.0,0.0,0,0.0,2,1,1
dynamic,39,D_cbf,SUCCESS,1,0,1,16.6,6.5483,0.1347,166,2.0,0.0,0.000972,6e-06,165,0.0,2,1,1
dynamic,39,E_indep,SUCCESS,1,0,1,16.6,6.5483,0.1347,166,2.0,0.0,0.000972,6e-06,165,0.0,2,1,1
dynamic,39,F_full,SUCCESS,1,0,1,16.6,6.5483,0.1347,166,2.0,0.0,0.000972,6e-06,165,0.0,2,1,1
dynamic,39,Fminus_nogap,SUCCESS,1,0,1,16.6,6.5483,0.1347,166,2.0,0.0,0.000972,6e-06,165,0.0,2,1,1
utrap,38,A_stock,TIMEOUT,0,0,0,40.1,3.2388,0.3191,401,2.0,0.0,0.0,0.0,0,0.0,11,0,1
utrap,38,C_escape,SUCCESS,1,0,1,36.6,9.9323,0.3191,366,2.0,0.0,0.0,0.0,0,0.3342,11,0,1
utrap,38,D_cbf,TIMEOUT,0,0,0,40.1,3.2388,0.3191,401,2.0,0.0,0.0,0.0,400,0.0,11,0,1
utrap,38,E_indep,SUCCESS,1,0,1,36.6,9.9314,0.3191,366,2.0,0.0,0.0,0.0,365,0.3342,11,0,1
utrap,38,F_full,SUCCESS,1,0,1,36.6,9.9314,0.3191,366,6.0,0.3342,0.0,0.0,365,0.3342,11,0,1
utrap,38,Fminus_nogap,TIMEOUT,0,0,0,40.1,3.2444,0.3191,401,6.0,0.59,0.0,0.0,400,0.59,11,0,1
clutter,38,A_stock,TIMEOUT,0,0,0,40.1,2.8261,0.3283,401,2.0,0.0,0.0,0.0,0,0.0,9,0,1
clutter,38,C_escape,TIMEOUT,0,0,0,40.1,2.937,0.3267,401,2.0,0.0,0.0,0.0,0,0.5275,9,0,1
clutter,38,D_cbf,TIMEOUT,0,0,0,40.1,2.8261,0.3283,401,2.0,0.0,0.0,0.0,400,0.0,9,0,1
clutter,38,E_indep,TIMEOUT,0,0,0,40.1,2.937,0.3267,401,2.0,0.0,0.0,0.0,400,0.5275,9,0,1
clutter,38,F_full,TIMEOUT,0,0,0,40.1,2.937,0.3267,401,6.0,0.5275,0.0,0.0,400,0.5275,9,0,1
clutter,38,Fminus_nogap,TIMEOUT,0,0,0,40.1,2.8188,0.3305,401,6.0,0.615,0.0,0.0,400,0.615,9,0,1
utrap,39,A_stock,TIMEOUT,0,0,0,40.1,1.5546,0.3362,401,2.0,0.0,0.0,0.0,0,0.0,11,0,1
utrap,39,C_escape,SUCCESS,1,0,1,33.5,6.6716,0.3237,335,2.0,0.0,0.0,0.0,0,0.1707,11,0,1
utrap,39,D_cbf,TIMEOUT,0,0,0,40.1,1.5546,0.3362,401,2.0,0.0,0.0,0.0,400,0.0,11,0,1
utrap,39,E_indep,SUCCESS,1,0,1,33.5,6.6716,0.3237,335,2.0,0.0,0.0,0.0,334,0.1707,11,0,1
utrap,39,F_full,SUCCESS,1,0,1,33.5,6.6716,0.3237,335,6.0,0.1707,0.0,0.0,334,0.1707,11,0,1
utrap,39,Fminus_nogap,TIMEOUT,0,0,0,40.1,1.5447,0.3362,401,6.0,0.765,0.0,0.0,400,0.765,11,0,1
clutter,40,A_stock,SUCCESS,1,0,1,15.5,6.0864,0.3259,155,2.0,0.0,0.0,0.0,0,0.0,6,0,1
clutter,40,C_escape,SUCCESS,1,0,1,15.5,6.0864,0.3259,155,2.0,0.0,0.0,0.0,0,0.0,6,0,1
clutter,40,D_cbf,SUCCESS,1,0,1,15.5,6.0864,0.3259,155,2.0,0.0,0.0,0.0,154,0.0,6,0,1
clutter,40,E_indep,SUCCESS,1,0,1,15.5,6.0864,0.3259,155,2.0,0.0,0.0,0.0,154,0.0,6,0,1
clutter,40,F_full,SUCCESS,1,0,1,15.5,6.0864,0.3259,155,2.0,0.0,0.0,0.0,154,0.0,6,0,1
clutter,40,Fminus_nogap,SUCCESS,1,0,1,15.5,6.0864,0.3259,155,2.0,0.0,0.0,0.0,154,0.0,6,0,1
dynamic,40,A_stock,SUCCESS,1,0,1,14.1,5.7262,0.106,141,2.0,0.0,0.0,0.0,0,0.0,3,2,1
dynamic,40,C_escape,SUCCESS,1,0,1,14.1,5.7262,0.106,141,2.0,0.0,0.0,0.0,0,0.0,3,2,1
dynamic,40,D_cbf,SUCCESS,1,0,1,14.1,5.719,0.1085,141,2.0,0.0,0.000367,3e-06,140,0.0,3,2,1
dynamic,40,E_indep,SUCCESS,1,0,1,14.1,5.719,0.1085,141,2.0,0.0,0.000367,3e-06,140,0.0,3,2,1
dynamic,40,F_full,SUCCESS,1,0,1,14.1,5.719,0.1085,141,2.0,0.0,0.000367,3e-06,140,0.0,3,2,1
dynamic,40,Fminus_nogap,SUCCESS,1,0,1,14.1,5.719,0.1085,141,2.0,0.0,0.000367,3e-06,140,0.0,3,2,1
narrowdyn,40,A_stock,COLLISION,0,1,0,8.3,2.7918,-0.0084,83,2.0,0.0,0.0,0.0,0,0.0,13,1,1
narrowdyn,40,C_escape,COLLISION,0,1,0,8.3,2.7918,-0.0084,83,2.0,0.0,0.0,0.0,0,0.0,13,1,1
narrowdyn,40,D_cbf,COLLISION,0,1,0,8.4,2.7616,-0.008,84,2.0,0.0,0.001897,4.6e-05,83,0.0,13,1,1
narrowdyn,40,E_indep,COLLISION,0,1,0,8.4,2.7616,-0.008,84,2.0,0.0,0.001897,4.6e-05,83,0.0,13,1,1
narrowdyn,40,F_full,COLLISION,0,1,0,8.4,2.7616,-0.008,84,2.0,0.0,0.001897,4.6e-05,83,0.0,13,1,1
narrowdyn,40,Fminus_nogap,COLLISION,0,1,0,8.4,2.7616,-0.008,84,2.0,0.0,0.001897,4.6e-05,83,0.0,13,1,1
narrowdyn,38,A_stock,TIMEOUT,0,0,0,40.1,3.3847,0.3029,401,2.0,0.0,0.0,0.0,0,0.0,12,1,1
narrowdyn,38,C_escape,SUCCESS,1,0,1,29.6,9.676,0.3018,296,2.0,0.0,0.0,0.0,0,0.4305,12,1,1
narrowdyn,38,D_cbf,TIMEOUT,0,0,0,40.1,3.3845,0.3029,401,2.0,0.0,0.0,0.0,400,0.0,12,1,1
narrowdyn,38,E_indep,SUCCESS,1,0,1,29.6,9.6759,0.3018,296,2.0,0.0,0.0,0.0,295,0.4305,12,1,1
narrowdyn,38,F_full,SUCCESS,1,0,1,29.6,9.6759,0.3018,296,6.0,0.4305,0.0,0.0,295,0.4305,12,1,1
narrowdyn,38,Fminus_nogap,TIMEOUT,0,0,0,40.1,3.3786,0.3029,401,6.0,0.5325,0.0,0.0,400,0.5325,12,1,1
dynamic,41,A_stock,SUCCESS,1,0,1,21.5,5.9893,0.2881,215,2.0,0.0,0.0,0.0,0,0.0,5,2,1
dynamic,41,C_escape,SUCCESS,1,0,1,21.7,6.0094,0.2881,217,2.0,0.0,0.0,0.0,0,0.0509,5,2,1
dynamic,41,D_cbf,SUCCESS,1,0,1,21.3,5.9549,0.2886,213,2.0,0.0,3.9e-05,0.0,212,0.0,5,2,1
dynamic,41,E_indep,SUCCESS,1,0,1,21.8,6.0118,0.2886,218,2.0,0.0,3.9e-05,0.0,217,0.0507,5,2,1
dynamic,41,F_full,SUCCESS,1,0,1,21.8,6.0118,0.2886,218,6.0,0.0507,3.9e-05,0.0,217,0.0507,5,2,1
dynamic,41,Fminus_nogap,SUCCESS,1,0,1,21.3,5.9569,0.2886,213,6.0,0.0566,3.9e-05,0.0,212,0.0566,5,2,1
clutter,39,A_stock,TIMEOUT,0,0,0,40.1,2.8013,0.3243,401,2.0,0.0,0.0,0.0,0,0.0,8,0,1
clutter,39,C_escape,TIMEOUT,0,0,0,40.1,2.8167,0.3308,401,2.0,0.0,0.0,0.0,0,0.6925,8,0,1
clutter,39,D_cbf,TIMEOUT,0,0,0,40.1,2.8013,0.3243,401,2.0,0.0,0.0,0.0,400,0.0,8,0,1
clutter,39,E_indep,TIMEOUT,0,0,0,40.1,2.8167,0.3308,401,2.0,0.0,0.0,0.0,400,0.6925,8,0,1
clutter,39,F_full,TIMEOUT,0,0,0,40.1,2.8167,0.3308,401,6.0,0.6925,0.0,0.0,400,0.6925,8,0,1
clutter,39,Fminus_nogap,TIMEOUT,0,0,0,40.1,2.7747,0.3311,401,6.0,0.7075,0.0,0.0,400,0.7075,8,0,1
narrowdyn,39,A_stock,TIMEOUT,0,0,0,40.1,1.5546,0.3362,401,2.0,0.0,0.0,0.0,0,0.0,12,1,1
narrowdyn,39,C_escape,SUCCESS,1,0,1,33.5,6.6728,0.3247,335,2.0,0.0,0.0,0.0,0,0.1677,12,1,1
narrowdyn,39,D_cbf,TIMEOUT,0,0,0,40.1,1.5546,0.3362,401,2.0,0.0,0.0,0.0,400,0.0,12,1,1
narrowdyn,39,E_indep,SUCCESS,1,0,1,33.5,6.6728,0.3247,335,2.0,0.0,0.0,0.0,334,0.1677,12,1,1
narrowdyn,39,F_full,SUCCESS,1,0,1,33.5,6.6728,0.3247,335,6.0,0.1677,0.0,0.0,334,0.1677,12,1,1
narrowdyn,39,Fminus_nogap,TIMEOUT,0,0,0,40.1,1.5447,0.3362,401,6.0,0.765,0.0,0.0,400,0.765,12,1,1
utrap,40,A_stock,TIMEOUT,0,0,0,40.1,3.3104,0.3263,401,2.0,0.0,0.0,0.0,0,0.0,12,0,1
utrap,40,C_escape,SUCCESS,1,0,1,29.4,8.8902,0.3259,294,2.0,0.0,0.0,0.0,0,0.3857,12,0,1
utrap,40,D_cbf,TIMEOUT,0,0,0,40.1,3.3105,0.3263,401,2.0,0.0,0.0,0.0,400,0.0,12,0,1
utrap,40,E_indep,SUCCESS,1,0,1,29.4,8.8902,0.3259,294,2.0,0.0,0.0,0.0,293,0.3857,12,0,1
utrap,40,F_full,SUCCESS,1,0,1,29.4,8.8902,0.3259,294,6.0,0.3857,0.0,0.0,293,0.3857,12,0,1
utrap,40,Fminus_nogap,TIMEOUT,0,0,0,40.1,3.2948,0.3288,401,6.0,0.635,0.0,0.0,400,0.635,12,0,1
utrap,41,A_stock,TIMEOUT,0,0,0,40.1,3.1534,0.32,401,2.0,0.0,0.0,0.0,0,0.0,11,0,1
utrap,41,C_escape,SUCCESS,1,0,1,30.6,9.2984,0.32,306,2.0,0.0,0.0,0.0,0,0.4393,11,0,1
utrap,41,D_cbf,TIMEOUT,0,0,0,40.1,3.1534,0.32,401,2.0,0.0,0.0,0.0,400,0.0,11,0,1
utrap,41,E_indep,SUCCESS,1,0,1,30.6,9.2993,0.32,306,2.0,0.0,0.0,0.0,305,0.4393,11,0,1
utrap,41,F_full,SUCCESS,1,0,1,30.6,9.2993,0.32,306,6.0,0.4393,0.0,0.0,305,0.4393,11,0,1
utrap,41,Fminus_nogap,TIMEOUT,0,0,0,40.1,3.1677,0.32,401,6.0,0.61,0.0,0.0,400,0.61,11,0,1
dynamic,42,A_stock,SUCCESS,1,0,1,24.5,6.8277,0.252,245,2.0,0.0,0.0,0.0,0,0.0,3,2,1
dynamic,42,C_escape,SUCCESS,1,0,1,25.1,6.9119,0.252,251,2.0,0.0,0.0,0.0,0,0.06,3,2,1
dynamic,42,D_cbf,SUCCESS,1,0,1,24.4,6.768,0.2653,244,2.0,0.0,0.000329,3e-06,243,0.0,3,2,1
dynamic,42,E_indep,SUCCESS,1,0,1,24.8,6.824,0.2653,248,2.0,0.0,0.000329,3e-06,247,0.0567,3,2,1
dynamic,42,F_full,SUCCESS,1,0,1,24.8,6.824,0.2653,248,6.0,0.0567,0.000329,3e-06,247,0.0567,3,2,1
dynamic,42,Fminus_nogap,SUCCESS,1,0,1,24.4,6.767,0.2653,244,6.0,0.0494,0.000329,3e-06,243,0.0494,3,2,1
clutter,41,A_stock,TIMEOUT,0,0,0,40.1,2.3754,0.324,401,2.0,0.0,0.0,0.0,0,0.0,7,0,1
clutter,41,C_escape,TIMEOUT,0,0,0,40.1,2.4063,0.324,401,2.0,0.0,0.0,0.0,0,0.7025,7,0,1
clutter,41,D_cbf,TIMEOUT,0,0,0,40.1,2.3754,0.324,401,2.0,0.0,0.0,0.0,400,0.0,7,0,1
clutter,41,E_indep,TIMEOUT,0,0,0,40.1,2.4063,0.324,401,2.0,0.0,0.0,0.0,400,0.7025,7,0,1
clutter,41,F_full,TIMEOUT,0,0,0,40.1,2.4063,0.324,401,6.0,0.7025,0.0,0.0,400,0.7025,7,0,1
clutter,41,Fminus_nogap,TIMEOUT,0,0,0,40.1,2.2994,0.324,401,6.0,0.6725,0.0,0.0,400,0.6725,7,0,1
clutter,43,A_stock,SUCCESS,1,0,1,13.1,4.9401,0.5809,131,2.0,0.0,0.0,0.0,0,0.0,5,0,1
clutter,43,C_escape,SUCCESS,1,0,1,13.1,4.9401,0.5809,131,2.0,0.0,0.0,0.0,0,0.0,5,0,1
clutter,43,D_cbf,SUCCESS,1,0,1,13.1,4.9401,0.5809,131,2.0,0.0,0.0,0.0,130,0.0,5,0,1
clutter,43,E_indep,SUCCESS,1,0,1,13.1,4.9401,0.5809,131,2.0,0.0,0.0,0.0,130,0.0,5,0,1
clutter,43,F_full,SUCCESS,1,0,1,13.1,4.9401,0.5809,131,2.0,0.0,0.0,0.0,130,0.0,5,0,1
clutter,43,Fminus_nogap,SUCCESS,1,0,1,13.1,4.9401,0.5809,131,2.0,0.0,0.0,0.0,130,0.0,5,0,1
utrap,42,A_stock,TIMEOUT,0,0,0,40.1,2.7243,0.3233,401,2.0,0.0,0.0,0.0,0,0.0,11,0,1
utrap,42,C_escape,SUCCESS,1,0,1,33.0,7.4889,0.3134,330,2.0,0.0,0.0,0.0,0,0.2979,11,0,1
utrap,42,D_cbf,TIMEOUT,0,0,0,40.1,2.7243,0.3233,401,2.0,0.0,0.0,0.0,400,0.0,11,0,1
utrap,42,E_indep,SUCCESS,1,0,1,33.0,7.4889,0.3134,330,2.0,0.0,0.0,0.0,329,0.2979,11,0,1
utrap,42,F_full,SUCCESS,1,0,1,33.0,7.4889,0.3134,330,6.0,0.2979,0.0,0.0,329,0.2979,11,0,1
utrap,42,Fminus_nogap,TIMEOUT,0,0,0,40.1,2.7071,0.3233,401,6.0,0.7225,0.0,0.0,400,0.7225,11,0,1
narrowdyn,43,A_stock,COLLISION,0,1,0,6.9,2.4276,-0.0183,69,2.0,0.0,0.0,0.0,0,0.0,12,2,1
narrowdyn,43,C_escape,COLLISION,0,1,0,6.9,2.4276,-0.0183,69,2.0,0.0,0.0,0.0,0,0.0,12,2,1
narrowdyn,43,D_cbf,COLLISION,0,1,0,6.9,2.3511,-0.0036,69,2.0,0.0,0.000392,1.7e-05,68,0.0,12,2,1
narrowdyn,43,E_indep,COLLISION,0,1,0,6.9,2.3511,-0.0036,69,2.0,0.0,0.000392,1.7e-05,68,0.0,12,2,1
narrowdyn,43,F_full,COLLISION,0,1,0,6.9,2.3511,-0.0036,69,2.0,0.0,0.000392,1.7e-05,68,0.0,12,2,1
narrowdyn,43,Fminus_nogap,COLLISION,0,1,0,6.9,2.3511,-0.0036,69,2.0,0.0,0.000392,1.7e-05,68,0.0,12,2,1
dynamic,43,A_stock,SUCCESS,1,0,1,28.7,9.3253,0.1535,287,2.0,0.0,0.0,0.0,0,0.0,3,2,1
dynamic,43,C_escape,SUCCESS,1,0,1,25.8,8.2349,0.1535,258,2.0,0.0,0.0,0.0,0,0.1868,3,2,1
dynamic,43,D_cbf,SUCCESS,1,0,1,25.8,8.0221,0.2201,258,2.0,0.0,0.00021,1e-06,257,0.0,3,2,1
dynamic,43,E_indep,SUCCESS,1,0,1,25.2,7.8912,0.2201,252,2.0,0.0,0.00021,2e-06,251,0.1633,3,2,1
dynamic,43,F_full,SUCCESS,1,0,1,25.2,7.8808,0.2201,252,6.0,0.1633,0.00021,1e-06,251,0.1633,3,2,1
dynamic,43,Fminus_nogap,SUCCESS,1,0,1,25.8,8.0236,0.2201,258,6.0,0.1829,0.00021,1e-06,257,0.1829,3,2,1
clutter,42,A_stock,TIMEOUT,0,0,0,40.1,4.1392,0.3039,401,2.0,0.0,0.0,0.0,0,0.0,9,0,1
clutter,42,C_escape,TIMEOUT,0,0,0,40.1,4.1644,0.3039,401,2.0,0.0,0.0,0.0,0,0.6725,9,0,1
clutter,42,D_cbf,TIMEOUT,0,0,0,40.1,4.1383,0.3039,401,2.0,0.0,0.0,0.0,400,0.0,9,0,1
clutter,42,E_indep,TIMEOUT,0,0,0,40.1,4.1677,0.3039,401,2.0,0.0,0.0,0.0,400,0.6725,9,0,1
clutter,42,F_full,TIMEOUT,0,0,0,40.1,4.1677,0.3039,401,6.0,0.6725,0.0,0.0,400,0.6725,9,0,1
clutter,42,Fminus_nogap,TIMEOUT,0,0,0,40.1,4.1574,0.3039,401,6.0,0.6725,0.0,0.0,400,0.6725,9,0,1
narrowdyn,41,A_stock,TIMEOUT,0,0,0,40.1,3.7719,0.2781,401,2.0,0.0,0.0,0.0,0,0.0,13,2,1
narrowdyn,41,C_escape,SUCCESS,1,0,1,32.8,8.6892,0.2781,328,2.0,0.0,0.0,0.0,0,0.4312,13,2,1
narrowdyn,41,D_cbf,TIMEOUT,0,0,0,40.1,3.7408,0.285,401,2.0,0.0,0.000111,2e-06,400,0.0,13,2,1
narrowdyn,41,E_indep,SUCCESS,1,0,1,32.9,8.6812,0.285,329,2.0,0.0,0.000111,1e-06,328,0.4299,13,2,1
narrowdyn,41,F_full,SUCCESS,1,0,1,32.9,8.6812,0.285,329,6.0,0.4299,0.000111,1e-06,328,0.4299,13,2,1
narrowdyn,41,Fminus_nogap,TIMEOUT,0,0,0,40.1,3.7274,0.285,401,6.0,0.585,0.000111,1e-06,400,0.595,13,2,1
dynamic,44,A_stock,SUCCESS,1,0,1,19.6,8.2253,0.1009,196,2.0,0.0,0.0,0.0,0,0.0,3,2,1
dynamic,44,C_escape,SUCCESS,1,0,1,19.6,8.2207,0.1011,196,2.0,0.0,0.0,0.0,0,0.0103,3,2,1
dynamic,44,D_cbf,SUCCESS,1,0,1,19.6,8.2253,0.1009,196,2.0,0.0,2e-06,0.0,195,0.0,3,2,1
dynamic,44,E_indep,SUCCESS,1,0,1,19.6,8.2207,0.1011,196,2.0,0.0,2e-06,0.0,195,0.0103,3,2,1
dynamic,44,F_full,SUCCESS,1,0,1,19.6,8.2207,0.1011,196,6.0,0.0103,2e-06,0.0,195,0.0103,3,2,1
dynamic,44,Fminus_nogap,SUCCESS,1,0,1,19.6,8.2255,0.1009,196,6.0,0.0103,2e-06,0.0,195,0.0103,3,2,1
utrap,43,A_stock,TIMEOUT,0,0,0,40.1,3.3379,0.3329,401,2.0,0.0,0.0,0.0,0,0.0,10,0,1
utrap,43,C_escape,SUCCESS,1,0,1,27.5,8.8878,0.3111,275,2.0,0.0,0.0,0.0,0,0.3796,10,0,1
utrap,43,D_cbf,TIMEOUT,0,0,0,40.1,3.3379,0.3329,401,2.0,0.0,0.0,0.0,400,0.0,10,0,1
utrap,43,E_indep,SUCCESS,1,0,1,27.5,8.8878,0.3111,275,2.0,0.0,0.0,0.0,274,0.3796,10,0,1
utrap,43,F_full,SUCCESS,1,0,1,27.5,8.8878,0.3111,275,6.0,0.3796,0.0,0.0,274,0.3796,10,0,1
utrap,43,Fminus_nogap,TIMEOUT,0,0,0,40.1,3.377,0.3329,401,6.0,0.7425,0.0,0.0,400,0.7425,10,0,1
clutter,45,A_stock,SUCCESS,1,0,1,14.2,5.4227,0.3605,142,2.0,0.0,0.0,0.0,0,0.0,6,0,1
clutter,45,C_escape,SUCCESS,1,0,1,14.2,5.4227,0.3605,142,2.0,0.0,0.0,0.0,0,0.0,6,0,1
clutter,45,D_cbf,SUCCESS,1,0,1,14.2,5.4227,0.3605,142,2.0,0.0,0.0,0.0,141,0.0,6,0,1
clutter,45,E_indep,SUCCESS,1,0,1,14.2,5.4227,0.3605,142,2.0,0.0,0.0,0.0,141,0.0,6,0,1
clutter,45,F_full,SUCCESS,1,0,1,14.2,5.4227,0.3605,142,2.0,0.0,0.0,0.0,141,0.0,6,0,1
clutter,45,Fminus_nogap,SUCCESS,1,0,1,14.2,5.4227,0.3605,142,2.0,0.0,0.0,0.0,141,0.0,6,0,1
narrowdyn,42,A_stock,TIMEOUT,0,0,0,40.1,2.7243,0.3233,401,2.0,0.0,0.0,0.0,0,0.0,13,2,1
narrowdyn,42,C_escape,SUCCESS,1,0,1,33.3,7.5568,0.3137,333,2.0,0.0,0.0,0.0,0,0.3102,13,2,1
narrowdyn,42,D_cbf,TIMEOUT,0,0,0,40.1,2.7243,0.3233,401,2.0,0.0,0.0,0.0,400,0.0,13,2,1
narrowdyn,42,E_indep,SUCCESS,1,0,1,33.3,7.5568,0.3137,333,2.0,0.0,1e-06,0.0,332,0.3102,13,2,1
narrowdyn,42,F_full,SUCCESS,1,0,1,33.3,7.5568,0.3137,333,6.0,0.3102,1e-06,0.0,332,0.3102,13,2,1
narrowdyn,42,Fminus_nogap,TIMEOUT,0,0,0,40.1,2.7071,0.3233,401,6.0,0.7225,0.0,0.0,400,0.7225,13,2,1
dynamic,45,A_stock,COLLISION,0,1,0,6.7,2.6937,-0.0123,67,2.0,0.0,0.0,0.0,0,0.0,4,2,1
dynamic,45,C_escape,COLLISION,0,1,0,6.7,2.6937,-0.0123,67,2.0,0.0,0.0,0.0,0,0.0,4,2,1
dynamic,45,D_cbf,SUCCESS,1,0,1,25.9,7.4961,0.027,259,2.0,0.0,0.001026,8e-06,258,0.0,4,2,1
dynamic,45,E_indep,SUCCESS,1,0,1,28.8,8.5191,0.027,288,2.0,0.0,0.001026,7e-06,287,0.2125,4,2,1
dynamic,45,F_full,SUCCESS,1,0,1,28.8,8.5191,0.027,288,6.0,0.2125,0.001026,7e-06,287,0.2125,4,2,1
dynamic,45,Fminus_nogap,SUCCESS,1,0,1,25.9,7.501,0.027,259,6.0,0.1395,0.001026,8e-06,258,0.1395,4,2,1
narrowdyn,45,A_stock,COLLISION,0,1,0,7.6,2.5478,-0.0313,76,2.0,0.0,0.0,0.0,0,0.0,13,2,1
narrowdyn,45,C_escape,COLLISION,0,1,0,7.6,2.5478,-0.0313,76,2.0,0.0,0.0,0.0,0,0.0,13,2,1
narrowdyn,45,D_cbf,COLLISION,0,1,0,7.3,2.1145,-0.0315,73,2.0,0.0,0.300604,0.010693,72,0.0,13,2,1
narrowdyn,45,E_indep,COLLISION,0,1,0,7.3,2.1145,-0.0315,73,2.0,0.0,0.300604,0.010693,72,0.0,13,2,1
narrowdyn,45,F_full,COLLISION,0,1,0,7.3,2.1145,-0.0315,73,2.0,0.0,0.300604,0.010693,72,0.0,13,2,1
narrowdyn,45,Fminus_nogap,COLLISION,0,1,0,7.3,2.1145,-0.0315,73,2.0,0.0,0.300604,0.010693,72,0.0,13,2,1
clutter,44,A_stock,TIMEOUT,0,0,0,40.1,3.8829,0.3507,401,2.0,0.0,0.0,0.0,0,0.0,8,0,1
clutter,44,C_escape,TIMEOUT,0,0,0,40.1,3.8812,0.3507,401,2.0,0.0,0.0,0.0,0,0.67,8,0,1
clutter,44,D_cbf,TIMEOUT,0,0,0,40.1,3.8829,0.3507,401,2.0,0.0,0.0,0.0,400,0.0,8,0,1
clutter,44,E_indep,TIMEOUT,0,0,0,40.1,3.8812,0.3507,401,2.0,0.0,0.0,0.0,400,0.67,8,0,1
clutter,44,F_full,TIMEOUT,0,0,0,40.1,3.8812,0.3507,401,6.0,0.67,0.0,0.0,400,0.67,8,0,1
clutter,44,Fminus_nogap,TIMEOUT,0,0,0,40.1,3.8738,0.3507,401,6.0,0.67,0.0,0.0,400,0.67,8,0,1
utrap,44,A_stock,TIMEOUT,0,0,0,40.1,3.1081,0.321,401,2.0,0.0,0.0,0.0,0,0.0,11,0,1
utrap,44,C_escape,SUCCESS,1,0,1,37.1,9.0503,0.3213,371,2.0,0.0,0.0,0.0,0,0.4838,11,0,1
utrap,44,D_cbf,TIMEOUT,0,0,0,40.1,3.1081,0.321,401,2.0,0.0,0.0,0.0,400,0.0,11,0,1
utrap,44,E_indep,SUCCESS,1,0,1,37.1,9.0503,0.3213,371,2.0,0.0,0.0,0.0,370,0.4838,11,0,1
utrap,44,F_full,SUCCESS,1,0,1,37.1,9.0503,0.3213,371,6.0,0.4838,0.0,0.0,370,0.4838,11,0,1
utrap,44,Fminus_nogap,TIMEOUT,0,0,0,40.1,3.0854,0.3202,401,6.0,0.655,0.0,0.0,400,0.655,11,0,1
utrap,45,A_stock,TIMEOUT,0,0,0,40.1,4.4033,0.2946,401,2.0,0.0,0.0,0.0,0,0.0,11,0,1
utrap,45,C_escape,TIMEOUT,0,0,0,40.1,4.2295,0.2946,401,2.0,0.0,0.0,0.0,0,0.735,11,0,1
utrap,45,D_cbf,TIMEOUT,0,0,0,40.1,4.572,0.2946,401,2.0,0.0,0.0,0.0,400,0.0,11,0,1
utrap,45,E_indep,TIMEOUT,0,0,0,40.1,4.4532,0.2946,401,2.0,0.0,0.0,0.0,400,0.7225,11,0,1
utrap,45,F_full,TIMEOUT,0,0,0,40.1,4.4532,0.2946,401,6.0,0.7225,0.0,0.0,400,0.7225,11,0,1
utrap,45,Fminus_nogap,TIMEOUT,0,0,0,40.1,4.5321,0.2946,401,6.0,0.7225,0.0,0.0,400,0.7225,11,0,1
narrowdyn,46,A_stock,COLLISION,0,1,0,8.1,2.2377,-0.0129,81,2.0,0.0,0.0,0.0,0,0.0,13,2,1
narrowdyn,46,C_escape,COLLISION,0,1,0,8.1,2.2377,-0.0129,81,2.0,0.0,0.0,0.0,0,0.0,13,2,1
narrowdyn,46,D_cbf,COLLISION,0,1,0,8.3,2.3226,-0.001,83,2.0,0.0,0.00093,3.6e-05,82,0.0,13,2,1
narrowdyn,46,E_indep,COLLISION,0,1,0,8.3,2.3226,-0.001,83,2.0,0.0,0.00093,3.6e-05,82,0.0,13,2,1
narrowdyn,46,F_full,COLLISION,0,1,0,8.3,2.3226,-0.001,83,2.0,0.0,0.00093,3.6e-05,82,0.0,13,2,1
narrowdyn,46,Fminus_nogap,COLLISION,0,1,0,8.3,2.3226,-0.001,83,2.0,0.0,0.00093,3.6e-05,82,0.0,13,2,1
dynamic,46,A_stock,SUCCESS,1,0,1,27.7,11.8232,0.0463,277,2.0,0.0,0.0,0.0,0,0.0,1,1,1
dynamic,46,C_escape,SUCCESS,1,0,1,27.4,11.6587,0.0375,274,2.0,0.0,0.0,0.0,0,0.4432,1,1,1
dynamic,46,D_cbf,SUCCESS,1,0,1,27.7,11.8234,0.0463,277,2.0,0.0,1e-06,0.0,276,0.0,1,1,1
dynamic,46,E_indep,SUCCESS,1,0,1,27.4,11.6586,0.0375,274,2.0,0.0,1e-06,0.0,273,0.4432,1,1,1
dynamic,46,F_full,SUCCESS,1,0,1,27.4,11.6586,0.0375,274,6.0,0.4286,1e-06,0.0,273,0.4432,1,1,1
dynamic,46,Fminus_nogap,SUCCESS,1,0,1,27.7,11.8311,0.0467,277,6.0,0.4384,1e-06,0.0,276,0.4529,1,1,1
narrowdyn,44,A_stock,TIMEOUT,0,0,0,40.1,4.1198,0.26,401,2.0,0.0,0.0,0.0,0,0.0,13,2,1
narrowdyn,44,C_escape,SUCCESS,1,0,1,32.2,7.9913,0.3271,322,2.0,0.0,0.0,0.0,0,0.433,13,2,1
narrowdyn,44,D_cbf,TIMEOUT,0,0,0,40.1,4.1203,0.2707,401,2.0,0.0,0.000147,1e-06,400,0.0,13,2,1
narrowdyn,44,E_indep,SUCCESS,1,0,1,32.2,7.9913,0.3271,322,2.0,0.0,1e-06,0.0,321,0.433,13,2,1
narrowdyn,44,F_full,SUCCESS,1,0,1,32.2,7.9913,0.3271,322,6.0,0.4299,1e-06,0.0,321,0.433,13,2,1
narrowdyn,44,Fminus_nogap,TIMEOUT,0,0,0,40.1,4.1319,0.2676,401,6.0,0.665,0.000135,1e-06,400,0.6875,13,2,1
dynamic,47,A_stock,SUCCESS,1,0,1,17.1,6.3223,0.4119,171,2.0,0.0,0.0,0.0,0,0.0,1,1,1
dynamic,47,C_escape,SUCCESS,1,0,1,17.1,6.3223,0.4119,171,2.0,0.0,0.0,0.0,0,0.0,1,1,1
dynamic,47,D_cbf,SUCCESS,1,0,1,17.1,6.3223,0.4119,171,2.0,0.0,1e-06,0.0,170,0.0,1,1,1
dynamic,47,E_indep,SUCCESS,1,0,1,17.1,6.3223,0.4119,171,2.0,0.0,1e-06,0.0,170,0.0,1,1,1
dynamic,47,F_full,SUCCESS,1,0,1,17.1,6.3223,0.4119,171,2.0,0.0,1e-06,0.0,170,0.0,1,1,1
dynamic,47,Fminus_nogap,SUCCESS,1,0,1,17.1,6.3223,0.4119,171,2.0,0.0,1e-06,0.0,170,0.0,1,1,1
utrap,46,A_stock,TIMEOUT,0,0,0,40.1,2.6631,0.3213,401,2.0,0.0,0.0,0.0,0,0.0,11,0,1
utrap,46,C_escape,SUCCESS,1,0,1,36.1,9.2749,0.3141,361,2.0,0.0,0.0,0.0,0,0.4444,11,0,1
utrap,46,D_cbf,TIMEOUT,0,0,0,40.1,2.6631,0.3213,401,2.0,0.0,0.0,0.0,400,0.0,11,0,1
utrap,46,E_indep,SUCCESS,1,0,1,36.1,9.2834,0.3146,361,2.0,0.0,0.0,0.0,360,0.4444,11,0,1
utrap,46,F_full,SUCCESS,1,0,1,36.1,9.2834,0.3146,361,6.0,0.4444,0.0,0.0,360,0.4444,11,0,1
utrap,46,Fminus_nogap,TIMEOUT,0,0,0,40.1,2.6062,0.3258,401,6.0,0.6075,0.0,0.0,400,0.6075,11,0,1
utrap,47,A_stock,TIMEOUT,0,0,0,40.1,2.3058,0.3219,401,2.0,0.0,0.0,0.0,0,0.0,9,0,1
utrap,47,C_escape,SUCCESS,1,0,1,22.8,6.7014,0.3172,228,2.0,0.0,0.0,0.0,0,0.2379,9,0,1
utrap,47,D_cbf,TIMEOUT,0,0,0,40.1,2.3058,0.3219,401,2.0,0.0,0.0,0.0,400,0.0,9,0,1
utrap,47,E_indep,SUCCESS,1,0,1,22.8,6.7014,0.3172,228,2.0,0.0,0.0,0.0,227,0.2379,9,0,1
utrap,47,F_full,SUCCESS,1,0,1,22.8,6.7014,0.3172,228,6.0,0.2379,0.0,0.0,227,0.2379,9,0,1
utrap,47,Fminus_nogap,TIMEOUT,0,0,0,40.1,2.3012,0.3219,401,6.0,0.805,0.0,0.0,400,0.805,9,0,1
clutter,46,A_stock,TIMEOUT,0,0,0,40.1,3.5638,0.3309,401,2.0,0.0,0.0,0.0,0,0.0,8,0,1
clutter,46,C_escape,TIMEOUT,0,0,0,40.1,3.5467,0.3326,401,2.0,0.0,0.0,0.0,0,0.6775,8,0,1
clutter,46,D_cbf,TIMEOUT,0,0,0,40.1,3.5638,0.3309,401,2.0,0.0,0.0,0.0,400,0.0,8,0,1
clutter,46,E_indep,TIMEOUT,0,0,0,40.1,3.5467,0.3326,401,2.0,0.0,0.0,0.0,400,0.6775,8,0,1
clutter,46,F_full,TIMEOUT,0,0,0,40.1,3.5467,0.3326,401,6.0,0.6775,0.0,0.0,400,0.6775,8,0,1
clutter,46,Fminus_nogap,TIMEOUT,0,0,0,40.1,3.5544,0.3325,401,6.0,0.6775,0.0,0.0,400,0.6775,8,0,1
clutter,48,A_stock,SUCCESS,1,0,1,15.9,6.1516,0.4076,159,2.0,0.0,0.0,0.0,0,0.0,8,0,1
clutter,48,C_escape,SUCCESS,1,0,1,15.9,6.1516,0.4076,159,2.0,0.0,0.0,0.0,0,0.0,8,0,1
clutter,48,D_cbf,SUCCESS,1,0,1,15.9,6.1516,0.4076,159,2.0,0.0,0.0,0.0,158,0.0,8,0,1
clutter,48,E_indep,SUCCESS,1,0,1,15.9,6.1516,0.4076,159,2.0,0.0,0.0,0.0,158,0.0,8,0,1
clutter,48,F_full,SUCCESS,1,0,1,15.9,6.1516,0.4076,159,2.0,0.0,0.0,0.0,158,0.0,8,0,1
clutter,48,Fminus_nogap,SUCCESS,1,0,1,15.9,6.1516,0.4076,159,2.0,0.0,0.0,0.0,158,0.0,8,0,1
narrowdyn,47,A_stock,TIMEOUT,0,0,0,40.1,2.3078,0.3219,401,2.0,0.0,0.0,0.0,0,0.0,10,1,1
narrowdyn,47,C_escape,SUCCESS,1,0,1,22.8,6.699,0.3178,228,2.0,0.0,0.0,0.0,0,0.2379,10,1,1
narrowdyn,47,D_cbf,TIMEOUT,0,0,0,40.1,2.3078,0.3219,401,2.0,0.0,0.0,0.0,400,0.0,10,1,1
narrowdyn,47,E_indep,SUCCESS,1,0,1,22.8,6.699,0.3178,228,2.0,0.0,0.0,0.0,227,0.2379,10,1,1
narrowdyn,47,F_full,SUCCESS,1,0,1,22.8,6.699,0.3178,228,6.0,0.2379,0.0,0.0,227,0.2379,10,1,1
narrowdyn,47,Fminus_nogap,TIMEOUT,0,0,0,40.1,2.3026,0.3219,401,6.0,0.805,0.0,0.0,400,0.805,10,1,1
dynamic,48,A_stock,SUCCESS,1,0,1,19.1,6.4844,0.3111,191,2.0,0.0,0.0,0.0,0,0.0,3,2,1
dynamic,48,C_escape,SUCCESS,1,0,1,18.7,6.3489,0.3111,187,2.0,0.0,0.0,0.0,0,0.1505,3,2,1
dynamic,48,D_cbf,SUCCESS,1,0,1,19.2,6.5245,0.3121,192,2.0,0.0,0.000394,3e-06,191,0.0,3,2,1
dynamic,48,E_indep,SUCCESS,1,0,1,18.8,6.4466,0.3121,188,2.0,0.0,0.000394,3e-06,187,0.1604,3,2,1
dynamic,48,F_full,SUCCESS,1,0,1,18.8,6.4466,0.3121,188,6.0,0.1604,0.000394,3e-06,187,0.1604,3,2,1
dynamic,48,Fminus_nogap,SUCCESS,1,0,1,19.2,6.5213,0.3121,192,6.0,0.1832,0.000394,3e-06,191,0.1832,3,2,1
dynamic,49,A_stock,COLLISION,0,1,0,7.5,3.18,-0.0009,75,2.0,0.0,0.0,0.0,0,0.0,3,2,1
dynamic,49,C_escape,COLLISION,0,1,0,7.5,3.18,-0.0009,75,2.0,0.0,0.0,0.0,0,0.0,3,2,1
dynamic,49,D_cbf,COLLISION,0,1,0,7.7,3.2527,-0.0012,77,2.0,0.0,0.000247,8e-06,76,0.0,3,2,1
dynamic,49,E_indep,COLLISION,0,1,0,7.7,3.2527,-0.0012,77,2.0,0.0,0.000247,8e-06,76,0.0,3,2,1
dynamic,49,F_full,COLLISION,0,1,0,7.7,3.2527,-0.0012,77,2.0,0.0,0.000247,8e-06,76,0.0,3,2,1
dynamic,49,Fminus_nogap,COLLISION,0,1,0,7.7,3.2527,-0.0012,77,2.0,0.0,0.000247,8e-06,76,0.0,3,2,1
clutter,49,A_stock,SUCCESS,1,0,1,15.2,5.9407,0.4841,152,2.0,0.0,0.0,0.0,0,0.0,5,0,1
clutter,49,C_escape,SUCCESS,1,0,1,15.2,5.9407,0.4841,152,2.0,0.0,0.0,0.0,0,0.0,5,0,1
clutter,49,D_cbf,SUCCESS,1,0,1,15.2,5.9407,0.4841,152,2.0,0.0,0.0,0.0,151,0.0,5,0,1
clutter,49,E_indep,SUCCESS,1,0,1,15.2,5.9407,0.4841,152,2.0,0.0,0.0,0.0,151,0.0,5,0,1
clutter,49,F_full,SUCCESS,1,0,1,15.2,5.9407,0.4841,152,2.0,0.0,0.0,0.0,151,0.0,5,0,1
clutter,49,Fminus_nogap,SUCCESS,1,0,1,15.2,5.9407,0.4841,152,2.0,0.0,0.0,0.0,151,0.0,5,0,1
utrap,48,A_stock,TIMEOUT,0,0,0,40.1,2.1881,0.335,401,2.0,0.0,0.0,0.0,0,0.0,11,0,1
utrap,48,C_escape,SUCCESS,1,0,1,36.1,7.3794,0.327,361,2.0,0.0,0.0,0.0,0,0.1972,11,0,1
utrap,48,D_cbf,TIMEOUT,0,0,0,40.1,2.1881,0.335,401,2.0,0.0,0.0,0.0,400,0.0,11,0,1
utrap,48,E_indep,SUCCESS,1,0,1,36.1,7.3794,0.327,361,2.0,0.0,0.0,0.0,360,0.1972,11,0,1
utrap,48,F_full,SUCCESS,1,0,1,36.1,7.3794,0.327,361,6.0,0.1972,0.0,0.0,360,0.1972,11,0,1
utrap,48,Fminus_nogap,TIMEOUT,0,0,0,40.1,2.192,0.3361,401,6.0,0.6475,0.0,0.0,400,0.6475,11,0,1
clutter,47,A_stock,TIMEOUT,0,0,0,40.1,5.4277,0.3167,401,2.0,0.0,0.0,0.0,0,0.0,6,0,1
clutter,47,C_escape,TIMEOUT,0,0,0,40.1,5.4442,0.3167,401,2.0,0.0,0.0,0.0,0,0.6175,6,0,1
clutter,47,D_cbf,TIMEOUT,0,0,0,40.1,5.4276,0.3167,401,2.0,0.0,0.0,0.0,400,0.0,6,0,1
clutter,47,E_indep,TIMEOUT,0,0,0,40.1,5.4434,0.3167,401,2.0,0.0,0.0,0.0,400,0.6175,6,0,1
clutter,47,F_full,TIMEOUT,0,0,0,40.1,5.4434,0.3167,401,6.0,0.6175,0.0,0.0,400,0.6175,6,0,1
clutter,47,Fminus_nogap,TIMEOUT,0,0,0,40.1,5.4389,0.3167,401,6.0,0.6175,0.0,0.0,400,0.6175,6,0,1
utrap,49,A_stock,TIMEOUT,0,0,0,40.1,2.2298,0.3147,401,2.0,0.0,0.0,0.0,0,0.0,10,0,1
utrap,49,C_escape,SUCCESS,1,0,1,22.0,6.3528,0.3147,220,2.0,0.0,0.0,0.0,0,0.2146,10,0,1
utrap,49,D_cbf,TIMEOUT,0,0,0,40.1,2.2298,0.3147,401,2.0,0.0,0.0,0.0,400,0.0,10,0,1
utrap,49,E_indep,SUCCESS,1,0,1,22.0,6.3528,0.3147,220,2.0,0.0,0.0,0.0,219,0.2146,10,0,1
utrap,49,F_full,SUCCESS,1,0,1,22.0,6.3528,0.3147,220,6.0,0.2146,0.0,0.0,219,0.2146,10,0,1
utrap,49,Fminus_nogap,TIMEOUT,0,0,0,40.1,2.1483,0.3147,401,6.0,0.7825,0.0,0.0,400,0.7825,10,0,1
narrowdyn,48,A_stock,TIMEOUT,0,0,0,40.1,2.1881,0.335,401,2.0,0.0,0.0,0.0,0,0.0,12,1,1
narrowdyn,48,C_escape,SUCCESS,1,0,1,36.3,7.4198,0.3276,363,2.0,0.0,0.0,0.0,0,0.1961,12,1,1
narrowdyn,48,D_cbf,TIMEOUT,0,0,0,40.1,2.1881,0.335,401,2.0,0.0,0.0,0.0,400,0.0,12,1,1
narrowdyn,48,E_indep,SUCCESS,1,0,1,36.3,7.4198,0.3276,363,2.0,0.0,0.0,0.0,362,0.1961,12,1,1
narrowdyn,48,F_full,SUCCESS,1,0,1,36.3,7.4198,0.3276,363,6.0,0.1961,0.0,0.0,362,0.1961,12,1,1
narrowdyn,48,Fminus_nogap,TIMEOUT,0,0,0,40.1,2.192,0.3361,401,6.0,0.6475,0.0,0.0,400,0.6475,12,1,1
narrowdyn,49,A_stock,TIMEOUT,0,0,0,40.1,2.3806,0.3147,401,2.0,0.0,0.0,0.0,0,0.0,11,1,1
narrowdyn,49,C_escape,SUCCESS,1,0,1,23.8,6.8719,0.3147,238,2.0,0.0,0.0,0.0,0,0.2996,11,1,1
narrowdyn,49,D_cbf,TIMEOUT,0,0,0,40.1,2.3806,0.3147,401,2.0,0.0,0.0,0.0,400,0.0,11,1,1
narrowdyn,49,E_indep,SUCCESS,1,0,1,23.8,6.8719,0.3147,238,2.0,0.0,0.0,0.0,237,0.2996,11,1,1
narrowdyn,49,F_full,SUCCESS,1,0,1,23.8,6.8719,0.3147,238,6.0,0.2996,0.0,0.0,237,0.2996,11,1,1
narrowdyn,49,Fminus_nogap,TIMEOUT,0,0,0,40.1,2.3536,0.3147,401,6.0,0.74,0.0,0.0,400,0.74,11,1,1
