[INFO] [1783012940.348528884] [basic_navigator]: AMCL localizer: keeping current pose belief.
[INFO] [1783012945.367553495] [basic_navigator]: Nav2 is ready for use!
[INFO] [1783012945.368412567] [basic_navigator]: Nav2 active. Sending goal (3.0, 0.0).
[INFO] [1783012945.376475691] [basic_navigator]: Navigating to goal: 3.0 0.0...
[INFO] [1783012945.392463448] [basic_navigator]: NAVFN_PATH total=238 first5=['(-3.00,0.00)', '(-2.95,0.00)', '(-2.92,0.00)', '(-2.90,0.00)', '(-2.87,0.00)'] last5=['(2.85,0.00)', '(2.88,0.00)', '(2.90,0.00)', '(2.95,0.00)', '(3.00,0.00)']
[INFO] [1783012945.583455646] [basic_navigator]: [  0.2s] dist=6.00m amcl=(-2.99,0.00 yaw=0.00rad) odom=(0.01,0.00 yaw=0.00rad) nav=vx:0.102 wz:0.010 cmd=vx:0.102 wz:0.010
[INFO] [1783012945.785575673] [basic_navigator]: [  0.4s] dist=6.00m amcl=(-2.98,0.00 yaw=0.00rad) odom=(0.02,0.00 yaw=0.00rad) nav=vx:0.108 wz:0.003 cmd=vx:0.108 wz:0.003
[INFO] [1783012945.988153260] [basic_navigator]: [  0.6s] dist=5.95m amcl=(-2.95,0.00 yaw=0.00rad) odom=(0.05,0.00 yaw=0.00rad) nav=vx:0.101 wz:-0.009 cmd=vx:0.101 wz:-0.009
[INFO] [1783012946.191617726] [basic_navigator]: [  0.8s] dist=5.93m amcl=(-2.94,0.00 yaw=-0.00rad) odom=(0.06,0.00 yaw=-0.00rad) nav=vx:0.104 wz:-0.012 cmd=vx:0.104 wz:-0.012
[INFO] [1783012946.394046526] [basic_navigator]: [  1.0s] dist=5.93m amcl=(-2.92,0.00 yaw=-0.00rad) odom=(0.08,0.00 yaw=-0.00rad) nav=vx:0.103 wz:-0.002 cmd=vx:0.103 wz:-0.002
[INFO] [1783012946.596809369] [basic_navigator]: [  1.2s] dist=5.90m amcl=(-2.90,0.00 yaw=-0.00rad) odom=(0.10,0.00 yaw=-0.00rad) nav=vx:0.102 wz:0.001 cmd=vx:0.102 wz:0.001
[INFO] [1783012946.799460421] [basic_navigator]: [  1.4s] dist=5.90m amcl=(-2.88,-0.00 yaw=-0.00rad) odom=(0.12,-0.00 yaw=-0.00rad) nav=vx:0.108 wz:0.004 cmd=vx:0.108 wz:0.004
[INFO] [1783012947.002468030] [basic_navigator]: [  1.6s] dist=5.85m amcl=(-2.86,-0.00 yaw=-0.00rad) odom=(0.14,-0.00 yaw=-0.00rad) nav=vx:0.100 wz:0.008 cmd=vx:0.100 wz:0.008
[INFO] [1783012947.204813720] [basic_navigator]: [  1.8s] dist=5.85m amcl=(-2.84,-0.00 yaw=0.00rad) odom=(0.16,-0.00 yaw=0.00rad) nav=vx:0.103 wz:0.022 cmd=vx:0.103 wz:0.022
[INFO] [1783012947.407236101] [basic_navigator]: [  2.0s] dist=5.82m amcl=(-2.82,0.00 yaw=0.01rad) odom=(0.18,0.00 yaw=0.01rad) nav=vx:0.109 wz:0.020 cmd=vx:0.109 wz:0.020
[INFO] [1783012947.610074854] [basic_navigator]: [  2.2s] dist=5.80m amcl=(-2.81,0.00 yaw=0.01rad) odom=(0.20,0.00 yaw=0.01rad) nav=vx:0.104 wz:0.021 cmd=vx:0.104 wz:0.021
[INFO] [1783012947.811963076] [basic_navigator]: [  2.4s] dist=5.80m amcl=(-2.79,0.00 yaw=0.01rad) odom=(0.21,0.00 yaw=0.01rad) nav=vx:0.103 wz:0.007 cmd=vx:0.105 wz:0.011
[INFO] [1783012948.013318336] [basic_navigator]: [  2.6s] dist=5.75m amcl=(-2.77,0.00 yaw=0.01rad) odom=(0.23,0.00 yaw=0.01rad) nav=vx:0.103 wz:0.004 cmd=vx:0.103 wz:0.005
[INFO] [1783012948.215426415] [basic_navigator]: [  2.8s] dist=5.75m amcl=(-2.75,0.00 yaw=0.01rad) odom=(0.25,0.00 yaw=0.01rad) nav=vx:0.100 wz:-0.007 cmd=vx:0.101 wz:-0.007
[INFO] [1783012948.417992689] [basic_navigator]: [  3.0s] dist=5.72m amcl=(-2.73,0.00 yaw=0.01rad) odom=(0.27,0.00 yaw=0.01rad) nav=vx:0.102 wz:-0.013 cmd=vx:0.102 wz:-0.010
[INFO] [1783012948.620331013] [basic_navigator]: [  3.2s] dist=5.70m amcl=(-2.71,0.00 yaw=0.01rad) odom=(0.29,0.00 yaw=0.01rad) nav=vx:0.102 wz:-0.015 cmd=vx:0.100 wz:-0.019
[INFO] [1783012948.823059260] [basic_navigator]: [  3.4s] dist=5.70m amcl=(-2.70,0.00 yaw=0.01rad) odom=(0.31,0.00 yaw=0.01rad) nav=vx:0.101 wz:-0.017 cmd=vx:0.100 wz:-0.010
[INFO] [1783012949.024928656] [basic_navigator]: [  3.6s] dist=5.65m amcl=(-2.67,0.00 yaw=0.00rad) odom=(0.33,0.00 yaw=0.00rad) nav=vx:0.105 wz:-0.031 cmd=vx:0.105 wz:-0.031
[INFO] [1783012949.226892656] [basic_navigator]: [  3.8s] dist=5.65m amcl=(-2.66,0.00 yaw=-0.00rad) odom=(0.34,0.00 yaw=-0.00rad) nav=vx:0.108 wz:-0.025 cmd=vx:0.107 wz:-0.030
[INFO] [1783012949.429470514] [basic_navigator]: [  4.0s] dist=5.65m amcl=(-2.64,0.00 yaw=-0.01rad) odom=(0.37,0.00 yaw=-0.01rad) nav=vx:0.106 wz:-0.019 cmd=vx:0.108 wz:-0.020
[INFO] [1783012949.631852894] [basic_navigator]: [  4.3s] dist=5.60m amcl=(-2.62,0.00 yaw=-0.01rad) odom=(0.38,0.00 yaw=-0.01rad) nav=vx:0.106 wz:-0.028 cmd=vx:0.105 wz:-0.029
[INFO] [1783012949.834343009] [basic_navigator]: [  4.5s] dist=5.60m amcl=(-2.60,0.00 yaw=-0.02rad) odom=(0.40,0.00 yaw=-0.02rad) nav=vx:0.104 wz:-0.018 cmd=vx:0.105 wz:-0.022
[INFO] [1783012950.037045623] [basic_navigator]: [  4.7s] dist=5.57m amcl=(-2.58,0.00 yaw=-0.02rad) odom=(0.42,0.00 yaw=-0.02rad) nav=vx:0.101 wz:-0.019 cmd=vx:0.103 wz:-0.015
[INFO] [1783012950.240210240] [basic_navigator]: [  4.9s] dist=5.57m amcl=(-2.56,0.00 yaw=-0.02rad) odom=(0.44,0.00 yaw=-0.02rad) nav=vx:0.105 wz:-0.016 cmd=vx:0.101 wz:-0.016
[INFO] [1783012950.443064534] [basic_navigator]: [  5.1s] dist=5.55m amcl=(-2.55,-0.00 yaw=-0.02rad) odom=(0.45,-0.00 yaw=-0.02rad) nav=vx:0.103 wz:-0.022 cmd=vx:0.103 wz:-0.022
[INFO] [1783012950.646584065] [basic_navigator]: [  5.3s] dist=5.55m amcl=(-2.53,-0.00 yaw=-0.03rad) odom=(0.47,-0.00 yaw=-0.03rad) nav=vx:0.101 wz:-0.025 cmd=vx:0.101 wz:-0.025
[INFO] [1783012950.849130189] [basic_navigator]: [  5.5s] dist=5.50m amcl=(-2.51,-0.00 yaw=-0.03rad) odom=(0.49,-0.00 yaw=-0.03rad) nav=vx:0.108 wz:-0.019 cmd=vx:0.108 wz:-0.019
[INFO] [1783012951.051737527] [basic_navigator]: [  5.7s] dist=5.50m amcl=(-2.49,-0.00 yaw=-0.04rad) odom=(0.51,-0.00 yaw=-0.04rad) nav=vx:0.104 wz:-0.025 cmd=vx:0.104 wz:-0.025
[INFO] [1783012951.254275824] [basic_navigator]: [  5.9s] dist=5.47m amcl=(-2.48,-0.00 yaw=-0.04rad) odom=(0.52,-0.00 yaw=-0.04rad) nav=vx:0.100 wz:-0.024 cmd=vx:0.100 wz:-0.024
[INFO] [1783012951.456284786] [basic_navigator]: [  6.1s] dist=5.45m amcl=(-2.46,-0.00 yaw=-0.05rad) odom=(0.54,-0.00 yaw=-0.05rad) nav=vx:0.104 wz:-0.058 cmd=vx:0.104 wz:-0.058
[INFO] [1783012951.662513467] [basic_navigator]: [  6.3s] dist=5.45m amcl=(-2.44,-0.00 yaw=-0.06rad) odom=(0.56,-0.00 yaw=-0.06rad) nav=vx:0.105 wz:-0.077 cmd=vx:0.105 wz:-0.077
[INFO] [1783012951.864944882] [basic_navigator]: [  6.5s] dist=5.40m amcl=(-2.42,-0.01 yaw=-0.07rad) odom=(0.58,-0.01 yaw=-0.07rad) nav=vx:0.105 wz:-0.099 cmd=vx:0.105 wz:-0.099
[INFO] [1783012952.067760340] [basic_navigator]: [  6.7s] dist=5.40m amcl=(-2.40,-0.01 yaw=-0.09rad) odom=(0.60,-0.01 yaw=-0.09rad) nav=vx:0.100 wz:-0.098 cmd=vx:0.100 wz:-0.098
[INFO] [1783012952.271084307] [basic_navigator]: [  6.9s] dist=5.40m amcl=(-2.39,-0.01 yaw=-0.11rad) odom=(0.61,-0.01 yaw=-0.11rad) nav=vx:0.102 wz:-0.171 cmd=vx:0.102 wz:-0.171
[INFO] [1783012952.473470239] [basic_navigator]: [  7.1s] dist=5.38m amcl=(-2.37,-0.01 yaw=-0.14rad) odom=(0.63,-0.01 yaw=-0.14rad) nav=vx:0.116 wz:-0.395 cmd=vx:0.116 wz:-0.395
[INFO] [1783012952.676313302] [basic_navigator]: [  7.3s] dist=5.35m amcl=(-2.35,-0.01 yaw=-0.22rad) odom=(0.65,-0.01 yaw=-0.22rad) nav=vx:0.120 wz:-0.509 cmd=vx:0.120 wz:-0.509
[INFO] [1783012952.879369573] [basic_navigator]: [  7.5s] dist=5.35m amcl=(-2.34,-0.02 yaw=-0.29rad) odom=(0.66,-0.02 yaw=-0.29rad) nav=vx:0.121 wz:-0.534 cmd=vx:0.122 wz:-0.528
[INFO] [1783012953.082735834] [basic_navigator]: [  7.7s] dist=5.30m amcl=(-2.32,-0.02 yaw=-0.36rad) odom=(0.68,-0.02 yaw=-0.38rad) nav=vx:0.112 wz:-0.567 cmd=vx:0.112 wz:-0.567
[INFO] [1783012953.285255436] [basic_navigator]: [  7.9s] dist=5.30m amcl=(-2.30,-0.03 yaw=-0.46rad) odom=(0.70,-0.03 yaw=-0.48rad) nav=vx:0.100 wz:-0.582 cmd=vx:0.100 wz:-0.582
[INFO] [1783012953.488426897] [basic_navigator]: [  8.1s] dist=5.30m amcl=(-2.29,-0.04 yaw=-0.56rad) odom=(0.71,-0.04 yaw=-0.56rad) nav=vx:0.099 wz:-0.558 cmd=vx:0.099 wz:-0.558
[INFO] [1783012953.690987466] [basic_navigator]: [  8.3s] dist=5.27m amcl=(-2.27,-0.05 yaw=-0.65rad) odom=(0.73,-0.05 yaw=-0.65rad) nav=vx:0.106 wz:-0.487 cmd=vx:0.106 wz:-0.487
[INFO] [1783012953.893016356] [basic_navigator]: [  8.5s] dist=5.27m amcl=(-2.26,-0.06 yaw=-0.73rad) odom=(0.74,-0.06 yaw=-0.73rad) nav=vx:0.104 wz:-0.378 cmd=vx:0.104 wz:-0.378
[INFO] [1783012954.094882397] [basic_navigator]: [  8.7s] dist=5.27m amcl=(-2.24,-0.07 yaw=-0.78rad) odom=(0.76,-0.08 yaw=-0.79rad) nav=vx:0.107 wz:-0.271 cmd=vx:0.107 wz:-0.271
[INFO] [1783012954.297681145] [basic_navigator]: [  8.9s] dist=5.25m amcl=(-2.23,-0.09 yaw=-0.83rad) odom=(0.77,-0.09 yaw=-0.83rad) nav=vx:0.145 wz:-0.161 cmd=vx:0.145 wz:-0.161
[INFO] [1783012954.500358812] [basic_navigator]: [  9.1s] dist=5.25m amcl=(-2.21,-0.11 yaw=-0.85rad) odom=(0.79,-0.11 yaw=-0.85rad) nav=vx:0.122 wz:-0.091 cmd=vx:0.122 wz:-0.091
[INFO] [1783012954.703878144] [basic_navigator]: [  9.3s] dist=5.22m amcl=(-2.20,-0.12 yaw=-0.86rad) odom=(0.80,-0.12 yaw=-0.86rad) nav=vx:0.152 wz:-0.056 cmd=vx:0.152 wz:-0.056
[INFO] [1783012954.911294010] [basic_navigator]: [  9.5s] dist=5.20m amcl=(-2.19,-0.14 yaw=-0.87rad) odom=(0.81,-0.14 yaw=-0.87rad) nav=vx:0.106 wz:-0.042 cmd=vx:0.106 wz:-0.042
[INFO] [1783012955.117013151] [basic_navigator]: [  9.7s] dist=5.20m amcl=(-2.18,-0.15 yaw=-0.88rad) odom=(0.82,-0.15 yaw=-0.88rad) nav=vx:0.103 wz:-0.010 cmd=vx:0.099 wz:-0.010
[INFO] [1783012955.319241259] [basic_navigator]: [  9.9s] dist=5.20m amcl=(-2.16,-0.17 yaw=-0.88rad) odom=(0.84,-0.17 yaw=-0.88rad) nav=vx:0.136 wz:0.008 cmd=vx:0.110 wz:-0.005
[INFO] [1783012955.522061573] [basic_navigator]: [ 10.1s] dist=5.17m amcl=(-2.15,-0.18 yaw=-0.88rad) odom=(0.85,-0.18 yaw=-0.88rad) nav=vx:0.153 wz:-0.008 cmd=vx:0.147 wz:-0.007
[INFO] [1783012955.724363762] [basic_navigator]: [ 10.3s] dist=5.19m amcl=(-2.13,-0.20 yaw=-0.88rad) odom=(0.87,-0.20 yaw=-0.88rad) nav=vx:0.116 wz:0.011 cmd=vx:0.155 wz:0.030
[INFO] [1783012955.926227788] [basic_navigator]: [ 10.5s] dist=5.15m amcl=(-2.12,-0.22 yaw=-0.87rad) odom=(0.88,-0.22 yaw=-0.88rad) nav=vx:0.096 wz:-0.017 cmd=vx:0.101 wz:0.001
[INFO] [1783012956.128870696] [basic_navigator]: [ 10.7s] dist=5.15m amcl=(-2.11,-0.23 yaw=-0.88rad) odom=(0.89,-0.23 yaw=-0.88rad) nav=vx:0.099 wz:-0.011 cmd=vx:0.098 wz:-0.015
[INFO] [1783012956.331206804] [basic_navigator]: [ 10.9s] dist=5.15m amcl=(-2.10,-0.25 yaw=-0.88rad) odom=(0.91,-0.25 yaw=-0.88rad) nav=vx:0.109 wz:-0.011 cmd=vx:0.102 wz:-0.022
[INFO] [1783012956.533534286] [basic_navigator]: [ 11.2s] dist=5.12m amcl=(-2.08,-0.27 yaw=-0.88rad) odom=(0.92,-0.27 yaw=-0.88rad) nav=vx:0.122 wz:-0.005 cmd=vx:0.122 wz:-0.005
[INFO] [1783012956.736566251] [basic_navigator]: [ 11.4s] dist=5.10m amcl=(-2.07,-0.28 yaw=-0.88rad) odom=(0.93,-0.28 yaw=-0.88rad) nav=vx:0.104 wz:0.016 cmd=vx:0.127 wz:-0.011
[INFO] [1783012956.939117668] [basic_navigator]: [ 11.6s] dist=5.10m amcl=(-2.06,-0.30 yaw=-0.88rad) odom=(0.94,-0.30 yaw=-0.88rad) nav=vx:0.098 wz:0.002 cmd=vx:0.100 wz:0.013
[INFO] [1783012957.142077724] [basic_navigator]: [ 11.8s] dist=5.10m amcl=(-2.05,-0.31 yaw=-0.88rad) odom=(0.95,-0.31 yaw=-0.88rad) nav=vx:0.100 wz:-0.002 cmd=vx:0.099 wz:0.003
[INFO] [1783012957.343763301] [basic_navigator]: [ 12.0s] dist=5.10m amcl=(-2.04,-0.32 yaw=-0.88rad) odom=(0.96,-0.32 yaw=-0.88rad) nav=vx:0.100 wz:-0.027 cmd=vx:0.100 wz:-0.030
[INFO] [1783012957.546694551] [basic_navigator]: [ 12.2s] dist=5.07m amcl=(-2.02,-0.34 yaw=-0.89rad) odom=(0.98,-0.34 yaw=-0.89rad) nav=vx:0.119 wz:-0.002 cmd=vx:0.119 wz:-0.002
[INFO] [1783012957.750192517] [basic_navigator]: [ 12.4s] dist=5.06m amcl=(-2.01,-0.35 yaw=-0.89rad) odom=(0.99,-0.35 yaw=-0.89rad) nav=vx:0.114 wz:0.033 cmd=vx:0.114 wz:0.033
[INFO] [1783012957.953686826] [basic_navigator]: [ 12.6s] dist=5.06m amcl=(-2.00,-0.37 yaw=-0.88rad) odom=(1.00,-0.37 yaw=-0.89rad) nav=vx:0.101 wz:0.007 cmd=vx:0.101 wz:0.007
[INFO] [1783012958.156362889] [basic_navigator]: [ 12.8s] dist=5.06m amcl=(-1.99,-0.38 yaw=-0.88rad) odom=(1.02,-0.38 yaw=-0.89rad) nav=vx:0.121 wz:-0.010 cmd=vx:0.121 wz:-0.010
[INFO] [1783012958.359192704] [basic_navigator]: [ 13.0s] dist=5.02m amcl=(-1.97,-0.40 yaw=-0.89rad) odom=(1.03,-0.40 yaw=-0.89rad) nav=vx:0.129 wz:-0.001 cmd=vx:0.129 wz:-0.001
[INFO] [1783012958.561916928] [basic_navigator]: [ 13.2s] dist=5.02m amcl=(-1.96,-0.42 yaw=-0.89rad) odom=(1.04,-0.42 yaw=-0.89rad) nav=vx:0.142 wz:0.022 cmd=vx:0.142 wz:0.022
[INFO] [1783012958.763234981] [basic_navigator]: [ 13.4s] dist=5.03m amcl=(-1.94,-0.44 yaw=-0.88rad) odom=(1.06,-0.44 yaw=-0.88rad) nav=vx:0.156 wz:-0.008 cmd=vx:0.156 wz:-0.008
[INFO] [1783012958.965970576] [basic_navigator]: [ 13.6s] dist=5.00m amcl=(-1.92,-0.46 yaw=-0.88rad) odom=(1.08,-0.46 yaw=-0.88rad) nav=vx:0.116 wz:0.017 cmd=vx:0.116 wz:0.017
[INFO] [1783012959.168960399] [basic_navigator]: [ 13.8s] dist=5.00m amcl=(-1.91,-0.47 yaw=-0.88rad) odom=(1.09,-0.47 yaw=-0.88rad) nav=vx:0.103 wz:-0.001 cmd=vx:0.103 wz:-0.001
[INFO] [1783012959.371803904] [basic_navigator]: [ 14.0s] dist=4.97m amcl=(-1.90,-0.49 yaw=-0.88rad) odom=(1.10,-0.49 yaw=-0.88rad) nav=vx:0.119 wz:0.002 cmd=vx:0.119 wz:0.002
[INFO] [1783012959.573567729] [basic_navigator]: [ 14.2s] dist=4.97m amcl=(-1.88,-0.51 yaw=-0.88rad) odom=(1.12,-0.51 yaw=-0.88rad) nav=vx:0.120 wz:0.041 cmd=vx:0.120 wz:0.041
[INFO] [1783012959.775661630] [basic_navigator]: [ 14.4s] dist=4.93m amcl=(-1.87,-0.52 yaw=-0.87rad) odom=(1.13,-0.52 yaw=-0.87rad) nav=vx:0.137 wz:0.013 cmd=vx:0.137 wz:0.013
[INFO] [1783012959.978431264] [basic_navigator]: [ 14.6s] dist=4.93m amcl=(-1.86,-0.54 yaw=-0.87rad) odom=(1.14,-0.54 yaw=-0.87rad) nav=vx:0.119 wz:-0.009 cmd=vx:0.119 wz:-0.009
[INFO] [1783012960.181375801] [basic_navigator]: [ 14.8s] dist=4.93m amcl=(-1.84,-0.56 yaw=-0.87rad) odom=(1.16,-0.56 yaw=-0.87rad) nav=vx:0.124 wz:0.014 cmd=vx:0.124 wz:0.014
[INFO] [1783012960.386846298] [basic_navigator]: [ 15.0s] dist=4.90m amcl=(-1.83,-0.58 yaw=-0.87rad) odom=(1.17,-0.58 yaw=-0.87rad) nav=vx:0.148 wz:0.005 cmd=vx:0.148 wz:0.005
[INFO] [1783012960.589440119] [basic_navigator]: [ 15.2s] dist=4.90m amcl=(-1.81,-0.60 yaw=-0.87rad) odom=(1.19,-0.60 yaw=-0.87rad) nav=vx:0.167 wz:-0.006 cmd=vx:0.167 wz:-0.006
[INFO] [1783012960.793853131] [basic_navigator]: [ 15.4s] dist=4.87m amcl=(-1.79,-0.62 yaw=-0.87rad) odom=(1.21,-0.61 yaw=-0.87rad) nav=vx:0.183 wz:-0.004 cmd=vx:0.183 wz:-0.004
[INFO] [1783012960.996639905] [basic_navigator]: [ 15.6s] dist=4.91m amcl=(-1.78,-0.64 yaw=-0.87rad) odom=(1.22,-0.64 yaw=-0.87rad) nav=vx:0.130 wz:0.011 cmd=vx:0.130 wz:0.011
[INFO] [1783012961.202487718] [basic_navigator]: [ 15.8s] dist=4.87m amcl=(-1.76,-0.65 yaw=-0.87rad) odom=(1.24,-0.65 yaw=-0.87rad) nav=vx:0.128 wz:-0.021 cmd=vx:0.128 wz:-0.021
[INFO] [1783012961.405293582] [basic_navigator]: [ 16.0s] dist=4.87m amcl=(-1.75,-0.67 yaw=-0.88rad) odom=(1.25,-0.67 yaw=-0.88rad) nav=vx:0.142 wz:-0.023 cmd=vx:0.142 wz:-0.023
[INFO] [1783012961.608285670] [basic_navigator]: [ 16.2s] dist=4.84m amcl=(-1.73,-0.69 yaw=-0.88rad) odom=(1.27,-0.69 yaw=-0.88rad) nav=vx:0.167 wz:-0.007 cmd=vx:0.167 wz:-0.007
[INFO] [1783012961.811272337] [basic_navigator]: [ 16.4s] dist=4.84m amcl=(-1.72,-0.71 yaw=-0.88rad) odom=(1.28,-0.71 yaw=-0.88rad) nav=vx:0.215 wz:0.022 cmd=vx:0.215 wz:0.022
[INFO] [1783012962.013996355] [basic_navigator]: [ 16.6s] dist=4.80m amcl=(-1.69,-0.74 yaw=-0.88rad) odom=(1.31,-0.74 yaw=-0.88rad) nav=vx:0.199 wz:-0.013 cmd=vx:0.229 wz:-0.004
[INFO] [1783012962.216908130] [basic_navigator]: [ 16.8s] dist=4.80m amcl=(-1.66,-0.77 yaw=-0.88rad) odom=(1.34,-0.77 yaw=-0.88rad) nav=vx:0.249 wz:0.045 cmd=vx:0.198 wz:0.015
[INFO] [1783012962.419489743] [basic_navigator]: [ 17.0s] dist=4.75m amcl=(-1.64,-0.80 yaw=-0.87rad) odom=(1.36,-0.80 yaw=-0.87rad) nav=vx:0.312 wz:0.035 cmd=vx:0.278 wz:0.070
[INFO] [1783012962.624172889] [basic_navigator]: [ 17.2s] dist=4.72m amcl=(-1.60,-0.84 yaw=-0.86rad) odom=(1.40,-0.84 yaw=-0.86rad) nav=vx:0.330 wz:-0.031 cmd=vx:0.334 wz:0.019
[INFO] [1783012962.829713169] [basic_navigator]: [ 17.4s] dist=4.70m amcl=(-1.57,-0.88 yaw=-0.87rad) odom=(1.43,-0.89 yaw=-0.87rad) nav=vx:0.330 wz:-0.083 cmd=vx:0.080 wz:-0.142
[INFO] [1783012963.032420777] [basic_navigator]: [ 17.7s] dist=4.70m amcl=(-1.54,-0.92 yaw=-0.89rad) odom=(1.46,-0.92 yaw=-0.89rad) nav=vx:0.385 wz:-0.094 cmd=vx:0.345 wz:-0.116
[INFO] [1783012963.234641608] [basic_navigator]: [ 17.9s] dist=4.65m amcl=(-1.49,-0.98 yaw=-0.91rad) odom=(1.51,-0.98 yaw=-0.91rad) nav=vx:0.471 wz:-0.058 cmd=vx:0.471 wz:-0.058
[INFO] [1783012963.438218828] [basic_navigator]: [ 18.1s] dist=4.60m amcl=(-1.44,-1.04 yaw=-0.92rad) odom=(1.56,-1.04 yaw=-0.92rad) nav=vx:0.500 wz:-0.132 cmd=vx:0.500 wz:-0.132
[INFO] [1783012963.641436954] [basic_navigator]: [ 18.3s] dist=4.57m amcl=(-1.39,-1.11 yaw=-0.95rad) odom=(1.61,-1.11 yaw=-0.95rad) nav=vx:0.451 wz:-0.586 cmd=vx:0.490 wz:-0.384
[INFO] [1783012963.843690709] [basic_navigator]: [ 18.5s] dist=4.57m amcl=(-1.34,-1.19 yaw=-1.08rad) odom=(1.66,-1.19 yaw=-1.08rad) nav=vx:0.389 wz:-0.878 cmd=vx:0.433 wz:-0.856
[INFO] [1783012964.046241695] [basic_navigator]: [ 18.7s] dist=4.54m amcl=(-1.31,-1.24 yaw=-1.22rad) odom=(1.68,-1.25 yaw=-1.23rad) nav=vx:0.245 wz:-0.839 cmd=vx:0.245 wz:-0.839
[INFO] [1783012964.248482620] [basic_navigator]: [ 18.9s] dist=4.54m amcl=(-1.30,-1.29 yaw=-1.35rad) odom=(1.70,-1.30 yaw=-1.38rad) nav=vx:0.415 wz:-0.505 cmd=vx:0.330 wz:-0.607
[INFO] [1783012964.451785327] [basic_navigator]: [ 19.1s] dist=4.52m amcl=(-1.29,-1.38 yaw=-1.45rad) odom=(1.71,-1.38 yaw=-1.46rad) nav=vx:0.500 wz:-0.356 cmd=vx:0.500 wz:-0.356
[INFO] [1783012964.654457758] [basic_navigator]: [ 19.3s] dist=4.52m amcl=(-1.28,-1.46 yaw=-1.51rad) odom=(1.72,-1.46 yaw=-1.51rad) nav=vx:0.500 wz:-0.321 cmd=vx:0.500 wz:-0.321
[INFO] [1783012964.856984781] [basic_navigator]: [ 19.5s] dist=4.49m amcl=(-1.28,-1.55 yaw=-1.57rad) odom=(1.72,-1.56 yaw=-1.58rad) nav=vx:0.500 wz:-0.300 cmd=vx:0.500 wz:-0.300
[INFO] [1783012965.059925632] [basic_navigator]: [ 19.7s] dist=4.60m amcl=(-1.28,-1.65 yaw=-1.63rad) odom=(1.72,-1.65 yaw=-1.63rad) nav=vx:0.500 wz:-0.256 cmd=vx:0.500 wz:-0.256
[INFO] [1783012965.262430584] [basic_navigator]: [ 19.9s] dist=4.60m amcl=(-1.29,-1.73 yaw=-1.67rad) odom=(1.71,-1.75 yaw=-1.68rad) nav=vx:0.500 wz:-0.227 cmd=vx:0.500 wz:-0.227
[INFO] [1783012965.465561307] [basic_navigator]: [ 20.1s] dist=4.60m amcl=(-1.30,-1.84 yaw=-1.72rad) odom=(1.70,-1.84 yaw=-1.72rad) nav=vx:0.500 wz:-0.241 cmd=vx:0.500 wz:-0.241
[INFO] [1783012965.668728227] [basic_navigator]: [ 20.3s] dist=4.60m amcl=(-1.32,-1.94 yaw=-1.77rad) odom=(1.68,-1.94 yaw=-1.76rad) nav=vx:0.500 wz:-0.253 cmd=vx:0.500 wz:-0.253
[INFO] [1783012965.871352545] [basic_navigator]: [ 20.5s] dist=4.60m amcl=(-1.34,-2.02 yaw=-1.81rad) odom=(1.66,-2.02 yaw=-1.81rad) nav=vx:0.500 wz:-0.193 cmd=vx:0.500 wz:-0.193
[INFO] [1783012966.073899848] [basic_navigator]: [ 20.7s] dist=4.84m amcl=(-1.36,-2.12 yaw=-1.83rad) odom=(1.64,-2.11 yaw=-1.83rad) nav=vx:0.394 wz:0.019 cmd=vx:0.394 wz:0.019
[INFO] [1783012966.276408657] [basic_navigator]: [ 20.9s] dist=4.84m amcl=(-1.38,-2.16 yaw=-1.81rad) odom=(1.63,-2.16 yaw=-1.81rad) nav=vx:0.095 wz:0.343 cmd=vx:0.095 wz:0.343
[INFO] [1783012966.478923597] [basic_navigator]: [ 21.1s] dist=4.84m amcl=(-1.38,-2.18 yaw=-1.73rad) odom=(1.62,-2.18 yaw=-1.73rad) nav=vx:0.090 wz:0.500 cmd=vx:0.090 wz:0.500
[INFO] [1783012966.681475398] [basic_navigator]: [ 21.3s] dist=4.84m amcl=(-1.38,-2.19 yaw=-1.63rad) odom=(1.62,-2.19 yaw=-1.63rad) nav=vx:0.098 wz:0.705 cmd=vx:0.098 wz:0.705
[INFO] [1783012966.884616159] [basic_navigator]: [ 21.5s] dist=4.84m amcl=(-1.38,-2.22 yaw=-1.48rad) odom=(1.62,-2.21 yaw=-1.48rad) nav=vx:0.121 wz:0.849 cmd=vx:0.121 wz:0.849
[INFO] [1783012967.086679752] [basic_navigator]: [ 21.7s] dist=4.94m amcl=(-1.38,-2.24 yaw=-1.34rad) odom=(1.62,-2.23 yaw=-1.34rad) nav=vx:0.121 wz:0.810 cmd=vx:0.121 wz:0.810
[INFO] [1783012967.289397578] [basic_navigator]: [ 21.9s] dist=4.90m amcl=(-1.37,-2.26 yaw=-1.19rad) odom=(1.63,-2.26 yaw=-1.18rad) nav=vx:0.144 wz:0.640 cmd=vx:0.144 wz:0.640
[INFO] [1783012967.492161231] [basic_navigator]: [ 22.1s] dist=4.90m amcl=(-1.36,-2.28 yaw=-1.09rad) odom=(1.64,-2.28 yaw=-1.09rad) nav=vx:0.170 wz:0.478 cmd=vx:0.170 wz:0.478
[INFO] [1783012967.693938542] [basic_navigator]: [ 22.3s] dist=4.87m amcl=(-1.34,-2.32 yaw=-1.00rad) odom=(1.66,-2.32 yaw=-1.00rad) nav=vx:0.224 wz:0.325 cmd=vx:0.224 wz:0.325
[INFO] [1783012967.896397847] [basic_navigator]: [ 22.5s] dist=4.87m amcl=(-1.32,-2.35 yaw=-0.96rad) odom=(1.69,-2.35 yaw=-0.95rad) nav=vx:0.322 wz:0.194 cmd=vx:0.322 wz:0.194
[INFO] [1783012968.099154927] [basic_navigator]: [ 22.7s] dist=4.87m amcl=(-1.28,-2.40 yaw=-0.92rad) odom=(1.73,-2.41 yaw=-0.92rad) nav=vx:0.359 wz:0.181 cmd=vx:0.359 wz:0.181
[INFO] [1783012968.302233850] [basic_navigator]: [ 22.9s] dist=4.85m amcl=(-1.23,-2.46 yaw=-0.89rad) odom=(1.77,-2.46 yaw=-0.89rad) nav=vx:0.434 wz:0.167 cmd=vx:0.434 wz:0.167
[INFO] [1783012968.503698686] [basic_navigator]: [ 23.1s] dist=4.85m amcl=(-1.17,-2.53 yaw=-0.87rad) odom=(1.83,-2.53 yaw=-0.87rad) nav=vx:0.471 wz:0.049 cmd=vx:0.471 wz:0.049
[INFO] [1783012968.706494691] [basic_navigator]: [ 23.3s] dist=4.85m amcl=(-1.12,-2.60 yaw=-0.87rad) odom=(1.88,-2.59 yaw=-0.87rad) nav=vx:0.500 wz:-0.006 cmd=vx:0.500 wz:-0.006
[INFO] [1783012968.909937125] [basic_navigator]: [ 23.5s] dist=4.85m amcl=(-1.07,-2.66 yaw=-0.87rad) odom=(1.95,-2.67 yaw=-0.88rad) nav=vx:0.500 wz:-0.024 cmd=vx:0.500 wz:-0.024
[INFO] [1783012969.111656803] [basic_navigator]: [ 23.7s] dist=4.85m amcl=(-1.00,-2.74 yaw=-0.88rad) odom=(2.00,-2.74 yaw=-0.88rad) nav=vx:0.498 wz:0.021 cmd=vx:0.496 wz:0.031
[INFO] [1783012969.313776023] [basic_navigator]: [ 23.9s] dist=4.85m amcl=(-0.94,-2.80 yaw=-0.87rad) odom=(2.07,-2.81 yaw=-0.87rad) nav=vx:0.499 wz:-0.028 cmd=vx:0.500 wz:0.039
[INFO] [1783012969.515920218] [basic_navigator]: [ 24.1s] dist=4.82m amcl=(-0.88,-2.88 yaw=-0.87rad) odom=(2.12,-2.88 yaw=-0.87rad) nav=vx:0.042 wz:0.109 cmd=vx:0.500 wz:0.050
[INFO] [1783012969.718201606] [basic_navigator]: [ 24.3s] dist=4.82m amcl=(-0.83,-2.93 yaw=-0.86rad) odom=(2.16,-2.93 yaw=-0.86rad) nav=vx:-0.294 wz:0.098 cmd=vx:0.500 wz:-0.055
[INFO] [1783012969.920449619] [basic_navigator]: [ 24.5s] dist=4.80m amcl=(-0.80,-2.98 yaw=-0.86rad) odom=(2.21,-2.99 yaw=-0.86rad) nav=vx:0.000 wz:1.308 cmd=vx:0.499 wz:-0.087
[INFO] [1783012970.122970086] [basic_navigator]: [ 24.7s] dist=4.80m amcl=(-0.74,-3.03 yaw=-0.84rad) odom=(2.25,-3.03 yaw=-0.84rad) nav=vx:0.499 wz:-0.056 cmd=vx:0.499 wz:-0.087
[INFO] [1783012970.324877359] [basic_navigator]: [ 24.9s] dist=4.77m amcl=(-0.68,-3.11 yaw=-0.85rad) odom=(2.32,-3.11 yaw=-0.85rad) nav=vx:0.000 wz:1.900 cmd=vx:0.375 wz:0.115
[INFO] [1783012970.527235973] [basic_navigator]: [ 25.1s] dist=4.77m amcl=(-0.64,-3.16 yaw=-0.84rad) odom=(2.36,-3.15 yaw=-0.83rad) nav=vx:0.000 wz:1.900 cmd=vx:0.499 wz:-0.030
[INFO] [1783012970.729651525] [basic_navigator]: [ 25.3s] dist=4.77m amcl=(-0.59,-3.21 yaw=-0.81rad) odom=(2.41,-3.21 yaw=-0.81rad) nav=vx:0.000 wz:1.900 cmd=vx:0.362 wz:0.130
[INFO] [1783012970.932055525] [basic_navigator]: [ 25.6s] dist=4.77m amcl=(-0.54,-3.26 yaw=-0.79rad) odom=(2.45,-3.25 yaw=-0.78rad) nav=vx:0.000 wz:1.900 cmd=vx:0.487 wz:-0.030
[INFO] [1783012971.133466017] [basic_navigator]: [ 25.8s] dist=4.81m amcl=(-0.49,-3.31 yaw=-0.76rad) odom=(2.51,-3.31 yaw=-0.76rad) nav=vx:0.446 wz:-0.299 cmd=vx:0.446 wz:-0.190
[INFO] [1783012971.336271259] [basic_navigator]: [ 26.0s] dist=4.81m amcl=(-0.44,-3.37 yaw=-0.80rad) odom=(2.57,-3.36 yaw=-0.80rad) nav=vx:0.000 wz:1.900 cmd=vx:0.490 wz:-0.256
[INFO] [1783012971.538741144] [basic_navigator]: [ 26.2s] dist=4.81m amcl=(-0.39,-3.42 yaw=-0.83rad) odom=(2.62,-3.42 yaw=-0.82rad) nav=vx:0.000 wz:1.900 cmd=vx:0.365 wz:-0.096
[INFO] [1783012971.741305148] [basic_navigator]: [ 26.4s] dist=4.81m amcl=(-0.35,-3.47 yaw=-0.84rad) odom=(2.66,-3.46 yaw=-0.84rad) nav=vx:0.000 wz:1.900 cmd=vx:0.490 wz:-0.256
[INFO] [1783012971.943673058] [basic_navigator]: [ 26.6s] dist=4.81m amcl=(-0.29,-3.53 yaw=-0.87rad) odom=(2.71,-3.52 yaw=-0.86rad) nav=vx:0.000 wz:1.900 cmd=vx:0.365 wz:-0.096
[INFO] [1783012972.146190395] [basic_navigator]: [ 26.8s] dist=4.88m amcl=(-0.26,-3.57 yaw=-0.88rad) odom=(2.75,-3.57 yaw=-0.87rad) nav=vx:0.499 wz:-0.197 cmd=vx:0.490 wz:-0.174
[INFO] [1783012972.349485239] [basic_navigator]: [ 27.0s] dist=4.88m amcl=(-0.20,-3.65 yaw=-0.91rad) odom=(2.81,-3.65 yaw=-0.90rad) nav=vx:0.000 wz:1.900 cmd=vx:0.365 wz:0.044
[INFO] [1783012972.551708096] [basic_navigator]: [ 27.2s] dist=4.88m amcl=(-0.16,-3.70 yaw=-0.90rad) odom=(2.86,-3.70 yaw=-0.90rad) nav=vx:0.000 wz:1.900 cmd=vx:0.489 wz:-0.116
[INFO] [1783012972.753806585] [basic_navigator]: [ 27.4s] dist=4.88m amcl=(-0.11,-3.76 yaw=-0.89rad) odom=(2.90,-3.75 yaw=-0.89rad) nav=vx:0.494 wz:-0.349 cmd=vx:0.494 wz:-0.276
[INFO] [1783012972.956032531] [basic_navigator]: [ 27.6s] dist=4.88m amcl=(-0.05,-3.83 yaw=-0.94rad) odom=(2.95,-3.82 yaw=-0.94rad) nav=vx:0.000 wz:1.900 cmd=vx:0.244 wz:-0.029
[INFO] [1783012973.158737748] [basic_navigator]: [ 27.8s] dist=0.00m amcl=(-0.04,-3.84 yaw=-0.92rad) odom=(2.96,-3.83 yaw=-0.91rad) nav=vx:0.146 wz:0.135 cmd=vx:0.125 wz:0.135
[INFO] [1783012973.361423755] [basic_navigator]: [ 28.0s] dist=0.00m amcl=(-0.03,-3.85 yaw=-0.90rad) odom=(2.97,-3.85 yaw=-0.90rad) nav=vx:0.187 wz:-0.018 cmd=vx:0.125 wz:-0.018
[INFO] [1783012973.563682579] [basic_navigator]: [ 28.2s] dist=0.00m amcl=(-0.02,-3.86 yaw=-0.90rad) odom=(2.98,-3.86 yaw=-0.90rad) nav=vx:0.000 wz:0.000 cmd=vx:0.000 wz:0.000
[INFO] [1783012973.766021254] [basic_navigator]: [ 28.4s] dist=0.00m amcl=(-0.02,-3.86 yaw=-0.90rad) odom=(2.98,-3.86 yaw=-0.90rad) nav=vx:0.000 wz:0.000 cmd=vx:0.000 wz:0.000
[INFO] [1783012973.968597793] [basic_navigator]: [ 28.6s] dist=0.00m amcl=(-0.02,-3.86 yaw=-0.90rad) odom=(2.98,-3.86 yaw=-0.90rad) nav=vx:0.000 wz:0.000 cmd=vx:0.000 wz:0.000
[INFO] [1783012974.171217614] [basic_navigator]: [ 28.8s] dist=0.00m amcl=(-0.02,-3.86 yaw=-0.90rad) odom=(2.98,-3.86 yaw=-0.90rad) nav=vx:0.000 wz:0.000 cmd=vx:0.000 wz:0.000
[INFO] [1783012974.373698318] [basic_navigator]: [ 29.0s] dist=0.00m amcl=(-0.02,-3.86 yaw=-0.90rad) odom=(2.98,-3.86 yaw=-0.90rad) nav=vx:0.000 wz:0.000 cmd=vx:0.000 wz:0.000
[INFO] [1783012974.576010142] [basic_navigator]: [ 29.2s] dist=0.00m amcl=(-0.02,-3.86 yaw=-0.90rad) odom=(2.98,-3.86 yaw=-0.90rad) nav=vx:0.000 wz:0.000 cmd=vx:0.000 wz:0.000
[INFO] [1783012974.778417042] [basic_navigator]: [ 29.4s] dist=0.00m amcl=(-0.02,-3.86 yaw=-0.90rad) odom=(2.98,-3.86 yaw=-0.90rad) nav=vx:0.000 wz:0.000 cmd=vx:0.000 wz:0.000
[INFO] [1783012974.980994857] [basic_navigator]: [ 29.6s] dist=0.00m amcl=(-0.02,-3.86 yaw=-0.90rad) odom=(2.98,-3.86 yaw=-0.90rad) nav=vx:0.000 wz:0.000 cmd=vx:0.000 wz:0.000
[INFO] [1783012975.186497965] [basic_navigator]: [ 29.8s] dist=0.00m amcl=(-0.02,-3.86 yaw=-0.90rad) odom=(2.98,-3.86 yaw=-0.90rad) nav=vx:0.000 wz:0.000 cmd=vx:0.000 wz:0.000
[INFO] [1783012975.389879031] [basic_navigator]: [ 30.0s] dist=0.00m amcl=(-0.02,-3.86 yaw=-0.90rad) odom=(2.98,-3.86 yaw=-0.90rad) nav=vx:0.000 wz:0.000 cmd=vx:0.000 wz:0.000
[INFO] [1783012975.592628998] [basic_navigator]: [ 30.2s] dist=0.00m amcl=(-0.02,-3.86 yaw=-0.90rad) odom=(2.98,-3.86 yaw=-0.90rad) nav=vx:0.000 wz:0.000 cmd=vx:0.000 wz:0.000
[INFO] [1783012975.797844609] [basic_navigator]: [ 30.4s] dist=0.00m amcl=(-0.02,-3.86 yaw=-0.90rad) odom=(2.98,-3.86 yaw=-0.90rad) nav=vx:0.000 wz:0.000 cmd=vx:0.000 wz:0.000
[INFO] [1783012976.000904489] [basic_navigator]: [ 30.6s] dist=0.00m amcl=(-0.02,-3.86 yaw=-0.90rad) odom=(2.98,-3.86 yaw=-0.90rad) nav=vx:0.000 wz:0.000 cmd=vx:0.000 wz:0.000
[INFO] [1783012976.203937579] [basic_navigator]: [ 30.8s] dist=0.00m amcl=(-0.02,-3.86 yaw=-0.90rad) odom=(2.98,-3.86 yaw=-0.90rad) nav=vx:0.000 wz:0.000 cmd=vx:0.000 wz:0.000
[INFO] [1783012976.406262107] [basic_navigator]: [ 31.0s] dist=0.00m amcl=(-0.02,-3.86 yaw=-0.90rad) odom=(2.98,-3.86 yaw=-0.90rad) nav=vx:0.000 wz:0.000 cmd=vx:0.000 wz:0.000
[INFO] [1783012976.609471386] [basic_navigator]: [ 31.2s] dist=0.00m amcl=(-0.02,-3.86 yaw=-0.90rad) odom=(2.98,-3.86 yaw=-0.90rad) nav=vx:0.000 wz:0.000 cmd=vx:0.000 wz:0.000
[INFO] [1783012976.812019330] [basic_navigator]: [ 31.4s] dist=0.00m amcl=(-0.02,-3.86 yaw=-0.90rad) odom=(2.98,-3.86 yaw=-0.90rad) nav=vx:0.000 wz:0.000 cmd=vx:0.000 wz:0.000
[INFO] [1783012977.014801246] [basic_navigator]: [ 31.6s] dist=0.00m amcl=(-0.02,-3.86 yaw=-0.90rad) odom=(2.98,-3.86 yaw=-0.90rad) nav=vx:0.000 wz:0.000 cmd=vx:0.000 wz:0.000
[INFO] [1783012977.217647477] [basic_navigator]: [ 31.8s] dist=0.00m amcl=(-0.02,-3.86 yaw=-0.90rad) odom=(2.98,-3.86 yaw=-0.90rad) nav=vx:0.000 wz:0.000 cmd=vx:0.000 wz:0.000
[INFO] [1783012977.420742278] [basic_navigator]: [ 32.0s] dist=0.00m amcl=(-0.02,-3.86 yaw=-0.90rad) odom=(2.98,-3.86 yaw=-0.90rad) nav=vx:0.000 wz:0.000 cmd=vx:0.000 wz:0.000
[INFO] [1783012977.624275529] [basic_navigator]: [ 32.2s] dist=0.00m amcl=(-0.02,-3.86 yaw=-0.90rad) odom=(2.98,-3.86 yaw=-0.90rad) nav=vx:0.000 wz:0.000 cmd=vx:0.000 wz:0.000
[INFO] [1783012977.826653433] [basic_navigator]: [ 32.4s] dist=0.00m amcl=(-0.02,-3.86 yaw=-0.90rad) odom=(2.98,-3.86 yaw=-0.90rad) nav=vx:0.000 wz:0.000 cmd=vx:0.000 wz:0.000
[INFO] [1783012978.029382510] [basic_navigator]: [ 32.6s] dist=0.00m amcl=(-0.02,-3.86 yaw=-0.90rad) odom=(2.98,-3.86 yaw=-0.90rad) nav=vx:0.000 wz:0.000 cmd=vx:0.000 wz:0.000
[INFO] [1783012978.232513552] [basic_navigator]: [ 32.9s] dist=0.00m amcl=(-0.02,-3.86 yaw=-0.90rad) odom=(2.98,-3.86 yaw=-0.90rad) nav=vx:0.000 wz:0.000 cmd=vx:0.000 wz:0.000
[INFO] [1783012978.435583856] [basic_navigator]: [ 33.1s] dist=0.00m amcl=(-0.02,-3.86 yaw=-0.90rad) odom=(2.98,-3.86 yaw=-0.90rad) nav=vx:0.000 wz:0.000 cmd=vx:0.000 wz:0.000
[INFO] [1783012978.638216536] [basic_navigator]: [ 33.3s] dist=0.00m amcl=(-0.02,-3.86 yaw=-0.90rad) odom=(2.98,-3.86 yaw=-0.90rad) nav=vx:0.000 wz:0.000 cmd=vx:0.000 wz:0.000
[INFO] [1783012978.841108166] [basic_navigator]: [ 33.5s] dist=0.00m amcl=(-0.02,-3.86 yaw=-0.90rad) odom=(2.98,-3.86 yaw=-0.90rad) nav=vx:0.000 wz:0.000 cmd=vx:0.000 wz:0.000
[INFO] [1783012979.043745443] [basic_navigator]: [ 33.7s] dist=0.00m amcl=(-0.02,-3.86 yaw=-0.90rad) odom=(2.98,-3.86 yaw=-0.90rad) nav=vx:0.000 wz:0.000 cmd=vx:0.000 wz:0.000
[INFO] [1783012979.245855248] [basic_navigator]: [ 33.9s] dist=0.00m amcl=(-0.02,-3.86 yaw=-0.90rad) odom=(2.98,-3.86 yaw=-0.90rad) nav=vx:0.000 wz:1.000 cmd=vx:0.000 wz:0.160
[INFO] [1783012979.448668386] [basic_navigator]: [ 34.1s] dist=0.00m amcl=(-0.02,-3.86 yaw=-0.87rad) odom=(2.98,-3.86 yaw=-0.87rad) nav=vx:0.000 wz:0.000 cmd=vx:0.000 wz:0.000
[INFO] [1783012979.651251234] [basic_navigator]: [ 34.3s] dist=0.00m amcl=(-0.02,-3.86 yaw=-0.87rad) odom=(2.98,-3.86 yaw=-0.87rad) nav=vx:0.000 wz:0.000 cmd=vx:0.000 wz:0.000
[INFO] [1783012979.853890190] [basic_navigator]: [ 34.5s] dist=0.00m amcl=(-0.02,-3.86 yaw=-0.87rad) odom=(2.98,-3.86 yaw=-0.87rad) nav=vx:0.000 wz:0.000 cmd=vx:0.000 wz:0.000
[INFO] [1783012980.056389231] [basic_navigator]: [ 34.7s] dist=0.00m amcl=(-0.02,-3.86 yaw=-0.87rad) odom=(2.98,-3.86 yaw=-0.87rad) nav=vx:0.000 wz:0.000 cmd=vx:0.000 wz:0.000
[INFO] [1783012980.259075717] [basic_navigator]: [ 34.9s] dist=0.00m amcl=(-0.02,-3.86 yaw=-0.87rad) odom=(2.98,-3.86 yaw=-0.87rad) nav=vx:0.000 wz:0.000 cmd=vx:0.000 wz:0.000
[INFO] [1783012980.461855750] [basic_navigator]: [ 35.1s] dist=0.00m amcl=(-0.02,-3.86 yaw=-0.87rad) odom=(2.98,-3.86 yaw=-0.87rad) nav=vx:0.000 wz:0.000 cmd=vx:0.000 wz:0.000
[INFO] [1783012980.664647045] [basic_navigator]: [ 35.3s] dist=0.00m amcl=(-0.02,-3.86 yaw=-0.87rad) odom=(2.98,-3.86 yaw=-0.87rad) nav=vx:0.000 wz:0.000 cmd=vx:0.000 wz:0.000
[INFO] [1783012980.867066825] [basic_navigator]: [ 35.5s] dist=0.00m amcl=(-0.02,-3.86 yaw=-0.87rad) odom=(2.98,-3.86 yaw=-0.87rad) nav=vx:0.000 wz:0.000 cmd=vx:0.000 wz:0.000
[INFO] [1783012981.069920197] [basic_navigator]: [ 35.7s] dist=0.00m amcl=(-0.02,-3.86 yaw=-0.87rad) odom=(2.98,-3.86 yaw=-0.87rad) nav=vx:0.000 wz:0.000 cmd=vx:0.000 wz:0.000
[INFO] [1783012981.272461489] [basic_navigator]: [ 35.9s] dist=0.00m amcl=(-0.02,-3.86 yaw=-0.87rad) odom=(2.98,-3.86 yaw=-0.87rad) nav=vx:0.000 wz:0.000 cmd=vx:0.000 wz:0.000
[INFO] [1783012981.474679143] [basic_navigator]: [ 36.1s] dist=0.00m amcl=(-0.02,-3.86 yaw=-0.87rad) odom=(2.98,-3.86 yaw=-0.87rad) nav=vx:0.000 wz:0.000 cmd=vx:0.000 wz:0.000
[INFO] [1783012981.677116921] [basic_navigator]: [ 36.3s] dist=0.00m amcl=(-0.02,-3.86 yaw=-0.87rad) odom=(2.98,-3.86 yaw=-0.87rad) nav=vx:0.000 wz:0.000 cmd=vx:0.000 wz:0.000
[INFO] [1783012981.880231716] [basic_navigator]: [ 36.5s] dist=0.00m amcl=(-0.02,-3.86 yaw=-0.87rad) odom=(2.98,-3.86 yaw=-0.87rad) nav=vx:0.000 wz:0.000 cmd=vx:0.000 wz:0.000
[INFO] [1783012982.083348930] [basic_navigator]: [ 36.7s] dist=0.00m amcl=(-0.02,-3.86 yaw=-0.87rad) odom=(2.98,-3.86 yaw=-0.87rad) nav=vx:0.000 wz:0.000 cmd=vx:0.000 wz:0.000
[INFO] [1783012982.285163601] [basic_navigator]: [ 36.9s] dist=0.00m amcl=(-0.02,-3.86 yaw=-0.87rad) odom=(2.98,-3.86 yaw=-0.87rad) nav=vx:0.000 wz:0.000 cmd=vx:0.000 wz:0.000
[INFO] [1783012982.487565965] [basic_navigator]: [ 37.1s] dist=0.00m amcl=(-0.02,-3.86 yaw=-0.87rad) odom=(2.98,-3.86 yaw=-0.87rad) nav=vx:0.000 wz:0.000 cmd=vx:0.000 wz:0.000
[INFO] [1783012982.690301585] [basic_navigator]: [ 37.3s] dist=0.00m amcl=(-0.02,-3.86 yaw=-0.87rad) odom=(2.98,-3.86 yaw=-0.87rad) nav=vx:0.000 wz:0.000 cmd=vx:0.000 wz:0.000
[INFO] [1783012982.893073273] [basic_navigator]: [ 37.5s] dist=0.00m amcl=(-0.02,-3.86 yaw=-0.87rad) odom=(2.98,-3.86 yaw=-0.87rad) nav=vx:0.000 wz:0.000 cmd=vx:0.000 wz:0.000
[INFO] [1783012983.094560700] [basic_navigator]: [ 37.7s] dist=0.00m amcl=(-0.02,-3.86 yaw=-0.87rad) odom=(2.98,-3.86 yaw=-0.87rad) nav=vx:0.000 wz:0.000 cmd=vx:0.000 wz:0.000
[INFO] [1783012983.297602022] [basic_navigator]: [ 37.9s] dist=0.00m amcl=(-0.02,-3.86 yaw=-0.87rad) odom=(2.98,-3.86 yaw=-0.87rad) nav=vx:0.000 wz:0.000 cmd=vx:0.000 wz:0.000
[INFO] [1783012983.500730718] [basic_navigator]: [ 38.1s] dist=0.00m amcl=(-0.02,-3.86 yaw=-0.87rad) odom=(2.98,-3.86 yaw=-0.87rad) nav=vx:0.000 wz:0.000 cmd=vx:0.000 wz:0.000
[INFO] [1783012983.703416062] [basic_navigator]: [ 38.3s] dist=0.00m amcl=(-0.02,-3.86 yaw=-0.87rad) odom=(2.98,-3.86 yaw=-0.87rad) nav=vx:0.000 wz:0.000 cmd=vx:0.000 wz:0.000
[INFO] [1783012983.905245383] [basic_navigator]: [ 38.5s] dist=0.00m amcl=(-0.02,-3.86 yaw=-0.87rad) odom=(2.98,-3.86 yaw=-0.87rad) nav=vx:0.000 wz:0.000 cmd=vx:0.000 wz:0.000
[INFO] [1783012984.108360858] [basic_navigator]: [ 38.7s] dist=0.00m amcl=(-0.02,-3.86 yaw=-0.87rad) odom=(2.98,-3.86 yaw=-0.87rad) nav=vx:0.000 wz:0.000 cmd=vx:0.000 wz:0.000
[INFO] [1783012984.311266251] [basic_navigator]: [ 38.9s] dist=0.00m amcl=(-0.02,-3.86 yaw=-0.87rad) odom=(2.98,-3.86 yaw=-0.87rad) nav=vx:0.000 wz:0.000 cmd=vx:0.000 wz:0.000
[INFO] [1783012984.514259691] [basic_navigator]: [ 39.1s] dist=0.00m amcl=(-0.02,-3.86 yaw=-0.87rad) odom=(2.98,-3.86 yaw=-0.87rad) nav=vx:0.000 wz:0.000 cmd=vx:0.000 wz:0.000
[INFO] [1783012984.716821554] [basic_navigator]: [ 39.3s] dist=0.00m amcl=(-0.02,-3.86 yaw=-0.87rad) odom=(2.98,-3.86 yaw=-0.87rad) nav=vx:0.000 wz:0.000 cmd=vx:0.000 wz:0.000
[INFO] [1783012984.920260205] [basic_navigator]: [ 39.5s] dist=0.00m amcl=(-0.02,-3.86 yaw=-0.87rad) odom=(2.98,-3.86 yaw=-0.87rad) nav=vx:0.000 wz:0.000 cmd=vx:0.000 wz:0.000
[INFO] [1783012985.122898178] [basic_navigator]: [ 39.7s] dist=0.00m amcl=(-0.02,-3.86 yaw=-0.87rad) odom=(2.98,-3.86 yaw=-0.87rad) nav=vx:0.000 wz:0.000 cmd=vx:0.000 wz:0.000
[INFO] [1783012985.325056642] [basic_navigator]: [ 39.9s] dist=0.00m amcl=(-0.02,-3.86 yaw=-0.87rad) odom=(2.98,-3.86 yaw=-0.87rad) nav=vx:0.000 wz:0.000 cmd=vx:0.000 wz:0.000
[INFO] [1783012985.527934926] [basic_navigator]: [ 40.1s] dist=0.00m amcl=(-0.02,-3.86 yaw=-0.87rad) odom=(2.98,-3.86 yaw=-0.87rad) nav=vx:0.000 wz:0.000 cmd=vx:0.000 wz:0.000
[INFO] [1783012985.730302061] [basic_navigator]: [ 40.3s] dist=0.00m amcl=(-0.02,-3.86 yaw=-0.87rad) odom=(2.98,-3.86 yaw=-0.87rad) nav=vx:0.000 wz:0.000 cmd=vx:0.000 wz:0.000
[INFO] [1783012985.933717689] [basic_navigator]: [ 40.6s] dist=0.00m amcl=(-0.02,-3.86 yaw=-0.87rad) odom=(2.98,-3.86 yaw=-0.87rad) nav=vx:0.000 wz:0.000 cmd=vx:0.000 wz:0.000
[INFO] [1783012986.135922232] [basic_navigator]: [ 40.8s] dist=0.00m amcl=(-0.02,-3.86 yaw=-0.87rad) odom=(2.98,-3.86 yaw=-0.87rad) nav=vx:0.000 wz:0.000 cmd=vx:0.000 wz:0.000
[INFO] [1783012986.338461658] [basic_navigator]: [ 41.0s] dist=0.00m amcl=(-0.02,-3.86 yaw=-0.87rad) odom=(2.98,-3.86 yaw=-0.87rad) nav=vx:0.000 wz:0.000 cmd=vx:0.000 wz:0.000
[INFO] [1783012986.541231583] [basic_navigator]: [ 41.2s] dist=0.00m amcl=(-0.02,-3.86 yaw=-0.87rad) odom=(2.98,-3.86 yaw=-0.87rad) nav=vx:0.000 wz:0.000 cmd=vx:0.000 wz:0.000
[INFO] [1783012986.743809832] [basic_navigator]: [ 41.4s] dist=0.00m amcl=(-0.02,-3.86 yaw=-0.87rad) odom=(2.98,-3.86 yaw=-0.87rad) nav=vx:0.000 wz:0.000 cmd=vx:0.000 wz:0.000
[INFO] [1783012986.946411108] [basic_navigator]: [ 41.6s] dist=0.00m amcl=(-0.02,-3.86 yaw=-0.87rad) odom=(2.98,-3.86 yaw=-0.87rad) nav=vx:0.000 wz:0.000 cmd=vx:0.000 wz:0.000
[INFO] [1783012987.149256546] [basic_navigator]: [ 41.8s] dist=0.00m amcl=(-0.02,-3.86 yaw=-0.87rad) odom=(2.98,-3.86 yaw=-0.87rad) nav=vx:0.000 wz:0.000 cmd=vx:0.000 wz:0.000
[INFO] [1783012987.351831213] [basic_navigator]: [ 42.0s] dist=0.00m amcl=(-0.02,-3.86 yaw=-0.87rad) odom=(2.98,-3.86 yaw=-0.87rad) nav=vx:0.000 wz:0.000 cmd=vx:0.000 wz:0.000
[INFO] [1783012987.554533831] [basic_navigator]: [ 42.2s] dist=0.00m amcl=(-0.02,-3.86 yaw=-0.87rad) odom=(2.98,-3.86 yaw=-0.87rad) nav=vx:0.000 wz:0.000 cmd=vx:0.000 wz:0.000
[INFO] [1783012987.757110327] [basic_navigator]: [ 42.4s] dist=0.00m amcl=(-0.02,-3.86 yaw=-0.87rad) odom=(2.98,-3.86 yaw=-0.87rad) nav=vx:0.000 wz:0.000 cmd=vx:0.000 wz:0.000
[INFO] [1783012987.959591602] [basic_navigator]: [ 42.6s] dist=0.00m amcl=(-0.02,-3.86 yaw=-0.87rad) odom=(2.98,-3.86 yaw=-0.87rad) nav=vx:0.000 wz:0.000 cmd=vx:0.000 wz:0.000
[INFO] [1783012988.162412606] [basic_navigator]: [ 42.8s] dist=0.00m amcl=(-0.02,-3.86 yaw=-0.87rad) odom=(2.98,-3.86 yaw=-0.87rad) nav=vx:0.000 wz:0.000 cmd=vx:0.000 wz:0.000
[INFO] [1783012988.364738460] [basic_navigator]: [ 43.0s] dist=0.00m amcl=(-0.02,-3.86 yaw=-0.87rad) odom=(2.98,-3.86 yaw=-0.87rad) nav=vx:0.000 wz:0.000 cmd=vx:0.000 wz:0.000
[INFO] [1783012988.567195255] [basic_navigator]: [ 43.2s] dist=0.00m amcl=(-0.02,-3.86 yaw=-0.87rad) odom=(2.98,-3.86 yaw=-0.87rad) nav=vx:0.000 wz:0.000 cmd=vx:0.000 wz:0.000
[INFO] [1783012988.770036098] [basic_navigator]: [ 43.4s] dist=0.00m amcl=(-0.02,-3.86 yaw=-0.87rad) odom=(2.98,-3.86 yaw=-0.87rad) nav=vx:0.000 wz:0.000 cmd=vx:0.000 wz:0.000
[INFO] [1783012988.972926432] [basic_navigator]: [ 43.6s] dist=0.00m amcl=(-0.02,-3.86 yaw=-0.87rad) odom=(2.98,-3.86 yaw=-0.87rad) nav=vx:0.000 wz:0.000 cmd=vx:0.000 wz:0.000
[INFO] [1783012989.175337761] [basic_navigator]: [ 43.8s] dist=0.00m amcl=(-0.02,-3.86 yaw=-0.87rad) odom=(2.98,-3.86 yaw=-0.87rad) nav=vx:0.000 wz:0.000 cmd=vx:0.000 wz:0.000
[INFO] [1783012989.377758806] [basic_navigator]: [ 44.0s] dist=0.00m amcl=(-0.02,-3.86 yaw=-0.87rad) odom=(2.98,-3.86 yaw=-0.87rad) nav=vx:0.000 wz:0.000 cmd=vx:0.000 wz:0.000
[INFO] [1783012989.580716287] [basic_navigator]: [ 44.2s] dist=0.00m amcl=(-0.02,-3.86 yaw=-0.87rad) odom=(2.98,-3.86 yaw=-0.87rad) nav=vx:0.000 wz:0.000 cmd=vx:0.000 wz:0.000
[INFO] [1783012989.782984699] [basic_navigator]: [ 44.4s] dist=0.00m amcl=(-0.02,-3.86 yaw=-0.87rad) odom=(2.98,-3.86 yaw=-0.87rad) nav=vx:0.000 wz:0.000 cmd=vx:0.000 wz:0.000
[INFO] [1783012989.984905761] [basic_navigator]: [ 44.6s] dist=0.00m amcl=(-0.02,-3.86 yaw=-0.87rad) odom=(2.98,-3.86 yaw=-0.87rad) nav=vx:0.000 wz:0.000 cmd=vx:0.000 wz:0.000
[INFO] [1783012990.186987121] [basic_navigator]: [ 44.8s] dist=0.00m amcl=(-0.02,-3.86 yaw=-0.87rad) odom=(2.98,-3.86 yaw=-0.87rad) nav=vx:0.000 wz:0.000 cmd=vx:0.000 wz:0.000
[INFO] [1783012990.389703621] [basic_navigator]: [ 45.0s] dist=0.00m amcl=(-0.02,-3.86 yaw=-0.87rad) odom=(2.98,-3.86 yaw=-0.87rad) nav=vx:0.000 wz:0.000 cmd=vx:0.000 wz:0.000
[INFO] [1783012990.592240890] [basic_navigator]: [ 45.2s] dist=0.00m amcl=(-0.02,-3.86 yaw=-0.87rad) odom=(2.98,-3.86 yaw=-0.87rad) nav=vx:0.000 wz:0.000 cmd=vx:0.000 wz:0.000
[INFO] [1783012990.795054041] [basic_navigator]: [ 45.4s] dist=0.00m amcl=(-0.02,-3.86 yaw=-0.87rad) odom=(2.98,-3.86 yaw=-0.87rad) nav=vx:0.000 wz:0.000 cmd=vx:0.000 wz:0.000
[INFO] [1783012990.997518336] [basic_navigator]: [ 45.6s] dist=0.00m amcl=(-0.02,-3.86 yaw=-0.87rad) odom=(2.98,-3.86 yaw=-0.87rad) nav=vx:0.000 wz:0.000 cmd=vx:0.000 wz:0.000
[INFO] [1783012991.200136107] [basic_navigator]: [ 45.8s] dist=0.00m amcl=(-0.02,-3.86 yaw=-0.87rad) odom=(2.98,-3.86 yaw=-0.87rad) nav=vx:0.000 wz:1.000 cmd=vx:0.000 wz:0.000
[INFO] [1783012991.402728671] [basic_navigator]: [ 46.0s] dist=0.00m amcl=(-0.02,-3.86 yaw=-0.84rad) odom=(2.98,-3.86 yaw=-0.84rad) nav=vx:0.000 wz:0.000 cmd=vx:0.000 wz:0.160
[INFO] [1783012991.605010965] [basic_navigator]: [ 46.2s] dist=0.00m amcl=(-0.02,-3.86 yaw=-0.83rad) odom=(2.98,-3.86 yaw=-0.84rad) nav=vx:0.000 wz:0.000 cmd=vx:0.000 wz:0.000
[INFO] [1783012991.807583520] [basic_navigator]: [ 46.4s] dist=0.00m amcl=(-0.02,-3.86 yaw=-0.83rad) odom=(2.98,-3.86 yaw=-0.84rad) nav=vx:0.000 wz:0.000 cmd=vx:0.000 wz:0.000
[INFO] [1783012992.009685757] [basic_navigator]: [ 46.6s] dist=0.00m amcl=(-0.02,-3.86 yaw=-0.83rad) odom=(2.98,-3.86 yaw=-0.84rad) nav=vx:0.000 wz:0.000 cmd=vx:0.000 wz:0.000
[INFO] [1783012992.212318983] [basic_navigator]: [ 46.8s] dist=0.00m amcl=(-0.02,-3.86 yaw=-0.83rad) odom=(2.98,-3.86 yaw=-0.84rad) nav=vx:0.000 wz:0.000 cmd=vx:0.000 wz:0.000
[INFO] [1783012992.414041406] [basic_navigator]: [ 47.0s] dist=0.00m amcl=(-0.02,-3.86 yaw=-0.83rad) odom=(2.98,-3.86 yaw=-0.84rad) nav=vx:0.000 wz:0.000 cmd=vx:0.000 wz:0.000
[INFO] [1783012992.616409299] [basic_navigator]: [ 47.2s] dist=0.00m amcl=(-0.02,-3.86 yaw=-0.83rad) odom=(2.98,-3.86 yaw=-0.84rad) nav=vx:0.000 wz:0.000 cmd=vx:0.000 wz:0.000
[INFO] [1783012992.819115562] [basic_navigator]: [ 47.4s] dist=0.00m amcl=(-0.02,-3.86 yaw=-0.83rad) odom=(2.98,-3.86 yaw=-0.84rad) nav=vx:0.000 wz:0.000 cmd=vx:0.000 wz:0.000
[INFO] [1783012993.021572693] [basic_navigator]: [ 47.6s] dist=0.00m amcl=(-0.02,-3.86 yaw=-0.83rad) odom=(2.98,-3.86 yaw=-0.84rad) nav=vx:0.000 wz:0.000 cmd=vx:0.000 wz:0.000
[INFO] [1783012993.223728823] [basic_navigator]: [ 47.8s] dist=0.00m amcl=(-0.02,-3.86 yaw=-0.83rad) odom=(2.98,-3.86 yaw=-0.84rad) nav=vx:0.000 wz:0.000 cmd=vx:0.000 wz:0.000
[INFO] [1783012993.426662139] [basic_navigator]: [ 48.0s] dist=0.00m amcl=(-0.02,-3.86 yaw=-0.83rad) odom=(2.98,-3.86 yaw=-0.84rad) nav=vx:0.000 wz:0.000 cmd=vx:0.000 wz:0.000
[INFO] [1783012993.629685790] [basic_navigator]: [ 48.2s] dist=0.00m amcl=(-0.02,-3.86 yaw=-0.83rad) odom=(2.98,-3.86 yaw=-0.84rad) nav=vx:0.000 wz:0.000 cmd=vx:0.000 wz:0.000
[INFO] [1783012993.832033866] [basic_navigator]: [ 48.5s] dist=0.00m amcl=(-0.02,-3.86 yaw=-0.83rad) odom=(2.98,-3.86 yaw=-0.84rad) nav=vx:0.000 wz:0.000 cmd=vx:0.000 wz:0.000
[INFO] [1783012994.034382003] [basic_navigator]: [ 48.7s] dist=0.00m amcl=(-0.02,-3.86 yaw=-0.83rad) odom=(2.98,-3.86 yaw=-0.84rad) nav=vx:0.000 wz:0.000 cmd=vx:0.000 wz:0.000
[INFO] [1783012994.236995592] [basic_navigator]: [ 48.9s] dist=0.00m amcl=(-0.02,-3.86 yaw=-0.83rad) odom=(2.98,-3.86 yaw=-0.84rad) nav=vx:0.000 wz:0.000 cmd=vx:0.000 wz:0.000
[INFO] [1783012994.439745850] [basic_navigator]: [ 49.1s] dist=0.00m amcl=(-0.02,-3.86 yaw=-0.83rad) odom=(2.98,-3.86 yaw=-0.84rad) nav=vx:0.000 wz:0.000 cmd=vx:0.000 wz:0.000
[INFO] [1783012994.642405145] [basic_navigator]: [ 49.3s] dist=0.00m amcl=(-0.02,-3.86 yaw=-0.83rad) odom=(2.98,-3.86 yaw=-0.84rad) nav=vx:0.000 wz:0.000 cmd=vx:0.000 wz:0.000
[INFO] [1783012994.844784508] [basic_navigator]: [ 49.5s] dist=0.00m amcl=(-0.02,-3.86 yaw=-0.83rad) odom=(2.98,-3.86 yaw=-0.84rad) nav=vx:0.000 wz:0.000 cmd=vx:0.000 wz:0.000
[INFO] [1783012995.046971886] [basic_navigator]: [ 49.7s] dist=0.00m amcl=(-0.02,-3.86 yaw=-0.83rad) odom=(2.98,-3.86 yaw=-0.84rad) nav=vx:0.000 wz:0.000 cmd=vx:0.000 wz:0.000
[INFO] [1783012995.251165378] [basic_navigator]: [ 49.9s] dist=0.00m amcl=(-0.02,-3.86 yaw=-0.83rad) odom=(2.98,-3.86 yaw=-0.84rad) nav=vx:0.000 wz:0.000 cmd=vx:0.000 wz:0.000
[INFO] [1783012995.457523509] [basic_navigator]: [ 50.1s] dist=0.00m amcl=(-0.02,-3.86 yaw=-0.83rad) odom=(2.98,-3.86 yaw=-0.84rad) nav=vx:0.000 wz:0.000 cmd=vx:0.000 wz:0.000
[INFO] [1783012995.661542589] [basic_navigator]: [ 50.3s] dist=0.00m amcl=(-0.02,-3.86 yaw=-0.83rad) odom=(2.98,-3.86 yaw=-0.84rad) nav=vx:0.000 wz:0.000 cmd=vx:0.000 wz:0.000
[INFO] [1783012995.864477974] [basic_navigator]: [ 50.5s] dist=0.00m amcl=(-0.02,-3.86 yaw=-0.83rad) odom=(2.98,-3.86 yaw=-0.84rad) nav=vx:0.000 wz:0.000 cmd=vx:0.000 wz:0.000
[INFO] [1783012996.070003610] [basic_navigator]: [ 50.7s] dist=0.00m amcl=(-0.02,-3.86 yaw=-0.83rad) odom=(2.98,-3.86 yaw=-0.84rad) nav=vx:0.000 wz:0.000 cmd=vx:0.000 wz:0.000
[INFO] [1783012996.273016676] [basic_navigator]: [ 50.9s] dist=0.00m amcl=(-0.02,-3.86 yaw=-0.83rad) odom=(2.98,-3.86 yaw=-0.84rad) nav=vx:0.000 wz:0.000 cmd=vx:0.000 wz:0.000
[INFO] [1783012996.475393916] [basic_navigator]: [ 51.1s] dist=0.00m amcl=(-0.02,-3.86 yaw=-0.83rad) odom=(2.98,-3.86 yaw=-0.84rad) nav=vx:0.000 wz:0.000 cmd=vx:0.000 wz:0.000
[INFO] [1783012996.678283831] [basic_navigator]: [ 51.3s] dist=0.00m amcl=(-0.02,-3.86 yaw=-0.83rad) odom=(2.98,-3.86 yaw=-0.84rad) nav=vx:0.000 wz:0.000 cmd=vx:0.000 wz:0.000
[INFO] [1783012996.880982470] [basic_navigator]: [ 51.5s] dist=0.00m amcl=(-0.02,-3.86 yaw=-0.83rad) odom=(2.98,-3.86 yaw=-0.84rad) nav=vx:0.000 wz:0.000 cmd=vx:0.000 wz:0.000
[INFO] [1783012997.083981619] [basic_navigator]: [ 51.7s] dist=0.00m amcl=(-0.02,-3.86 yaw=-0.83rad) odom=(2.98,-3.86 yaw=-0.84rad) nav=vx:0.000 wz:0.000 cmd=vx:0.000 wz:0.000
[INFO] [1783012997.285805803] [basic_navigator]: [ 51.9s] dist=0.00m amcl=(-0.02,-3.86 yaw=-0.83rad) odom=(2.98,-3.86 yaw=-0.84rad) nav=vx:0.000 wz:0.000 cmd=vx:0.000 wz:0.000
[INFO] [1783012997.488496209] [basic_navigator]: [ 52.1s] dist=0.00m amcl=(-0.02,-3.86 yaw=-0.83rad) odom=(2.98,-3.86 yaw=-0.84rad) nav=vx:0.000 wz:0.000 cmd=vx:0.000 wz:0.000
[INFO] [1783012997.691799111] [basic_navigator]: [ 52.3s] dist=0.00m amcl=(-0.02,-3.86 yaw=-0.83rad) odom=(2.98,-3.86 yaw=-0.84rad) nav=vx:0.000 wz:0.000 cmd=vx:0.000 wz:0.000
[INFO] [1783012997.894698622] [basic_navigator]: [ 52.5s] dist=0.00m amcl=(-0.02,-3.86 yaw=-0.83rad) odom=(2.98,-3.86 yaw=-0.84rad) nav=vx:0.000 wz:0.000 cmd=vx:0.000 wz:0.000
[INFO] [1783012998.097555052] [basic_navigator]: [ 52.7s] dist=0.00m amcl=(-0.02,-3.86 yaw=-0.83rad) odom=(2.98,-3.86 yaw=-0.84rad) nav=vx:0.000 wz:0.000 cmd=vx:0.000 wz:0.000
[INFO] [1783012998.300723479] [basic_navigator]: [ 52.9s] dist=0.00m amcl=(-0.02,-3.86 yaw=-0.83rad) odom=(2.98,-3.86 yaw=-0.84rad) nav=vx:0.000 wz:0.000 cmd=vx:0.000 wz:0.000
[INFO] [1783012998.503564566] [basic_navigator]: [ 53.1s] dist=0.00m amcl=(-0.02,-3.86 yaw=-0.83rad) odom=(2.98,-3.86 yaw=-0.84rad) nav=vx:0.000 wz:0.000 cmd=vx:0.000 wz:0.000
[INFO] [1783012998.706107710] [basic_navigator]: [ 53.3s] dist=0.00m amcl=(-0.02,-3.86 yaw=-0.83rad) odom=(2.98,-3.86 yaw=-0.84rad) nav=vx:0.000 wz:0.000 cmd=vx:0.000 wz:0.000
[INFO] [1783012998.910708946] [basic_navigator]: [ 53.5s] dist=0.00m amcl=(-0.02,-3.86 yaw=-0.83rad) odom=(2.98,-3.86 yaw=-0.84rad) nav=vx:0.000 wz:0.000 cmd=vx:0.000 wz:0.000
[INFO] [1783012999.113384563] [basic_navigator]: [ 53.7s] dist=0.00m amcl=(-0.02,-3.86 yaw=-0.83rad) odom=(2.98,-3.86 yaw=-0.84rad) nav=vx:0.000 wz:0.000 cmd=vx:0.000 wz:0.000
[INFO] [1783012999.316144353] [basic_navigator]: [ 53.9s] dist=0.00m amcl=(-0.02,-3.85 yaw=-0.83rad) odom=(2.98,-3.86 yaw=-0.84rad) nav=vx:-0.150 wz:0.000 cmd=vx:-0.150 wz:0.000
[INFO] [1783012999.518419344] [basic_navigator]: [ 54.1s] dist=0.00m amcl=(-0.04,-3.83 yaw=-0.83rad) odom=(2.96,-3.83 yaw=-0.84rad) nav=vx:-0.150 wz:0.000 cmd=vx:-0.150 wz:0.000
[INFO] [1783012999.721145376] [basic_navigator]: [ 54.3s] dist=0.00m amcl=(-0.06,-3.81 yaw=-0.83rad) odom=(2.94,-3.81 yaw=-0.84rad) nav=vx:-0.150 wz:0.000 cmd=vx:-0.150 wz:0.000
[INFO] [1783012999.924876588] [basic_navigator]: [ 54.5s] dist=0.00m amcl=(-0.08,-3.79 yaw=-0.83rad) odom=(2.92,-3.79 yaw=-0.84rad) nav=vx:-0.150 wz:0.000 cmd=vx:-0.150 wz:0.000
[INFO] [1783013000.127581862] [basic_navigator]: [ 54.7s] dist=0.00m amcl=(-0.10,-3.77 yaw=-0.83rad) odom=(2.90,-3.77 yaw=-0.84rad) nav=vx:-0.150 wz:0.000 cmd=vx:-0.150 wz:0.000
[INFO] [1783013000.330175211] [basic_navigator]: [ 54.9s] dist=0.00m amcl=(-0.11,-3.75 yaw=-0.83rad) odom=(2.88,-3.75 yaw=-0.84rad) nav=vx:-0.150 wz:0.000 cmd=vx:-0.150 wz:0.000
[INFO] [1783013000.533772740] [basic_navigator]: [ 55.2s] dist=0.00m amcl=(-0.13,-3.73 yaw=-0.83rad) odom=(2.87,-3.73 yaw=-0.84rad) nav=vx:-0.150 wz:0.000 cmd=vx:-0.150 wz:0.000
[INFO] [1783013000.735770068] [basic_navigator]: [ 55.4s] dist=0.00m amcl=(-0.15,-3.71 yaw=-0.83rad) odom=(2.85,-3.72 yaw=-0.84rad) nav=vx:-0.150 wz:0.000 cmd=vx:-0.150 wz:0.000
[INFO] [1783013000.938483585] [basic_navigator]: [ 55.6s] dist=0.00m amcl=(-0.16,-3.69 yaw=-0.83rad) odom=(2.83,-3.69 yaw=-0.84rad) nav=vx:-0.150 wz:0.000 cmd=vx:-0.150 wz:0.000
[INFO] [1783013001.145470074] [basic_navigator]: [ 55.8s] dist=0.00m amcl=(-0.19,-3.67 yaw=-0.83rad) odom=(2.81,-3.67 yaw=-0.84rad) nav=vx:-0.150 wz:0.000 cmd=vx:-0.150 wz:0.000
[INFO] [1783013001.347932956] [basic_navigator]: [ 56.0s] dist=0.00m amcl=(-0.20,-3.65 yaw=-0.83rad) odom=(2.79,-3.65 yaw=-0.84rad) nav=vx:-0.150 wz:0.000 cmd=vx:-0.150 wz:0.000
[INFO] [1783013001.551006479] [basic_navigator]: [ 56.2s] dist=0.00m amcl=(-0.22,-3.63 yaw=-0.83rad) odom=(2.77,-3.63 yaw=-0.84rad) nav=vx:-0.150 wz:0.000 cmd=vx:-0.150 wz:0.000
[INFO] [1783013001.754455996] [basic_navigator]: [ 56.4s] dist=4.86m amcl=(-0.23,-3.62 yaw=-0.83rad) odom=(2.77,-3.62 yaw=-0.83rad) nav=vx:0.272 wz:-0.041 cmd=vx:0.146 wz:0.089
[INFO] [1783013001.957980806] [basic_navigator]: [ 56.6s] dist=4.86m amcl=(-0.20,-3.65 yaw=-0.83rad) odom=(2.79,-3.65 yaw=-0.83rad) nav=vx:0.423 wz:-0.387 cmd=vx:0.274 wz:-0.251
[INFO] [1783013002.161088089] [basic_navigator]: [ 56.8s] dist=4.86m amcl=(-0.16,-3.70 yaw=-0.89rad) odom=(2.84,-3.70 yaw=-0.90rad) nav=vx:0.500 wz:-0.406 cmd=vx:0.447 wz:-0.432
[INFO] [1783013002.364155970] [basic_navigator]: [ 57.0s] dist=4.86m amcl=(-0.11,-3.76 yaw=-0.96rad) odom=(2.88,-3.77 yaw=-0.97rad) nav=vx:0.000 wz:1.900 cmd=vx:0.500 wz:-0.470
[INFO] [1783013002.565766818] [basic_navigator]: [ 57.2s] dist=4.86m amcl=(-0.07,-3.83 yaw=-1.03rad) odom=(2.93,-3.84 yaw=-1.03rad) nav=vx:0.500 wz:-0.295 cmd=vx:0.500 wz:-0.295
[INFO] [1783013002.769073353] [basic_navigator]: [ 57.4s] dist=0.00m amcl=(-0.03,-3.90 yaw=-1.06rad) odom=(2.96,-3.90 yaw=-1.07rad) nav=vx:0.000 wz:0.000 cmd=vx:0.250 wz:0.000
[INFO] [1783013002.971795307] [basic_navigator]: [ 57.6s] dist=0.00m amcl=(-0.02,-3.91 yaw=-1.06rad) odom=(2.97,-3.91 yaw=-1.07rad) nav=vx:0.269 wz:-0.031 cmd=vx:0.000 wz:0.000
[INFO] [1783013003.174739113] [basic_navigator]: [ 57.8s] dist=0.00m amcl=(-0.00,-3.94 yaw=-1.07rad) odom=(2.99,-3.94 yaw=-1.08rad) nav=vx:0.000 wz:0.000 cmd=vx:0.343 wz:-0.081
[INFO] [1783013003.377642628] [basic_navigator]: [ 58.0s] dist=0.00m amcl=(0.02,-3.96 yaw=-1.07rad) odom=(3.00,-3.97 yaw=-1.08rad) nav=vx:0.129 wz:-0.111 cmd=vx:0.125 wz:-0.111
[INFO] [1783013003.580316097] [basic_navigator]: [ 58.2s] dist=0.00m amcl=(0.03,-3.98 yaw=-1.10rad) odom=(3.01,-3.99 yaw=-1.11rad) nav=vx:0.339 wz:-0.213 cmd=vx:0.211 wz:-0.288
[INFO] [1783013003.783263499] [basic_navigator]: [ 58.4s] dist=0.00m amcl=(0.04,-4.02 yaw=-1.13rad) odom=(3.03,-4.03 yaw=-1.14rad) nav=vx:0.144 wz:-0.234 cmd=vx:0.089 wz:0.000
[INFO] [1783013003.986751139] [basic_navigator]: [ 58.6s] dist=0.00m amcl=(0.05,-4.06 yaw=-1.18rad) odom=(3.05,-4.06 yaw=-1.18rad) nav=vx:0.000 wz:0.000 cmd=vx:0.160 wz:-0.140
[INFO] [1783013004.189053676] [basic_navigator]: [ 58.8s] dist=0.00m amcl=(0.06,-4.07 yaw=-1.18rad) odom=(3.05,-4.07 yaw=-1.19rad) nav=vx:0.119 wz:-0.012 cmd=vx:0.119 wz:-0.012
[INFO] [1783013004.391500237] [basic_navigator]: [ 59.0s] dist=0.00m amcl=(0.08,-4.09 yaw=-1.19rad) odom=(3.06,-4.10 yaw=-1.19rad) nav=vx:0.434 wz:-0.276 cmd=vx:0.352 wz:-0.276
[INFO] [1783013004.594070393] [basic_navigator]: [ 59.2s] dist=0.00m amcl=(0.10,-4.14 yaw=-1.22rad) odom=(3.08,-4.15 yaw=-1.23rad) nav=vx:0.000 wz:0.000 cmd=vx:0.184 wz:0.000
[INFO] [1783013004.796521093] [basic_navigator]: [ 59.4s] dist=0.00m amcl=(0.12,-4.13 yaw=-1.21rad) odom=(3.08,-4.16 yaw=-1.23rad) nav=vx:0.158 wz:-0.037 cmd=vx:0.125 wz:-0.037
[INFO] [1783013004.999173236] [basic_navigator]: [ 59.6s] dist=0.00m amcl=(0.14,-4.15 yaw=-1.22rad) odom=(3.09,-4.19 yaw=-1.24rad) nav=vx:0.406 wz:-0.351 cmd=vx:0.406 wz:-0.351
[INFO] [1783013005.201597735] [basic_navigator]: [ 59.8s] dist=0.00m amcl=(0.18,-4.19 yaw=-1.27rad) odom=(3.11,-4.26 yaw=-1.31rad) nav=vx:0.466 wz:-0.048 cmd=vx:0.466 wz:-0.237
[INFO] [1783013005.404998839] [basic_navigator]: [ 60.0s] dist=0.00m amcl=(0.21,-4.27 yaw=-1.30rad) odom=(3.13,-4.32 yaw=-1.33rad) nav=vx:0.000 wz:0.000 cmd=vx:0.091 wz:0.000
[INFO] [1783013005.607850195] [basic_navigator]: [ 60.2s] dist=0.00m amcl=(0.23,-4.25 yaw=-1.28rad) odom=(3.13,-4.33 yaw=-1.33rad) nav=vx:0.000 wz:0.000 cmd=vx:0.000 wz:0.000
[INFO] [1783013005.809579379] [basic_navigator]: [ 60.4s] dist=0.00m amcl=(0.23,-4.24 yaw=-1.28rad) odom=(3.13,-4.33 yaw=-1.33rad) nav=vx:0.000 wz:0.000 cmd=vx:0.000 wz:0.000
[INFO] [1783013006.012629525] [basic_navigator]: [ 60.6s] dist=0.00m amcl=(0.23,-4.24 yaw=-1.28rad) odom=(3.13,-4.33 yaw=-1.33rad) nav=vx:0.000 wz:0.000 cmd=vx:0.000 wz:0.000
[INFO] [1783013006.215299382] [basic_navigator]: [ 60.8s] dist=0.00m amcl=(0.25,-4.23 yaw=-1.28rad) odom=(3.13,-4.33 yaw=-1.33rad) nav=vx:0.000 wz:0.000 cmd=vx:0.000 wz:0.000
[INFO] [1783013006.418241466] [basic_navigator]: [ 61.0s] dist=0.00m amcl=(0.26,-4.22 yaw=-1.27rad) odom=(3.13,-4.33 yaw=-1.33rad) nav=vx:0.000 wz:0.000 cmd=vx:0.000 wz:0.000
[INFO] [1783013006.620024539] [basic_navigator]: [ 61.2s] dist=0.00m amcl=(0.26,-4.22 yaw=-1.27rad) odom=(3.13,-4.33 yaw=-1.33rad) nav=vx:0.000 wz:0.000 cmd=vx:0.000 wz:0.000
[INFO] [1783013006.822310577] [basic_navigator]: [ 61.4s] dist=0.00m amcl=(0.26,-4.22 yaw=-1.27rad) odom=(3.13,-4.33 yaw=-1.33rad) nav=vx:0.000 wz:0.000 cmd=vx:0.000 wz:0.000
[INFO] [1783013007.025069965] [basic_navigator]: [ 61.6s] dist=0.00m amcl=(0.26,-4.22 yaw=-1.27rad) odom=(3.13,-4.33 yaw=-1.33rad) nav=vx:0.000 wz:0.000 cmd=vx:0.000 wz:0.000
[INFO] [1783013007.227845653] [basic_navigator]: [ 61.8s] dist=0.00m amcl=(0.26,-4.22 yaw=-1.27rad) odom=(3.13,-4.33 yaw=-1.33rad) nav=vx:0.000 wz:0.000 cmd=vx:0.000 wz:0.000
[INFO] [1783013007.429390227] [basic_navigator]: [ 62.0s] dist=0.00m amcl=(0.26,-4.22 yaw=-1.27rad) odom=(3.13,-4.33 yaw=-1.33rad) nav=vx:0.000 wz:0.000 cmd=vx:0.000 wz:0.000
[INFO] [1783013007.632117699] [basic_navigator]: [ 62.3s] dist=0.00m amcl=(0.26,-4.22 yaw=-1.27rad) odom=(3.13,-4.33 yaw=-1.33rad) nav=vx:0.000 wz:0.000 cmd=vx:0.000 wz:0.000
[INFO] [1783013007.835228916] [basic_navigator]: [ 62.5s] dist=0.00m amcl=(0.26,-4.22 yaw=-1.27rad) odom=(3.13,-4.33 yaw=-1.33rad) nav=vx:0.000 wz:0.000 cmd=vx:0.000 wz:0.000
[INFO] [1783013008.038340302] [basic_navigator]: [ 62.7s] dist=0.00m amcl=(0.26,-4.22 yaw=-1.27rad) odom=(3.13,-4.33 yaw=-1.33rad) nav=vx:0.000 wz:0.000 cmd=vx:0.000 wz:0.000
[INFO] [1783013008.242253221] [basic_navigator]: [ 62.9s] dist=0.00m amcl=(0.26,-4.22 yaw=-1.27rad) odom=(3.13,-4.33 yaw=-1.33rad) nav=vx:0.000 wz:0.000 cmd=vx:0.000 wz:0.000
[INFO] [1783013008.444706507] [basic_navigator]: [ 63.1s] dist=0.00m amcl=(0.26,-4.22 yaw=-1.27rad) odom=(3.13,-4.33 yaw=-1.33rad) nav=vx:0.000 wz:0.000 cmd=vx:0.000 wz:0.000
[INFO] [1783013008.647543519] [basic_navigator]: [ 63.3s] dist=0.00m amcl=(0.26,-4.22 yaw=-1.27rad) odom=(3.13,-4.33 yaw=-1.33rad) nav=vx:0.000 wz:0.000 cmd=vx:0.000 wz:0.000
[INFO] [1783013008.849280258] [basic_navigator]: [ 63.5s] dist=0.00m amcl=(0.26,-4.22 yaw=-1.27rad) odom=(3.13,-4.33 yaw=-1.33rad) nav=vx:0.000 wz:0.000 cmd=vx:0.000 wz:0.000
[INFO] [1783013009.051944034] [basic_navigator]: [ 63.7s] dist=0.00m amcl=(0.26,-4.22 yaw=-1.27rad) odom=(3.13,-4.33 yaw=-1.33rad) nav=vx:0.000 wz:0.000 cmd=vx:0.000 wz:0.000
[INFO] [1783013009.254769005] [basic_navigator]: [ 63.9s] dist=0.00m amcl=(0.26,-4.22 yaw=-1.27rad) odom=(3.13,-4.33 yaw=-1.33rad) nav=vx:0.000 wz:1.000 cmd=vx:0.000 wz:0.160
[INFO] [1783013009.457841724] [basic_navigator]: [ 64.1s] dist=0.00m amcl=(0.26,-4.22 yaw=-1.19rad) odom=(3.13,-4.33 yaw=-1.25rad) nav=vx:0.000 wz:1.000 cmd=vx:0.000 wz:0.800
[INFO] [1783013009.660123718] [basic_navigator]: [ 64.3s] dist=0.00m amcl=(0.26,-4.22 yaw=-1.06rad) odom=(3.13,-4.33 yaw=-1.11rad) nav=vx:0.000 wz:0.000 cmd=vx:0.000 wz:0.480
[INFO] [1783013009.862478449] [basic_navigator]: [ 64.5s] dist=0.00m amcl=(0.26,-4.22 yaw=-1.01rad) odom=(3.13,-4.33 yaw=-1.06rad) nav=vx:0.000 wz:0.000 cmd=vx:0.000 wz:0.000
[INFO] [1783013010.064634450] [basic_navigator]: [ 64.7s] dist=0.00m amcl=(0.26,-4.22 yaw=-1.01rad) odom=(3.13,-4.33 yaw=-1.06rad) nav=vx:0.000 wz:0.000 cmd=vx:0.000 wz:0.000
[INFO] [1783013010.267457277] [basic_navigator]: [ 64.9s] dist=0.00m amcl=(0.26,-4.22 yaw=-1.01rad) odom=(3.13,-4.33 yaw=-1.06rad) nav=vx:0.000 wz:0.000 cmd=vx:0.000 wz:0.000
[INFO] [1783013010.469512575] [basic_navigator]: [ 65.1s] dist=0.00m amcl=(0.26,-4.22 yaw=-1.01rad) odom=(3.13,-4.33 yaw=-1.06rad) nav=vx:0.000 wz:0.000 cmd=vx:0.000 wz:0.000
[INFO] [1783013010.672494288] [basic_navigator]: [ 65.3s] dist=0.00m amcl=(0.27,-4.21 yaw=-1.01rad) odom=(3.13,-4.33 yaw=-1.06rad) nav=vx:0.000 wz:0.000 cmd=vx:0.000 wz:0.000
[INFO] [1783013010.876953815] [basic_navigator]: [ 65.5s] dist=0.00m amcl=(0.27,-4.20 yaw=-1.00rad) odom=(3.13,-4.33 yaw=-1.06rad) nav=vx:0.000 wz:0.000 cmd=vx:0.000 wz:0.000
[INFO] [1783013011.079066614] [basic_navigator]: [ 65.7s] dist=0.00m amcl=(0.27,-4.20 yaw=-1.00rad) odom=(3.13,-4.33 yaw=-1.06rad) nav=vx:0.000 wz:0.000 cmd=vx:0.000 wz:0.000
[INFO] [1783013011.281611654] [basic_navigator]: [ 65.9s] dist=0.00m amcl=(0.27,-4.20 yaw=-1.00rad) odom=(3.13,-4.33 yaw=-1.06rad) nav=vx:0.000 wz:0.000 cmd=vx:0.000 wz:0.000
[INFO] [1783013011.484076895] [basic_navigator]: [ 66.1s] dist=0.00m amcl=(0.27,-4.20 yaw=-1.00rad) odom=(3.13,-4.33 yaw=-1.06rad) nav=vx:0.000 wz:0.000 cmd=vx:0.000 wz:0.000
[INFO] [1783013011.686127664] [basic_navigator]: [ 66.3s] dist=0.00m amcl=(0.27,-4.20 yaw=-1.00rad) odom=(3.13,-4.33 yaw=-1.06rad) nav=vx:0.000 wz:0.000 cmd=vx:0.000 wz:0.000
[INFO] [1783013011.888886927] [basic_navigator]: [ 66.5s] dist=0.00m amcl=(0.27,-4.20 yaw=-1.00rad) odom=(3.13,-4.33 yaw=-1.06rad) nav=vx:0.000 wz:0.000 cmd=vx:0.000 wz:0.000
[INFO] [1783013012.091396791] [basic_navigator]: [ 66.7s] dist=0.00m amcl=(0.27,-4.20 yaw=-1.00rad) odom=(3.13,-4.33 yaw=-1.06rad) nav=vx:0.000 wz:0.000 cmd=vx:0.000 wz:0.000
[INFO] [1783013012.293682708] [basic_navigator]: [ 66.9s] dist=0.00m amcl=(0.27,-4.20 yaw=-1.00rad) odom=(3.13,-4.33 yaw=-1.06rad) nav=vx:0.000 wz:0.000 cmd=vx:0.000 wz:0.000
[INFO] [1783013012.497059516] [basic_navigator]: [ 67.1s] dist=0.00m amcl=(0.27,-4.20 yaw=-1.00rad) odom=(3.13,-4.33 yaw=-1.06rad) nav=vx:0.000 wz:0.000 cmd=vx:0.000 wz:0.000
[INFO] [1783013012.705042347] [basic_navigator]: [ 67.3s] dist=0.00m amcl=(0.27,-4.20 yaw=-1.00rad) odom=(3.13,-4.33 yaw=-1.06rad) nav=vx:0.000 wz:0.000 cmd=vx:0.000 wz:0.000
[INFO] [1783013012.911231430] [basic_navigator]: [ 67.5s] dist=0.00m amcl=(0.27,-4.20 yaw=-1.00rad) odom=(3.13,-4.33 yaw=-1.06rad) nav=vx:0.000 wz:0.000 cmd=vx:0.000 wz:0.000
[INFO] [1783013013.118299275] [basic_navigator]: [ 67.7s] dist=0.00m amcl=(0.27,-4.20 yaw=-1.00rad) odom=(3.13,-4.33 yaw=-1.06rad) nav=vx:0.000 wz:0.000 cmd=vx:0.000 wz:0.000
[INFO] [1783013013.323816904] [basic_navigator]: [ 67.9s] dist=0.00m amcl=(0.27,-4.20 yaw=-1.00rad) odom=(3.13,-4.33 yaw=-1.06rad) nav=vx:0.000 wz:0.000 cmd=vx:0.000 wz:0.000
[INFO] [1783013013.539061447] [basic_navigator]: [ 68.1s] dist=0.00m amcl=(0.27,-4.20 yaw=-1.00rad) odom=(3.13,-4.33 yaw=-1.06rad) nav=vx:0.000 wz:0.000 cmd=vx:0.000 wz:0.000
[INFO] [1783013013.753519464] [basic_navigator]: [ 68.4s] dist=0.00m amcl=(0.27,-4.20 yaw=-1.00rad) odom=(3.13,-4.33 yaw=-1.06rad) nav=vx:0.000 wz:0.000 cmd=vx:0.000 wz:0.000
[INFO] [1783013013.956287381] [basic_navigator]: [ 68.6s] dist=0.00m amcl=(0.27,-4.20 yaw=-1.00rad) odom=(3.13,-4.33 yaw=-1.06rad) nav=vx:0.000 wz:0.000 cmd=vx:0.000 wz:0.000
[INFO] [1783013014.158982986] [basic_navigator]: [ 68.8s] dist=0.00m amcl=(0.27,-4.20 yaw=-1.00rad) odom=(3.13,-4.33 yaw=-1.06rad) nav=vx:0.000 wz:0.000 cmd=vx:0.000 wz:0.000
[INFO] [1783013014.374222052] [basic_navigator]: [ 69.0s] dist=0.00m amcl=(0.27,-4.20 yaw=-1.00rad) odom=(3.13,-4.33 yaw=-1.06rad) nav=vx:0.000 wz:0.000 cmd=vx:0.000 wz:0.000
[INFO] [1783013014.583490660] [basic_navigator]: [ 69.2s] dist=0.00m amcl=(0.27,-4.20 yaw=-1.00rad) odom=(3.13,-4.33 yaw=-1.06rad) nav=vx:0.000 wz:0.000 cmd=vx:0.000 wz:0.000
[INFO] [1783013014.802177093] [basic_navigator]: [ 69.4s] dist=0.00m amcl=(0.27,-4.20 yaw=-1.00rad) odom=(3.13,-4.33 yaw=-1.06rad) nav=vx:0.000 wz:0.000 cmd=vx:0.000 wz:0.000
[INFO] [1783013015.009463720] [basic_navigator]: [ 69.6s] dist=0.00m amcl=(0.27,-4.20 yaw=-1.00rad) odom=(3.13,-4.33 yaw=-1.06rad) nav=vx:0.000 wz:0.000 cmd=vx:0.000 wz:0.000
[INFO] [1783013015.212298337] [basic_navigator]: [ 69.8s] dist=0.00m amcl=(0.27,-4.20 yaw=-1.00rad) odom=(3.13,-4.33 yaw=-1.06rad) nav=vx:0.000 wz:0.000 cmd=vx:0.000 wz:0.000
[INFO] [1783013015.415314715] [basic_navigator]: [ 70.0s] dist=0.00m amcl=(0.27,-4.20 yaw=-1.00rad) odom=(3.13,-4.33 yaw=-1.06rad) nav=vx:0.000 wz:0.000 cmd=vx:0.000 wz:0.000
[INFO] [1783013015.618662727] [basic_navigator]: [ 70.2s] dist=0.00m amcl=(0.27,-4.20 yaw=-1.00rad) odom=(3.13,-4.33 yaw=-1.06rad) nav=vx:0.000 wz:0.000 cmd=vx:0.000 wz:0.000
[INFO] [1783013015.824551182] [basic_navigator]: [ 70.4s] dist=0.00m amcl=(0.27,-4.20 yaw=-1.00rad) odom=(3.13,-4.33 yaw=-1.06rad) nav=vx:0.000 wz:0.000 cmd=vx:0.000 wz:0.000
[INFO] [1783013016.033234558] [basic_navigator]: [ 70.7s] dist=0.00m amcl=(0.27,-4.20 yaw=-1.00rad) odom=(3.13,-4.33 yaw=-1.06rad) nav=vx:0.000 wz:0.000 cmd=vx:0.000 wz:0.000
[INFO] [1783013016.237388849] [basic_navigator]: [ 70.9s] dist=0.00m amcl=(0.27,-4.20 yaw=-1.00rad) odom=(3.13,-4.33 yaw=-1.06rad) nav=vx:0.000 wz:0.000 cmd=vx:0.000 wz:0.000
[INFO] [1783013016.441983827] [basic_navigator]: [ 71.1s] dist=0.00m amcl=(0.27,-4.20 yaw=-1.00rad) odom=(3.13,-4.33 yaw=-1.06rad) nav=vx:0.000 wz:0.000 cmd=vx:0.000 wz:0.000
[INFO] [1783013016.648888653] [basic_navigator]: [ 71.3s] dist=0.00m amcl=(0.27,-4.20 yaw=-1.00rad) odom=(3.13,-4.33 yaw=-1.06rad) nav=vx:0.000 wz:0.000 cmd=vx:0.000 wz:0.000
[INFO] [1783013016.852617296] [basic_navigator]: [ 71.5s] dist=0.00m amcl=(0.27,-4.20 yaw=-1.00rad) odom=(3.13,-4.33 yaw=-1.06rad) nav=vx:0.000 wz:0.000 cmd=vx:0.000 wz:0.000
[INFO] [1783013017.056978403] [basic_navigator]: [ 71.7s] dist=0.00m amcl=(0.27,-4.20 yaw=-1.00rad) odom=(3.13,-4.33 yaw=-1.06rad) nav=vx:0.000 wz:0.000 cmd=vx:0.000 wz:0.000
[INFO] [1783013017.271446838] [basic_navigator]: [ 71.9s] dist=0.00m amcl=(0.27,-4.20 yaw=-1.00rad) odom=(3.13,-4.33 yaw=-1.06rad) nav=vx:0.000 wz:0.000 cmd=vx:0.000 wz:0.000
[INFO] [1783013017.476055401] [basic_navigator]: [ 72.1s] dist=0.00m amcl=(0.27,-4.20 yaw=-1.00rad) odom=(3.13,-4.33 yaw=-1.06rad) nav=vx:0.000 wz:0.000 cmd=vx:0.000 wz:0.000
[INFO] [1783013017.681054427] [basic_navigator]: [ 72.3s] dist=0.00m amcl=(0.27,-4.20 yaw=-1.00rad) odom=(3.13,-4.33 yaw=-1.06rad) nav=vx:0.000 wz:0.000 cmd=vx:0.000 wz:0.000
[INFO] [1783013017.884678270] [basic_navigator]: [ 72.5s] dist=0.00m amcl=(0.27,-4.20 yaw=-1.00rad) odom=(3.13,-4.33 yaw=-1.06rad) nav=vx:0.000 wz:0.000 cmd=vx:0.000 wz:0.000
[INFO] [1783013018.089550796] [basic_navigator]: [ 72.7s] dist=0.00m amcl=(0.27,-4.20 yaw=-1.00rad) odom=(3.13,-4.33 yaw=-1.06rad) nav=vx:0.000 wz:0.000 cmd=vx:0.000 wz:0.000
[INFO] [1783013018.293569697] [basic_navigator]: [ 72.9s] dist=0.00m amcl=(0.27,-4.20 yaw=-1.00rad) odom=(3.13,-4.33 yaw=-1.06rad) nav=vx:0.000 wz:0.000 cmd=vx:0.000 wz:0.000
[INFO] [1783013018.499626676] [basic_navigator]: [ 73.1s] dist=0.00m amcl=(0.27,-4.20 yaw=-1.00rad) odom=(3.13,-4.33 yaw=-1.06rad) nav=vx:0.000 wz:0.000 cmd=vx:0.000 wz:0.000
[INFO] [1783013018.706386148] [basic_navigator]: [ 73.3s] dist=0.00m amcl=(0.27,-4.20 yaw=-1.00rad) odom=(3.13,-4.33 yaw=-1.06rad) nav=vx:0.000 wz:0.000 cmd=vx:0.000 wz:0.000
[INFO] [1783013018.914150807] [basic_navigator]: [ 73.5s] dist=0.00m amcl=(0.27,-4.20 yaw=-1.00rad) odom=(3.13,-4.33 yaw=-1.06rad) nav=vx:0.000 wz:0.000 cmd=vx:0.000 wz:0.000
[INFO] [1783013019.121398426] [basic_navigator]: [ 73.7s] dist=0.00m amcl=(0.27,-4.20 yaw=-1.00rad) odom=(3.13,-4.33 yaw=-1.06rad) nav=vx:0.000 wz:0.000 cmd=vx:0.000 wz:0.000
[INFO] [1783013019.323875271] [basic_navigator]: [ 73.9s] dist=0.00m amcl=(0.27,-4.20 yaw=-1.00rad) odom=(3.13,-4.33 yaw=-1.06rad) nav=vx:0.000 wz:0.000 cmd=vx:0.000 wz:0.000
[INFO] [1783013019.530151507] [basic_navigator]: [ 74.1s] dist=0.00m amcl=(0.27,-4.20 yaw=-1.00rad) odom=(3.13,-4.33 yaw=-1.06rad) nav=vx:0.000 wz:0.000 cmd=vx:0.000 wz:0.000
[INFO] [1783013019.737738172] [basic_navigator]: [ 74.4s] dist=0.00m amcl=(0.27,-4.20 yaw=-1.00rad) odom=(3.13,-4.33 yaw=-1.06rad) nav=vx:0.000 wz:0.000 cmd=vx:0.000 wz:0.000
[INFO] [1783013019.944099049] [basic_navigator]: [ 74.6s] dist=0.00m amcl=(0.27,-4.20 yaw=-1.00rad) odom=(3.13,-4.33 yaw=-1.06rad) nav=vx:0.000 wz:0.000 cmd=vx:0.000 wz:0.000
[INFO] [1783013020.146944383] [basic_navigator]: [ 74.8s] dist=0.00m amcl=(0.27,-4.20 yaw=-1.00rad) odom=(3.13,-4.33 yaw=-1.06rad) nav=vx:0.000 wz:0.000 cmd=vx:0.000 wz:0.000
[INFO] [1783013020.355342972] [basic_navigator]: [ 75.0s] dist=0.00m amcl=(0.27,-4.20 yaw=-1.00rad) odom=(3.13,-4.33 yaw=-1.06rad) nav=vx:0.000 wz:0.000 cmd=vx:0.000 wz:0.000
[INFO] [1783013020.562934796] [basic_navigator]: [ 75.2s] dist=0.00m amcl=(0.27,-4.20 yaw=-1.00rad) odom=(3.13,-4.33 yaw=-1.06rad) nav=vx:0.000 wz:0.000 cmd=vx:0.000 wz:0.000
[INFO] [1783013020.768969563] [basic_navigator]: [ 75.4s] dist=0.00m amcl=(0.27,-4.20 yaw=-1.00rad) odom=(3.13,-4.33 yaw=-1.06rad) nav=vx:0.000 wz:0.000 cmd=vx:0.000 wz:0.000
[INFO] [1783013020.975030368] [basic_navigator]: [ 75.6s] dist=0.00m amcl=(0.27,-4.20 yaw=-1.00rad) odom=(3.13,-4.33 yaw=-1.06rad) nav=vx:0.000 wz:0.000 cmd=vx:0.000 wz:0.000
[INFO] [1783013021.177196106] [basic_navigator]: [ 75.8s] dist=0.00m amcl=(0.27,-4.20 yaw=-1.00rad) odom=(3.13,-4.33 yaw=-1.06rad) nav=vx:0.000 wz:0.000 cmd=vx:0.000 wz:0.000
[INFO] [1783013021.382105471] [basic_navigator]: [ 76.0s] dist=0.00m amcl=(0.27,-4.20 yaw=-1.00rad) odom=(3.13,-4.33 yaw=-1.06rad) nav=vx:-0.150 wz:0.000 cmd=vx:-0.150 wz:0.000
[INFO] [1783013021.585879704] [basic_navigator]: [ 76.2s] dist=0.00m amcl=(0.26,-4.19 yaw=-1.00rad) odom=(3.12,-4.31 yaw=-1.06rad) nav=vx:-0.150 wz:0.000 cmd=vx:-0.150 wz:0.000
[INFO] [1783013021.794582368] [basic_navigator]: [ 76.4s] dist=0.00m amcl=(0.26,-4.18 yaw=-1.00rad) odom=(3.12,-4.30 yaw=-1.06rad) nav=vx:-0.150 wz:0.000 cmd=vx:-0.150 wz:0.000
[INFO] [1783013021.997805380] [basic_navigator]: [ 76.6s] dist=0.00m amcl=(0.25,-4.17 yaw=-1.00rad) odom=(3.11,-4.29 yaw=-1.06rad) nav=vx:-0.150 wz:0.000 cmd=vx:-0.150 wz:0.000
[INFO] [1783013022.205510187] [basic_navigator]: [ 76.8s] dist=0.00m amcl=(0.24,-4.16 yaw=-1.00rad) odom=(3.10,-4.28 yaw=-1.06rad) nav=vx:-0.150 wz:0.000 cmd=vx:-0.150 wz:0.000
[INFO] [1783013022.413607001] [basic_navigator]: [ 77.0s] dist=0.00m amcl=(0.23,-4.15 yaw=-1.00rad) odom=(3.10,-4.27 yaw=-1.06rad) nav=vx:-0.150 wz:0.000 cmd=vx:-0.150 wz:0.000
[INFO] [1783013022.619627334] [basic_navigator]: [ 77.2s] dist=0.00m amcl=(0.23,-4.13 yaw=-1.00rad) odom=(3.09,-4.26 yaw=-1.06rad) nav=vx:-0.150 wz:0.000 cmd=vx:-0.150 wz:0.000
[INFO] [1783013022.823387062] [basic_navigator]: [ 77.4s] dist=0.00m amcl=(0.22,-4.12 yaw=-1.00rad) odom=(3.09,-4.25 yaw=-1.06rad) nav=vx:-0.150 wz:0.000 cmd=vx:-0.150 wz:0.000
[INFO] [1783013023.027003940] [basic_navigator]: [ 77.6s] dist=0.00m amcl=(0.21,-4.11 yaw=-1.00rad) odom=(3.08,-4.23 yaw=-1.06rad) nav=vx:-0.150 wz:0.000 cmd=vx:-0.150 wz:0.000
[INFO] [1783013023.230087668] [basic_navigator]: [ 77.8s] dist=0.00m amcl=(0.21,-4.10 yaw=-1.00rad) odom=(3.07,-4.22 yaw=-1.06rad) nav=vx:-0.150 wz:0.000 cmd=vx:-0.150 wz:0.000
[INFO] [1783013023.436800690] [basic_navigator]: [ 78.1s] dist=0.00m amcl=(0.20,-4.09 yaw=-1.00rad) odom=(3.07,-4.21 yaw=-1.06rad) nav=vx:-0.150 wz:0.000 cmd=vx:-0.150 wz:0.000
[INFO] [1783013023.642488665] [basic_navigator]: [ 78.3s] dist=0.00m amcl=(0.19,-4.08 yaw=-1.00rad) odom=(3.06,-4.20 yaw=-1.06rad) nav=vx:-0.150 wz:0.000 cmd=vx:-0.150 wz:0.000
[INFO] [1783013023.851665793] [basic_navigator]: [ 78.5s] dist=0.00m amcl=(0.18,-4.07 yaw=-1.00rad) odom=(3.05,-4.19 yaw=-1.06rad) nav=vx:-0.150 wz:0.000 cmd=vx:-0.150 wz:0.000
[INFO] [1783013024.058925009] [basic_navigator]: [ 78.7s] dist=0.00m amcl=(0.18,-4.05 yaw=-1.00rad) odom=(3.05,-4.17 yaw=-1.06rad) nav=vx:-0.150 wz:0.000 cmd=vx:-0.150 wz:0.000
[INFO] [1783013024.264754538] [basic_navigator]: [ 78.9s] dist=0.00m amcl=(0.17,-4.05 yaw=-1.00rad) odom=(3.04,-4.17 yaw=-1.06rad) nav=vx:-0.150 wz:0.000 cmd=vx:-0.150 wz:0.000
[INFO] [1783013024.467436887] [basic_navigator]: [ 79.1s] dist=0.00m amcl=(0.16,-4.03 yaw=-1.00rad) odom=(3.03,-4.15 yaw=-1.06rad) nav=vx:-0.150 wz:0.000 cmd=vx:-0.150 wz:0.000
[INFO] [1783013024.670493315] [basic_navigator]: [ 79.3s] dist=0.00m amcl=(0.16,-4.02 yaw=-1.00rad) odom=(3.03,-4.14 yaw=-1.06rad) nav=vx:-0.150 wz:0.000 cmd=vx:-0.150 wz:0.000
[INFO] [1783013024.874566344] [basic_navigator]: [ 79.5s] dist=0.00m amcl=(0.15,-4.01 yaw=-1.00rad) odom=(3.02,-4.13 yaw=-1.06rad) nav=vx:-0.150 wz:0.000 cmd=vx:-0.150 wz:0.000
[INFO] [1783013025.084590561] [basic_navigator]: [ 79.7s] dist=0.00m amcl=(0.14,-4.00 yaw=-1.00rad) odom=(3.01,-4.12 yaw=-1.06rad) nav=vx:-0.150 wz:0.000 cmd=vx:-0.150 wz:0.000
[INFO] [1783013025.293970159] [basic_navigator]: [ 79.9s] dist=0.00m amcl=(0.14,-3.99 yaw=-1.00rad) odom=(3.01,-4.10 yaw=-1.06rad) nav=vx:-0.150 wz:0.000 cmd=vx:-0.150 wz:0.000
[INFO] [1783013025.503924686] [basic_navigator]: [ 80.1s] dist=0.00m amcl=(0.13,-3.98 yaw=-1.00rad) odom=(3.00,-4.09 yaw=-1.06rad) nav=vx:-0.150 wz:0.000 cmd=vx:-0.150 wz:0.000
[INFO] [1783013025.707354019] [basic_navigator]: [ 80.3s] dist=0.00m amcl=(0.12,-3.96 yaw=-1.00rad) odom=(2.99,-4.08 yaw=-1.06rad) nav=vx:-0.150 wz:0.000 cmd=vx:-0.150 wz:0.000
[INFO] [1783013025.913819692] [basic_navigator]: [ 80.5s] dist=0.00m amcl=(0.12,-3.96 yaw=-1.00rad) odom=(2.99,-4.07 yaw=-1.06rad) nav=vx:-0.150 wz:0.000 cmd=vx:-0.150 wz:0.000
[INFO] [1783013026.116569726] [basic_navigator]: [ 80.7s] dist=0.00m amcl=(0.11,-3.94 yaw=-1.00rad) odom=(2.98,-4.06 yaw=-1.06rad) nav=vx:0.000 wz:0.000 cmd=vx:-0.150 wz:0.000
[INFO] [1783013026.320162612] [basic_navigator]: [ 80.9s] dist=0.00m amcl=(0.11,-3.94 yaw=-1.00rad) odom=(2.98,-4.05 yaw=-1.06rad) nav=vx:0.000 wz:0.000 cmd=vx:0.000 wz:0.000
[INFO] [1783013026.525119625] [basic_navigator]: [ 81.1s] dist=0.00m amcl=(0.11,-3.94 yaw=-1.00rad) odom=(2.98,-4.05 yaw=-1.06rad) nav=vx:0.000 wz:0.000 cmd=vx:0.000 wz:0.000
[INFO] [1783013026.729340149] [basic_navigator]: [ 81.3s] dist=0.00m amcl=(0.11,-3.94 yaw=-1.00rad) odom=(2.98,-4.05 yaw=-1.06rad) nav=vx:0.000 wz:0.000 cmd=vx:0.000 wz:0.000
[INFO] [1783013026.932943245] [basic_navigator]: [ 81.6s] dist=0.00m amcl=(0.11,-3.94 yaw=-1.00rad) odom=(2.98,-4.05 yaw=-1.06rad) nav=vx:0.000 wz:0.000 cmd=vx:0.000 wz:0.000
[INFO] [1783013027.140873330] [basic_navigator]: [ 81.8s] dist=0.00m amcl=(0.11,-3.94 yaw=-1.00rad) odom=(2.98,-4.05 yaw=-1.06rad) nav=vx:0.000 wz:0.000 cmd=vx:0.000 wz:0.000
[INFO] [1783013027.344048314] [basic_navigator]: [ 82.0s] dist=0.00m amcl=(0.11,-3.94 yaw=-1.00rad) odom=(2.98,-4.05 yaw=-1.06rad) nav=vx:0.000 wz:0.000 cmd=vx:0.000 wz:0.000
[INFO] [1783013027.546421199] [basic_navigator]: [ 82.2s] dist=0.00m amcl=(0.11,-3.93 yaw=-1.00rad) odom=(2.98,-4.05 yaw=-1.06rad) nav=vx:0.000 wz:0.000 cmd=vx:0.000 wz:0.000
[INFO] [1783013027.752060046] [basic_navigator]: [ 82.4s] dist=0.00m amcl=(0.11,-3.93 yaw=-1.00rad) odom=(2.98,-4.05 yaw=-1.06rad) nav=vx:0.000 wz:0.000 cmd=vx:0.000 wz:0.000
[INFO] [1783013027.957371096] [basic_navigator]: [ 82.6s] dist=0.00m amcl=(0.11,-3.93 yaw=-1.00rad) odom=(2.98,-4.05 yaw=-1.06rad) nav=vx:0.000 wz:0.000 cmd=vx:0.000 wz:0.000
[INFO] [1783013028.160896324] [basic_navigator]: [ 82.8s] dist=0.00m amcl=(0.11,-3.93 yaw=-1.00rad) odom=(2.98,-4.05 yaw=-1.06rad) nav=vx:0.000 wz:0.000 cmd=vx:0.000 wz:0.000
[INFO] [1783013028.367807009] [basic_navigator]: [ 83.0s] dist=0.00m amcl=(0.11,-3.93 yaw=-1.00rad) odom=(2.98,-4.05 yaw=-1.06rad) nav=vx:0.000 wz:0.000 cmd=vx:0.000 wz:0.000
[INFO] [1783013028.580969751] [basic_navigator]: [ 83.2s] dist=0.00m amcl=(0.11,-3.93 yaw=-1.00rad) odom=(2.98,-4.05 yaw=-1.06rad) nav=vx:0.000 wz:0.000 cmd=vx:0.000 wz:0.000
[INFO] [1783013028.784513617] [basic_navigator]: [ 83.4s] dist=0.00m amcl=(0.11,-3.93 yaw=-1.00rad) odom=(2.98,-4.05 yaw=-1.06rad) nav=vx:0.000 wz:0.000 cmd=vx:0.000 wz:0.000
[INFO] [1783013028.993345670] [basic_navigator]: [ 83.6s] dist=0.00m amcl=(0.11,-3.93 yaw=-1.00rad) odom=(2.98,-4.05 yaw=-1.06rad) nav=vx:0.000 wz:0.000 cmd=vx:0.000 wz:0.000
[INFO] [1783013029.195856514] [basic_navigator]: [ 83.8s] dist=0.00m amcl=(0.11,-3.93 yaw=-1.00rad) odom=(2.98,-4.05 yaw=-1.06rad) nav=vx:0.000 wz:0.000 cmd=vx:0.000 wz:0.000
[INFO] [1783013029.405655854] [basic_navigator]: [ 84.0s] dist=0.00m amcl=(0.11,-3.93 yaw=-1.00rad) odom=(2.98,-4.05 yaw=-1.06rad) nav=vx:0.000 wz:0.000 cmd=vx:0.000 wz:0.000
[INFO] [1783013029.611055946] [basic_navigator]: [ 84.2s] dist=0.00m amcl=(0.11,-3.93 yaw=-1.00rad) odom=(2.98,-4.05 yaw=-1.06rad) nav=vx:0.000 wz:0.000 cmd=vx:0.000 wz:0.000
[INFO] [1783013029.814075846] [basic_navigator]: [ 84.4s] dist=0.00m amcl=(0.11,-3.93 yaw=-1.00rad) odom=(2.98,-4.05 yaw=-1.06rad) nav=vx:0.000 wz:0.000 cmd=vx:0.000 wz:0.000
[INFO] [1783013030.017407475] [basic_navigator]: [ 84.6s] dist=0.00m amcl=(0.11,-3.93 yaw=-1.00rad) odom=(2.98,-4.05 yaw=-1.06rad) nav=vx:0.000 wz:0.000 cmd=vx:0.000 wz:0.000
[INFO] [1783013030.221452346] [basic_navigator]: [ 84.8s] dist=0.00m amcl=(0.11,-3.93 yaw=-1.00rad) odom=(2.98,-4.05 yaw=-1.06rad) nav=vx:0.000 wz:0.000 cmd=vx:0.000 wz:0.000
[INFO] [1783013030.426010947] [basic_navigator]: [ 85.0s] dist=0.00m amcl=(0.11,-3.93 yaw=-1.00rad) odom=(2.98,-4.05 yaw=-1.06rad) nav=vx:0.000 wz:0.000 cmd=vx:0.000 wz:0.000
[INFO] [1783013030.628112445] [basic_navigator]: [ 85.2s] dist=0.00m amcl=(0.11,-3.93 yaw=-1.00rad) odom=(2.98,-4.05 yaw=-1.06rad) nav=vx:0.000 wz:0.000 cmd=vx:0.000 wz:0.000
[INFO] [1783013030.835254452] [basic_navigator]: [ 85.4s] dist=0.00m amcl=(0.11,-3.93 yaw=-1.00rad) odom=(2.98,-4.05 yaw=-1.06rad) nav=vx:0.000 wz:0.000 cmd=vx:0.000 wz:0.000
[INFO] [1783013031.041850173] [basic_navigator]: [ 85.7s] dist=0.00m amcl=(0.11,-3.93 yaw=-1.00rad) odom=(2.98,-4.05 yaw=-1.06rad) nav=vx:0.000 wz:0.000 cmd=vx:0.000 wz:0.000
[INFO] [1783013031.245534505] [basic_navigator]: [ 85.9s] dist=0.00m amcl=(0.11,-3.93 yaw=-1.00rad) odom=(2.98,-4.05 yaw=-1.06rad) nav=vx:0.000 wz:0.000 cmd=vx:0.000 wz:0.000
[INFO] [1783013031.448133263] [basic_navigator]: [ 86.1s] dist=0.00m amcl=(0.11,-3.93 yaw=-1.00rad) odom=(2.98,-4.05 yaw=-1.06rad) nav=vx:0.000 wz:0.000 cmd=vx:0.000 wz:0.000
[INFO] [1783013031.652275793] [basic_navigator]: [ 86.3s] dist=0.00m amcl=(0.11,-3.93 yaw=-1.00rad) odom=(2.98,-4.05 yaw=-1.06rad) nav=vx:0.000 wz:0.000 cmd=vx:0.000 wz:0.000
[INFO] [1783013031.860571135] [basic_navigator]: [ 86.5s] dist=0.00m amcl=(0.11,-3.93 yaw=-1.00rad) odom=(2.98,-4.05 yaw=-1.06rad) nav=vx:0.000 wz:0.000 cmd=vx:0.000 wz:0.000
[INFO] [1783013032.070335767] [basic_navigator]: [ 86.7s] dist=0.00m amcl=(0.11,-3.93 yaw=-1.00rad) odom=(2.98,-4.05 yaw=-1.06rad) nav=vx:0.000 wz:0.000 cmd=vx:0.000 wz:0.000
[INFO] [1783013032.274503318] [basic_navigator]: [ 86.9s] dist=0.00m amcl=(0.11,-3.93 yaw=-1.00rad) odom=(2.98,-4.05 yaw=-1.06rad) nav=vx:0.000 wz:1.000 cmd=vx:0.000 wz:0.000
[INFO] [1783013032.479539357] [basic_navigator]: [ 87.1s] dist=0.00m amcl=(0.11,-3.93 yaw=-0.99rad) odom=(2.98,-4.05 yaw=-1.05rad) nav=vx:0.000 wz:1.000 cmd=vx:0.000 wz:0.480
[INFO] [1783013032.682588410] [basic_navigator]: [ 87.3s] dist=0.00m amcl=(0.11,-3.93 yaw=-0.94rad) odom=(2.98,-4.05 yaw=-1.01rad) nav=vx:0.000 wz:1.000 cmd=vx:0.000 wz:1.000
[INFO] [1783013032.886062802] [basic_navigator]: [ 87.5s] dist=0.00m amcl=(0.11,-3.93 yaw=-0.88rad) odom=(2.98,-4.05 yaw=-0.94rad) nav=vx:0.000 wz:1.000 cmd=vx:0.000 wz:1.000
[INFO] [1783013033.090961521] [basic_navigator]: [ 87.7s] dist=0.00m amcl=(0.11,-3.93 yaw=-0.81rad) odom=(2.98,-4.05 yaw=-0.87rad) nav=vx:0.000 wz:1.000 cmd=vx:0.000 wz:1.000
[INFO] [1783013033.293782863] [basic_navigator]: [ 87.9s] dist=0.00m amcl=(0.11,-3.93 yaw=-0.74rad) odom=(2.98,-4.05 yaw=-0.77rad) nav=vx:0.000 wz:1.000 cmd=vx:0.000 wz:1.000
[INFO] [1783013033.498482964] [basic_navigator]: [ 88.1s] dist=0.00m amcl=(0.11,-3.93 yaw=-0.64rad) odom=(2.98,-4.05 yaw=-0.70rad) nav=vx:0.000 wz:1.000 cmd=vx:0.000 wz:1.000
[INFO] [1783013033.705460803] [basic_navigator]: [ 88.3s] dist=0.00m amcl=(0.11,-3.93 yaw=-0.57rad) odom=(2.98,-4.05 yaw=-0.63rad) nav=vx:0.000 wz:1.000 cmd=vx:0.000 wz:1.000
[INFO] [1783013033.908694678] [basic_navigator]: [ 88.5s] dist=0.00m amcl=(0.11,-3.93 yaw=-0.50rad) odom=(2.98,-4.05 yaw=-0.56rad) nav=vx:0.000 wz:1.000 cmd=vx:0.000 wz:1.000
[INFO] [1783013034.113240247] [basic_navigator]: [ 88.7s] dist=0.00m amcl=(0.11,-3.93 yaw=-0.43rad) odom=(2.98,-4.05 yaw=-0.50rad) nav=vx:0.000 wz:1.000 cmd=vx:0.000 wz:1.000
[INFO] [1783013034.315515100] [basic_navigator]: [ 88.9s] dist=0.00m amcl=(0.11,-3.93 yaw=-0.37rad) odom=(2.98,-4.05 yaw=-0.43rad) nav=vx:0.000 wz:1.000 cmd=vx:0.000 wz:1.000
[INFO] [1783013034.521675971] [basic_navigator]: [ 89.1s] dist=0.00m amcl=(0.11,-3.93 yaw=-0.30rad) odom=(2.98,-4.05 yaw=-0.36rad) nav=vx:0.000 wz:1.000 cmd=vx:0.000 wz:1.000
[INFO] [1783013034.727142594] [basic_navigator]: [ 89.3s] dist=0.00m amcl=(0.11,-3.93 yaw=-0.23rad) odom=(2.98,-4.05 yaw=-0.26rad) nav=vx:0.000 wz:1.000 cmd=vx:0.000 wz:1.000
[INFO] [1783013034.933488963] [basic_navigator]: [ 89.6s] dist=0.00m amcl=(0.11,-3.93 yaw=-0.16rad) odom=(2.98,-4.05 yaw=-0.19rad) nav=vx:0.000 wz:1.000 cmd=vx:0.000 wz:1.000
[INFO] [1783013035.135747587] [basic_navigator]: [ 89.8s] dist=0.00m amcl=(0.11,-3.93 yaw=-0.09rad) odom=(2.98,-4.05 yaw=-0.12rad) nav=vx:0.000 wz:1.000 cmd=vx:0.000 wz:1.000
[INFO] [1783013035.343503314] [basic_navigator]: [ 90.0s] dist=0.00m amcl=(0.11,-3.93 yaw=0.01rad) odom=(2.98,-4.05 yaw=-0.05rad) nav=vx:0.000 wz:1.000 cmd=vx:0.000 wz:1.000
[INFO] [1783013035.560264452] [basic_navigator]: [ 90.2s] dist=0.00m amcl=(0.11,-3.93 yaw=0.08rad) odom=(2.98,-4.05 yaw=0.01rad) nav=vx:0.000 wz:1.000 cmd=vx:0.000 wz:1.000
[INFO] [1783013035.768905856] [basic_navigator]: [ 90.4s] dist=0.00m amcl=(0.11,-3.93 yaw=0.18rad) odom=(2.98,-4.05 yaw=0.12rad) nav=vx:0.000 wz:1.000 cmd=vx:0.000 wz:1.000
[INFO] [1783013035.976002837] [basic_navigator]: [ 90.6s] dist=0.00m amcl=(0.11,-3.93 yaw=0.25rad) odom=(2.98,-4.05 yaw=0.18rad) nav=vx:0.000 wz:1.000 cmd=vx:0.000 wz:1.000
[INFO] [1783013036.183396615] [basic_navigator]: [ 90.8s] dist=0.00m amcl=(0.11,-3.93 yaw=0.32rad) odom=(2.98,-4.05 yaw=0.25rad) nav=vx:0.000 wz:1.000 cmd=vx:0.000 wz:1.000
[INFO] [1783013036.392852508] [basic_navigator]: [ 91.0s] dist=0.00m amcl=(0.11,-3.93 yaw=0.42rad) odom=(2.98,-4.05 yaw=0.35rad) nav=vx:0.000 wz:0.987 cmd=vx:0.000 wz:1.000
[INFO] [1783013036.596799415] [basic_navigator]: [ 91.2s] dist=0.00m amcl=(0.11,-3.93 yaw=0.49rad) odom=(2.98,-4.05 yaw=0.42rad) nav=vx:0.000 wz:0.734 cmd=vx:0.000 wz:0.987
[INFO] [1783013036.803554170] [basic_navigator]: [ 91.4s] dist=0.00m amcl=(0.10,-3.93 yaw=0.58rad) odom=(2.98,-4.05 yaw=0.51rad) nav=vx:0.000 wz:0.400 cmd=vx:0.000 wz:0.734
[INFO] [1783013037.006959513] [basic_navigator]: [ 91.6s] dist=0.00m amcl=(0.10,-3.93 yaw=0.63rad) odom=(2.98,-4.05 yaw=0.56rad) nav=vx:0.000 wz:0.000 cmd=vx:0.000 wz:0.400
[INFO] [1783013037.210334014] [basic_navigator]: [ 91.8s] dist=0.00m amcl=(0.10,-3.93 yaw=0.64rad) odom=(2.98,-4.05 yaw=0.58rad) nav=vx:0.000 wz:0.000 cmd=vx:0.000 wz:0.000
[INFO] [1783013037.413781475] [basic_navigator]: [ 92.0s] dist=0.00m amcl=(0.10,-3.93 yaw=0.64rad) odom=(2.98,-4.05 yaw=0.58rad) nav=vx:0.000 wz:0.000 cmd=vx:0.000 wz:0.000
[INFO] [1783013037.616572646] [basic_navigator]: [ 92.2s] dist=0.00m amcl=(0.10,-3.93 yaw=0.65rad) odom=(2.98,-4.05 yaw=0.58rad) nav=vx:0.000 wz:0.000 cmd=vx:0.000 wz:0.000
[INFO] [1783013037.823026879] [basic_navigator]: [ 92.4s] dist=0.00m amcl=(0.10,-3.93 yaw=0.65rad) odom=(2.98,-4.05 yaw=0.58rad) nav=vx:0.000 wz:0.000 cmd=vx:0.000 wz:0.000
[INFO] [1783013038.028049046] [basic_navigator]: [ 92.6s] dist=0.00m amcl=(0.10,-3.93 yaw=0.65rad) odom=(2.98,-4.05 yaw=0.58rad) nav=vx:0.000 wz:0.000 cmd=vx:0.000 wz:0.000
[INFO] [1783013038.237108200] [basic_navigator]: [ 92.9s] dist=0.00m amcl=(0.10,-3.92 yaw=0.65rad) odom=(2.98,-4.05 yaw=0.58rad) nav=vx:0.000 wz:0.000 cmd=vx:0.000 wz:0.000
[INFO] [1783013038.443680177] [basic_navigator]: [ 93.1s] dist=0.00m amcl=(0.10,-3.92 yaw=0.65rad) odom=(2.98,-4.05 yaw=0.58rad) nav=vx:0.000 wz:0.000 cmd=vx:0.000 wz:0.000
[INFO] [1783013038.646901609] [basic_navigator]: [ 93.3s] dist=0.00m amcl=(0.10,-3.92 yaw=0.65rad) odom=(2.98,-4.05 yaw=0.58rad) nav=vx:0.000 wz:0.000 cmd=vx:0.000 wz:0.000
[INFO] [1783013038.850334566] [basic_navigator]: [ 93.5s] dist=0.00m amcl=(0.10,-3.92 yaw=0.65rad) odom=(2.98,-4.05 yaw=0.58rad) nav=vx:0.000 wz:0.000 cmd=vx:0.000 wz:0.000
[INFO] [1783013039.054026989] [basic_navigator]: [ 93.7s] dist=0.00m amcl=(0.10,-3.92 yaw=0.65rad) odom=(2.98,-4.05 yaw=0.58rad) nav=vx:0.000 wz:0.000 cmd=vx:0.000 wz:0.000
[INFO] [1783013039.267819446] [basic_navigator]: [ 93.9s] dist=0.00m amcl=(0.10,-3.92 yaw=0.65rad) odom=(2.98,-4.05 yaw=0.58rad) nav=vx:0.000 wz:0.000 cmd=vx:0.000 wz:0.000
[INFO] [1783013039.471893129] [basic_navigator]: [ 94.1s] dist=0.00m amcl=(0.10,-3.92 yaw=0.65rad) odom=(2.98,-4.05 yaw=0.58rad) nav=vx:0.000 wz:0.000 cmd=vx:0.000 wz:0.000
[INFO] [1783013039.675068026] [basic_navigator]: [ 94.3s] dist=0.00m amcl=(0.10,-3.92 yaw=0.65rad) odom=(2.98,-4.05 yaw=0.58rad) nav=vx:0.000 wz:0.000 cmd=vx:0.000 wz:0.000
[INFO] [1783013039.878041543] [basic_navigator]: [ 94.5s] dist=0.00m amcl=(0.10,-3.92 yaw=0.65rad) odom=(2.98,-4.05 yaw=0.58rad) nav=vx:0.000 wz:0.000 cmd=vx:0.000 wz:0.000
[INFO] [1783013040.081851882] [basic_navigator]: [ 94.7s] dist=0.00m amcl=(0.10,-3.92 yaw=0.65rad) odom=(2.98,-4.05 yaw=0.58rad) nav=vx:0.000 wz:0.000 cmd=vx:0.000 wz:0.000
[INFO] [1783013040.288654141] [basic_navigator]: [ 94.9s] dist=0.00m amcl=(0.10,-3.92 yaw=0.65rad) odom=(2.98,-4.05 yaw=0.58rad) nav=vx:0.000 wz:0.000 cmd=vx:0.000 wz:0.000
[INFO] [1783013040.498170557] [basic_navigator]: [ 95.1s] dist=0.00m amcl=(0.10,-3.92 yaw=0.65rad) odom=(2.98,-4.05 yaw=0.58rad) nav=vx:0.000 wz:0.000 cmd=vx:0.000 wz:0.000
[INFO] [1783013040.702912903] [basic_navigator]: [ 95.3s] dist=0.00m amcl=(0.10,-3.92 yaw=0.65rad) odom=(2.98,-4.05 yaw=0.58rad) nav=vx:0.000 wz:0.000 cmd=vx:0.000 wz:0.000
[INFO] [1783013040.908046041] [basic_navigator]: [ 95.5s] dist=0.00m amcl=(0.10,-3.92 yaw=0.65rad) odom=(2.98,-4.05 yaw=0.58rad) nav=vx:0.000 wz:0.000 cmd=vx:0.000 wz:0.000
[INFO] [1783013041.111958149] [basic_navigator]: [ 95.7s] dist=0.00m amcl=(0.10,-3.92 yaw=0.65rad) odom=(2.98,-4.05 yaw=0.58rad) nav=vx:0.000 wz:0.000 cmd=vx:0.000 wz:0.000
[INFO] [1783013041.316393930] [basic_navigator]: [ 95.9s] dist=0.00m amcl=(0.10,-3.92 yaw=0.65rad) odom=(2.98,-4.05 yaw=0.58rad) nav=vx:0.000 wz:0.000 cmd=vx:0.000 wz:0.000
[INFO] [1783013041.519050059] [basic_navigator]: [ 96.1s] dist=0.00m amcl=(0.10,-3.92 yaw=0.65rad) odom=(2.98,-4.05 yaw=0.58rad) nav=vx:0.000 wz:0.000 cmd=vx:0.000 wz:0.000
[INFO] [1783013041.724026970] [basic_navigator]: [ 96.3s] dist=0.00m amcl=(0.10,-3.92 yaw=0.65rad) odom=(2.98,-4.05 yaw=0.58rad) nav=vx:0.000 wz:0.000 cmd=vx:0.000 wz:0.000
[INFO] [1783013041.930163559] [basic_navigator]: [ 96.5s] dist=0.00m amcl=(0.10,-3.92 yaw=0.65rad) odom=(2.98,-4.05 yaw=0.58rad) nav=vx:0.000 wz:0.000 cmd=vx:0.000 wz:0.000
[INFO] [1783013042.134170936] [basic_navigator]: [ 96.8s] dist=0.00m amcl=(0.10,-3.92 yaw=0.65rad) odom=(2.98,-4.05 yaw=0.58rad) nav=vx:0.000 wz:0.000 cmd=vx:0.000 wz:0.000
[INFO] [1783013042.340922875] [basic_navigator]: [ 97.0s] dist=0.00m amcl=(0.10,-3.92 yaw=0.65rad) odom=(2.98,-4.05 yaw=0.58rad) nav=vx:0.000 wz:0.000 cmd=vx:0.000 wz:0.000
[INFO] [1783013042.544930444] [basic_navigator]: [ 97.2s] dist=0.00m amcl=(0.10,-3.92 yaw=0.65rad) odom=(2.98,-4.05 yaw=0.58rad) nav=vx:0.000 wz:0.000 cmd=vx:0.000 wz:0.000
[INFO] [1783013042.758392566] [basic_navigator]: [ 97.4s] dist=0.00m amcl=(0.10,-3.92 yaw=0.65rad) odom=(2.98,-4.05 yaw=0.58rad) nav=vx:0.000 wz:0.000 cmd=vx:0.000 wz:0.000
[INFO] [1783013042.963090547] [basic_navigator]: [ 97.6s] dist=0.00m amcl=(0.10,-3.92 yaw=0.65rad) odom=(2.98,-4.05 yaw=0.58rad) nav=vx:0.000 wz:0.000 cmd=vx:0.000 wz:0.000
[INFO] [1783013043.175999369] [basic_navigator]: [ 97.8s] dist=0.00m amcl=(0.10,-3.92 yaw=0.65rad) odom=(2.98,-4.05 yaw=0.58rad) nav=vx:0.000 wz:0.000 cmd=vx:0.000 wz:0.000
[INFO] [1783013043.381744513] [basic_navigator]: [ 98.0s] dist=0.00m amcl=(0.10,-3.92 yaw=0.65rad) odom=(2.98,-4.05 yaw=0.58rad) nav=vx:0.000 wz:0.000 cmd=vx:0.000 wz:0.000
[INFO] [1783013043.585177986] [basic_navigator]: [ 98.2s] dist=0.00m amcl=(0.10,-3.92 yaw=0.65rad) odom=(2.98,-4.05 yaw=0.58rad) nav=vx:0.000 wz:0.000 cmd=vx:0.000 wz:0.000
[INFO] [1783013043.787607522] [basic_navigator]: [ 98.4s] dist=0.00m amcl=(0.10,-3.92 yaw=0.65rad) odom=(2.98,-4.05 yaw=0.58rad) nav=vx:0.000 wz:0.000 cmd=vx:0.000 wz:0.000
[INFO] [1783013043.991769103] [basic_navigator]: [ 98.6s] dist=0.00m amcl=(0.10,-3.92 yaw=0.65rad) odom=(2.98,-4.05 yaw=0.58rad) nav=vx:0.000 wz:0.000 cmd=vx:0.000 wz:0.000
[INFO] [1783013044.197010599] [basic_navigator]: [ 98.8s] dist=0.00m amcl=(0.10,-3.92 yaw=0.65rad) odom=(2.98,-4.05 yaw=0.58rad) nav=vx:0.000 wz:0.000 cmd=vx:0.000 wz:0.000
[INFO] [1783013044.402051877] [basic_navigator]: [ 99.0s] dist=0.00m amcl=(0.10,-3.92 yaw=0.65rad) odom=(2.98,-4.05 yaw=0.58rad) nav=vx:0.000 wz:0.000 cmd=vx:0.000 wz:0.000
[INFO] [1783013044.605817239] [basic_navigator]: [ 99.2s] dist=0.00m amcl=(0.10,-3.92 yaw=0.65rad) odom=(2.98,-4.05 yaw=0.58rad) nav=vx:0.000 wz:0.000 cmd=vx:0.000 wz:0.000
[INFO] [1783013044.808974065] [basic_navigator]: [ 99.4s] dist=0.00m amcl=(0.10,-3.92 yaw=0.65rad) odom=(2.98,-4.05 yaw=0.58rad) nav=vx:0.000 wz:0.000 cmd=vx:0.000 wz:0.000
[INFO] [1783013045.013596324] [basic_navigator]: [ 99.6s] dist=0.00m amcl=(0.10,-3.92 yaw=0.65rad) odom=(2.98,-4.05 yaw=0.58rad) nav=vx:0.000 wz:0.000 cmd=vx:0.000 wz:0.000
[INFO] [1783013045.219711693] [basic_navigator]: [ 99.8s] dist=0.00m amcl=(0.10,-3.92 yaw=0.65rad) odom=(2.98,-4.05 yaw=0.58rad) nav=vx:0.000 wz:0.000 cmd=vx:0.000 wz:0.000
[INFO] [1783013045.423230137] [basic_navigator]: [100.0s] dist=0.00m amcl=(0.10,-3.92 yaw=0.65rad) odom=(2.98,-4.05 yaw=0.58rad) nav=vx:0.000 wz:0.000 cmd=vx:0.000 wz:0.000
[INFO] [1783013045.634814803] [basic_navigator]: [100.2s] dist=0.00m amcl=(0.10,-3.92 yaw=0.65rad) odom=(2.98,-4.05 yaw=0.58rad) nav=vx:0.000 wz:0.000 cmd=vx:0.000 wz:0.000
[INFO] [1783013045.841854534] [basic_navigator]: [100.5s] dist=0.00m amcl=(0.10,-3.92 yaw=0.65rad) odom=(2.98,-4.05 yaw=0.58rad) nav=vx:0.000 wz:0.000 cmd=vx:0.000 wz:0.000
[INFO] [1783013046.047709116] [basic_navigator]: [100.7s] dist=0.00m amcl=(0.10,-3.92 yaw=0.65rad) odom=(2.98,-4.05 yaw=0.58rad) nav=vx:0.000 wz:0.000 cmd=vx:0.000 wz:0.000
[INFO] [1783013046.256631091] [basic_navigator]: [100.9s] dist=0.00m amcl=(0.10,-3.92 yaw=0.65rad) odom=(2.98,-4.05 yaw=0.58rad) nav=vx:0.000 wz:0.000 cmd=vx:0.000 wz:0.000
[INFO] [1783013046.461219984] [basic_navigator]: [101.1s] dist=0.00m amcl=(0.10,-3.92 yaw=0.65rad) odom=(2.98,-4.05 yaw=0.58rad) nav=vx:0.000 wz:0.000 cmd=vx:0.000 wz:0.000
[INFO] [1783013046.665781049] [basic_navigator]: [101.3s] dist=0.00m amcl=(0.10,-3.92 yaw=0.65rad) odom=(2.98,-4.05 yaw=0.58rad) nav=vx:0.000 wz:0.000 cmd=vx:0.000 wz:0.000
[INFO] [1783013046.875468849] [basic_navigator]: [101.5s] dist=0.00m amcl=(0.10,-3.92 yaw=0.65rad) odom=(2.98,-4.05 yaw=0.58rad) nav=vx:0.000 wz:0.000 cmd=vx:0.000 wz:0.000
[INFO] [1783013047.083125610] [basic_navigator]: [101.7s] dist=0.00m amcl=(0.10,-3.92 yaw=0.65rad) odom=(2.98,-4.05 yaw=0.58rad) nav=vx:0.000 wz:0.000 cmd=vx:0.000 wz:0.000
[INFO] [1783013047.285620150] [basic_navigator]: [101.9s] dist=0.00m amcl=(0.10,-3.92 yaw=0.65rad) odom=(2.98,-4.05 yaw=0.58rad) nav=vx:0.000 wz:0.000 cmd=vx:0.000 wz:0.000
[INFO] [1783013047.494443533] [basic_navigator]: [102.1s] dist=0.00m amcl=(0.10,-3.92 yaw=0.65rad) odom=(2.98,-4.05 yaw=0.58rad) nav=vx:0.000 wz:0.000 cmd=vx:0.000 wz:0.000
[INFO] [1783013047.698499779] [basic_navigator]: [102.3s] dist=0.00m amcl=(0.10,-3.92 yaw=0.65rad) odom=(2.98,-4.05 yaw=0.58rad) nav=vx:0.000 wz:0.000 cmd=vx:0.000 wz:0.000
[INFO] [1783013047.905251411] [basic_navigator]: [102.5s] dist=0.00m amcl=(0.10,-3.92 yaw=0.65rad) odom=(2.98,-4.05 yaw=0.58rad) nav=vx:0.000 wz:0.000 cmd=vx:0.000 wz:0.000
[INFO] [1783013048.109021132] [basic_navigator]: [102.7s] dist=0.00m amcl=(0.10,-3.92 yaw=0.65rad) odom=(2.98,-4.05 yaw=0.58rad) nav=vx:0.000 wz:0.000 cmd=vx:0.000 wz:0.000
[INFO] [1783013048.313577878] [basic_navigator]: [102.9s] dist=0.00m amcl=(0.10,-3.92 yaw=0.65rad) odom=(2.98,-4.05 yaw=0.58rad) nav=vx:0.000 wz:0.000 cmd=vx:0.000 wz:0.000
[INFO] [1783013048.520622446] [basic_navigator]: [103.1s] dist=0.00m amcl=(0.10,-3.92 yaw=0.65rad) odom=(2.98,-4.05 yaw=0.58rad) nav=vx:0.000 wz:0.000 cmd=vx:0.000 wz:0.000
[INFO] [1783013048.725521263] [basic_navigator]: [103.3s] dist=0.00m amcl=(0.10,-3.92 yaw=0.65rad) odom=(2.98,-4.05 yaw=0.58rad) nav=vx:0.000 wz:0.000 cmd=vx:0.000 wz:0.000
[INFO] [1783013048.934401184] [basic_navigator]: [103.6s] dist=0.00m amcl=(0.10,-3.92 yaw=0.65rad) odom=(2.98,-4.05 yaw=0.58rad) nav=vx:0.000 wz:0.000 cmd=vx:0.000 wz:0.000
[INFO] [1783013049.141608165] [basic_navigator]: [103.8s] dist=0.00m amcl=(0.10,-3.92 yaw=0.65rad) odom=(2.98,-4.05 yaw=0.58rad) nav=vx:0.000 wz:0.000 cmd=vx:0.000 wz:0.000
[INFO] [1783013049.353109256] [basic_navigator]: [104.0s] dist=0.00m amcl=(0.10,-3.92 yaw=0.65rad) odom=(2.98,-4.05 yaw=0.58rad) nav=vx:0.000 wz:0.000 cmd=vx:0.000 wz:0.000
[INFO] [1783013049.558251633] [basic_navigator]: [104.2s] dist=0.00m amcl=(0.10,-3.92 yaw=0.65rad) odom=(2.98,-4.05 yaw=0.58rad) nav=vx:0.000 wz:0.000 cmd=vx:0.000 wz:0.000
[INFO] [1783013049.763812500] [basic_navigator]: [104.4s] dist=0.00m amcl=(0.10,-3.92 yaw=0.65rad) odom=(2.98,-4.05 yaw=0.58rad) nav=vx:0.000 wz:0.000 cmd=vx:0.000 wz:0.000
[INFO] [1783013049.968065169] [basic_navigator]: [104.6s] dist=0.00m amcl=(0.10,-3.92 yaw=0.65rad) odom=(2.98,-4.05 yaw=0.58rad) nav=vx:0.000 wz:0.000 cmd=vx:0.000 wz:0.000
[INFO] [1783013050.177291494] [basic_navigator]: [104.8s] dist=0.00m amcl=(0.10,-3.92 yaw=0.65rad) odom=(2.98,-4.05 yaw=0.58rad) nav=vx:0.000 wz:0.000 cmd=vx:0.000 wz:0.000
[INFO] [1783013050.380797880] [basic_navigator]: [105.0s] dist=0.00m amcl=(0.10,-3.92 yaw=0.65rad) odom=(2.98,-4.05 yaw=0.58rad) nav=vx:0.000 wz:0.000 cmd=vx:0.000 wz:0.000
[INFO] [1783013050.586037814] [basic_navigator]: [105.2s] dist=0.00m amcl=(0.10,-3.92 yaw=0.65rad) odom=(2.98,-4.05 yaw=0.58rad) nav=vx:0.000 wz:0.000 cmd=vx:0.000 wz:0.000
[INFO] [1783013050.792974873] [basic_navigator]: [105.4s] dist=0.00m amcl=(0.10,-3.92 yaw=0.65rad) odom=(2.98,-4.05 yaw=0.58rad) nav=vx:0.000 wz:0.000 cmd=vx:0.000 wz:0.000
[INFO] [1783013050.998033472] [basic_navigator]: [105.6s] dist=0.00m amcl=(0.10,-3.92 yaw=0.65rad) odom=(2.98,-4.05 yaw=0.58rad) nav=vx:0.000 wz:0.000 cmd=vx:0.000 wz:0.000
[INFO] [1783013051.202613741] [basic_navigator]: [105.8s] dist=0.00m amcl=(0.10,-3.92 yaw=0.65rad) odom=(2.98,-4.05 yaw=0.58rad) nav=vx:0.000 wz:0.000 cmd=vx:0.000 wz:0.000
[INFO] [1783013051.406567049] [basic_navigator]: [106.0s] dist=0.00m amcl=(0.10,-3.92 yaw=0.65rad) odom=(2.98,-4.05 yaw=0.58rad) nav=vx:0.000 wz:0.000 cmd=vx:0.000 wz:0.000
[INFO] [1783013051.609903409] [basic_navigator]: [106.2s] dist=0.00m amcl=(0.10,-3.92 yaw=0.65rad) odom=(2.98,-4.05 yaw=0.58rad) nav=vx:0.000 wz:0.000 cmd=vx:0.000 wz:0.000
[INFO] [1783013051.815768298] [basic_navigator]: [106.4s] dist=0.00m amcl=(0.10,-3.92 yaw=0.65rad) odom=(2.98,-4.05 yaw=0.58rad) nav=vx:0.000 wz:0.000 cmd=vx:0.000 wz:0.000
[INFO] [1783013052.020347163] [basic_navigator]: [106.6s] dist=0.00m amcl=(0.10,-3.92 yaw=0.65rad) odom=(2.98,-4.05 yaw=0.58rad) nav=vx:0.000 wz:0.000 cmd=vx:0.000 wz:0.000
[INFO] [1783013052.226245658] [basic_navigator]: [106.8s] dist=0.00m amcl=(0.10,-3.92 yaw=0.65rad) odom=(2.98,-4.05 yaw=0.58rad) nav=vx:0.000 wz:0.000 cmd=vx:0.000 wz:0.000
[INFO] [1783013052.429883199] [basic_navigator]: [107.0s] dist=0.00m amcl=(0.10,-3.92 yaw=0.65rad) odom=(2.98,-4.05 yaw=0.58rad) nav=vx:0.000 wz:0.000 cmd=vx:0.000 wz:0.000
[INFO] [1783013052.637256937] [basic_navigator]: [107.3s] dist=0.00m amcl=(0.10,-3.92 yaw=0.65rad) odom=(2.98,-4.05 yaw=0.58rad) nav=vx:0.000 wz:0.000 cmd=vx:0.000 wz:0.000
[INFO] [1783013052.840766968] [basic_navigator]: [107.5s] dist=0.00m amcl=(0.10,-3.92 yaw=0.65rad) odom=(2.98,-4.05 yaw=0.58rad) nav=vx:0.000 wz:0.000 cmd=vx:0.000 wz:0.000
[INFO] [1783013053.044610236] [basic_navigator]: [107.7s] dist=0.00m amcl=(0.10,-3.92 yaw=0.65rad) odom=(2.98,-4.05 yaw=0.58rad) nav=vx:0.000 wz:0.000 cmd=vx:0.000 wz:0.000
[INFO] [1783013053.251996371] [basic_navigator]: [107.9s] dist=0.00m amcl=(0.10,-3.92 yaw=0.65rad) odom=(2.98,-4.05 yaw=0.58rad) nav=vx:-0.150 wz:0.000 cmd=vx:0.000 wz:0.000
[INFO] [1783013053.457350659] [basic_navigator]: [108.1s] dist=0.00m amcl=(0.09,-3.93 yaw=0.65rad) odom=(2.97,-4.06 yaw=0.58rad) nav=vx:-0.150 wz:0.000 cmd=vx:-0.150 wz:0.000
[INFO] [1783013053.662059269] [basic_navigator]: [108.3s] dist=0.00m amcl=(0.08,-3.94 yaw=0.65rad) odom=(2.95,-4.07 yaw=0.58rad) nav=vx:-0.150 wz:0.000 cmd=vx:-0.150 wz:0.000
[INFO] [1783013053.873003176] [basic_navigator]: [108.5s] dist=0.00m amcl=(0.06,-3.95 yaw=0.65rad) odom=(2.94,-4.08 yaw=0.58rad) nav=vx:-0.150 wz:0.000 cmd=vx:-0.150 wz:0.000
[INFO] [1783013054.075761165] [basic_navigator]: [108.7s] dist=0.00m amcl=(0.05,-3.96 yaw=0.65rad) odom=(2.93,-4.09 yaw=0.58rad) nav=vx:-0.150 wz:0.000 cmd=vx:-0.150 wz:0.000
[INFO] [1783013054.284015468] [basic_navigator]: [108.9s] dist=0.00m amcl=(0.04,-3.97 yaw=0.65rad) odom=(2.92,-4.09 yaw=0.58rad) nav=vx:-0.150 wz:0.000 cmd=vx:-0.150 wz:0.000
[INFO] [1783013054.486555970] [basic_navigator]: [109.1s] dist=0.00m amcl=(0.03,-3.98 yaw=0.65rad) odom=(2.90,-4.10 yaw=0.58rad) nav=vx:-0.150 wz:0.000 cmd=vx:-0.150 wz:0.000
[INFO] [1783013054.690246046] [basic_navigator]: [109.3s] dist=0.00m amcl=(0.02,-3.98 yaw=0.65rad) odom=(2.89,-4.11 yaw=0.58rad) nav=vx:-0.150 wz:0.000 cmd=vx:-0.150 wz:0.000
[INFO] [1783013054.893517292] [basic_navigator]: [109.5s] dist=0.00m amcl=(0.00,-4.00 yaw=0.65rad) odom=(2.87,-4.12 yaw=0.58rad) nav=vx:-0.150 wz:0.000 cmd=vx:-0.150 wz:0.000
[INFO] [1783013055.096926014] [basic_navigator]: [109.7s] dist=0.00m amcl=(-0.01,-4.01 yaw=0.65rad) odom=(2.86,-4.13 yaw=0.58rad) nav=vx:-0.150 wz:0.000 cmd=vx:-0.150 wz:0.000
[INFO] [1783013055.302881753] [basic_navigator]: [109.9s] dist=0.00m amcl=(-0.02,-4.02 yaw=0.65rad) odom=(2.85,-4.14 yaw=0.58rad) nav=vx:-0.150 wz:0.000 cmd=vx:-0.150 wz:0.000
[INFO] [1783013055.510037011] [basic_navigator]: [110.1s] dist=0.00m amcl=(-0.04,-4.02 yaw=0.65rad) odom=(2.83,-4.15 yaw=0.58rad) nav=vx:-0.150 wz:0.000 cmd=vx:-0.150 wz:0.000
[INFO] [1783013055.719268484] [basic_navigator]: [110.3s] dist=0.00m amcl=(-0.05,-4.03 yaw=0.65rad) odom=(2.82,-4.15 yaw=0.58rad) nav=vx:-0.150 wz:0.000 cmd=vx:-0.150 wz:0.000
[INFO] [1783013055.923193861] [basic_navigator]: [110.5s] dist=0.00m amcl=(-0.06,-4.04 yaw=0.65rad) odom=(2.81,-4.16 yaw=0.58rad) nav=vx:-0.150 wz:0.000 cmd=vx:-0.150 wz:0.000
[INFO] [1783013056.126386249] [basic_navigator]: [110.7s] dist=0.00m amcl=(-0.07,-4.05 yaw=0.65rad) odom=(2.80,-4.17 yaw=0.58rad) nav=vx:-0.150 wz:0.000 cmd=vx:-0.150 wz:0.000
[INFO] [1783013056.334945350] [basic_navigator]: [111.0s] dist=0.00m amcl=(-0.08,-4.06 yaw=0.65rad) odom=(2.78,-4.18 yaw=0.58rad) nav=vx:-0.150 wz:0.000 cmd=vx:-0.150 wz:0.000
[INFO] [1783013056.544055605] [basic_navigator]: [111.2s] dist=0.00m amcl=(-0.09,-4.07 yaw=0.65rad) odom=(2.77,-4.19 yaw=0.58rad) nav=vx:-0.150 wz:0.000 cmd=vx:-0.150 wz:0.000
[INFO] [1783013056.752437372] [basic_navigator]: [111.4s] dist=0.00m amcl=(-0.11,-4.08 yaw=0.65rad) odom=(2.76,-4.20 yaw=0.58rad) nav=vx:-0.150 wz:0.000 cmd=vx:-0.150 wz:0.000
[INFO] [1783013056.956505381] [basic_navigator]: [111.6s] dist=0.00m amcl=(-0.12,-4.09 yaw=0.65rad) odom=(2.75,-4.20 yaw=0.58rad) nav=vx:-0.150 wz:0.000 cmd=vx:-0.150 wz:0.000
[INFO] [1783013057.161704818] [basic_navigator]: [111.8s] dist=0.00m amcl=(-0.12,-4.10 yaw=0.65rad) odom=(2.74,-4.21 yaw=0.58rad) nav=vx:-0.150 wz:0.000 cmd=vx:-0.150 wz:0.000
[INFO] [1783013057.369714796] [basic_navigator]: [112.0s] dist=0.00m amcl=(-0.14,-4.11 yaw=0.65rad) odom=(2.72,-4.22 yaw=0.58rad) nav=vx:-0.150 wz:0.000 cmd=vx:-0.150 wz:0.000
[INFO] [1783013057.574036696] [basic_navigator]: [112.2s] dist=0.00m amcl=(-0.15,-4.11 yaw=0.65rad) odom=(2.71,-4.23 yaw=0.58rad) nav=vx:0.000 wz:0.000 cmd=vx:-0.025 wz:0.000
[INFO] [1783013057.786298802] [basic_navigator]: [112.4s] dist=0.00m amcl=(-0.15,-4.12 yaw=0.65rad) odom=(2.71,-4.23 yaw=0.58rad) nav=vx:0.000 wz:0.000 cmd=vx:0.000 wz:0.000
[INFO] [1783013057.992636166] [basic_navigator]: [112.6s] dist=0.00m amcl=(-0.15,-4.12 yaw=0.65rad) odom=(2.71,-4.23 yaw=0.58rad) nav=vx:0.000 wz:0.000 cmd=vx:0.000 wz:0.000
[INFO] [1783013058.197296810] [basic_navigator]: [112.8s] dist=0.00m amcl=(-0.15,-4.12 yaw=0.65rad) odom=(2.71,-4.23 yaw=0.58rad) nav=vx:0.000 wz:0.000 cmd=vx:0.000 wz:0.000
[INFO] [1783013058.402159322] [basic_navigator]: [113.0s] dist=0.00m amcl=(-0.15,-4.12 yaw=0.65rad) odom=(2.71,-4.23 yaw=0.58rad) nav=vx:0.000 wz:0.000 cmd=vx:0.000 wz:0.000
[INFO] [1783013058.608119154] [basic_navigator]: [113.2s] dist=0.00m amcl=(-0.15,-4.12 yaw=0.65rad) odom=(2.71,-4.23 yaw=0.58rad) nav=vx:0.000 wz:0.000 cmd=vx:0.000 wz:0.000
[INFO] [1783013058.811613813] [basic_navigator]: [113.4s] dist=0.00m amcl=(-0.15,-4.12 yaw=0.65rad) odom=(2.71,-4.23 yaw=0.58rad) nav=vx:0.000 wz:0.000 cmd=vx:0.000 wz:0.000
[INFO] [1783013059.014212559] [basic_navigator]: [113.6s] dist=0.00m amcl=(-0.15,-4.12 yaw=0.65rad) odom=(2.71,-4.23 yaw=0.58rad) nav=vx:0.000 wz:0.000 cmd=vx:0.000 wz:0.000
[INFO] [1783013059.218778939] [basic_navigator]: [113.8s] dist=0.00m amcl=(-0.14,-4.12 yaw=0.65rad) odom=(2.71,-4.23 yaw=0.58rad) nav=vx:0.000 wz:0.000 cmd=vx:0.000 wz:0.000
[INFO] [1783013059.424074947] [basic_navigator]: [114.0s] dist=0.00m amcl=(-0.14,-4.12 yaw=0.65rad) odom=(2.71,-4.23 yaw=0.58rad) nav=vx:0.000 wz:0.000 cmd=vx:0.000 wz:0.000
[INFO] [1783013059.627739774] [basic_navigator]: [114.2s] dist=0.00m amcl=(-0.14,-4.12 yaw=0.65rad) odom=(2.71,-4.23 yaw=0.58rad) nav=vx:0.000 wz:0.000 cmd=vx:0.000 wz:0.000
[INFO] [1783013059.835236513] [basic_navigator]: [114.5s] dist=0.00m amcl=(-0.14,-4.12 yaw=0.65rad) odom=(2.71,-4.23 yaw=0.58rad) nav=vx:0.000 wz:0.000 cmd=vx:0.000 wz:0.000
[INFO] [1783013060.041807997] [basic_navigator]: [114.7s] dist=0.00m amcl=(-0.14,-4.12 yaw=0.65rad) odom=(2.71,-4.23 yaw=0.58rad) nav=vx:0.000 wz:0.000 cmd=vx:0.000 wz:0.000
[INFO] [1783013060.246696955] [basic_navigator]: [114.9s] dist=0.00m amcl=(-0.14,-4.12 yaw=0.65rad) odom=(2.71,-4.23 yaw=0.58rad) nav=vx:0.000 wz:0.000 cmd=vx:0.000 wz:0.000
[INFO] [1783013060.452719056] [basic_navigator]: [115.1s] dist=0.00m amcl=(-0.14,-4.12 yaw=0.65rad) odom=(2.71,-4.23 yaw=0.58rad) nav=vx:0.000 wz:0.000 cmd=vx:0.000 wz:0.000
[INFO] [1783013060.657271142] [basic_navigator]: [115.3s] dist=0.00m amcl=(-0.14,-4.12 yaw=0.65rad) odom=(2.71,-4.23 yaw=0.58rad) nav=vx:0.000 wz:0.000 cmd=vx:0.000 wz:0.000
[INFO] [1783013060.860513877] [basic_navigator]: [115.5s] dist=0.00m amcl=(-0.14,-4.12 yaw=0.65rad) odom=(2.71,-4.23 yaw=0.58rad) nav=vx:0.000 wz:0.000 cmd=vx:0.000 wz:0.000
[INFO] [1783013061.064270832] [basic_navigator]: [115.7s] dist=0.00m amcl=(-0.14,-4.12 yaw=0.65rad) odom=(2.71,-4.23 yaw=0.58rad) nav=vx:0.000 wz:0.000 cmd=vx:0.000 wz:0.000
[INFO] [1783013061.266885589] [basic_navigator]: [115.9s] dist=0.00m amcl=(-0.14,-4.12 yaw=0.65rad) odom=(2.71,-4.23 yaw=0.58rad) nav=vx:0.000 wz:0.000 cmd=vx:0.000 wz:0.000
[INFO] [1783013061.472553017] [basic_navigator]: [116.1s] dist=0.00m amcl=(-0.14,-4.12 yaw=0.65rad) odom=(2.71,-4.23 yaw=0.58rad) nav=vx:0.000 wz:0.000 cmd=vx:0.000 wz:0.000
[INFO] [1783013061.679759012] [basic_navigator]: [116.3s] dist=0.00m amcl=(-0.14,-4.12 yaw=0.65rad) odom=(2.71,-4.23 yaw=0.58rad) nav=vx:0.000 wz:0.000 cmd=vx:0.000 wz:0.000
[INFO] [1783013061.893251347] [basic_navigator]: [116.5s] dist=0.00m amcl=(-0.14,-4.12 yaw=0.65rad) odom=(2.71,-4.23 yaw=0.58rad) nav=vx:0.000 wz:0.000 cmd=vx:0.000 wz:0.000
[INFO] [1783013062.101391030] [basic_navigator]: [116.7s] dist=0.00m amcl=(-0.14,-4.12 yaw=0.65rad) odom=(2.71,-4.23 yaw=0.58rad) nav=vx:0.000 wz:0.000 cmd=vx:0.000 wz:0.000
[INFO] [1783013062.304144541] [basic_navigator]: [116.9s] dist=0.00m amcl=(-0.14,-4.12 yaw=0.65rad) odom=(2.71,-4.23 yaw=0.58rad) nav=vx:0.000 wz:0.000 cmd=vx:0.000 wz:0.000
[INFO] [1783013062.507256274] [basic_navigator]: [117.1s] dist=0.00m amcl=(-0.14,-4.12 yaw=0.65rad) odom=(2.71,-4.23 yaw=0.58rad) nav=vx:0.000 wz:0.000 cmd=vx:0.000 wz:0.000
[INFO] [1783013062.711843003] [basic_navigator]: [117.3s] dist=0.00m amcl=(-0.14,-4.12 yaw=0.65rad) odom=(2.71,-4.23 yaw=0.58rad) nav=vx:0.000 wz:0.000 cmd=vx:0.000 wz:0.000
[INFO] [1783013062.915790583] [basic_navigator]: [117.5s] dist=0.00m amcl=(-0.14,-4.12 yaw=0.65rad) odom=(2.71,-4.23 yaw=0.58rad) nav=vx:0.000 wz:0.000 cmd=vx:0.000 wz:0.000
[INFO] [1783013063.118929902] [basic_navigator]: [117.7s] dist=0.00m amcl=(-0.14,-4.12 yaw=0.65rad) odom=(2.71,-4.23 yaw=0.58rad) nav=vx:0.000 wz:0.000 cmd=vx:0.000 wz:0.000
[INFO] [1783013063.324807980] [basic_navigator]: [117.9s] dist=0.00m amcl=(-0.14,-4.12 yaw=0.65rad) odom=(2.71,-4.23 yaw=0.58rad) nav=vx:0.000 wz:0.000 cmd=vx:0.000 wz:0.000
[INFO] [1783013063.529031762] [basic_navigator]: [118.1s] dist=0.00m amcl=(-0.14,-4.12 yaw=0.65rad) odom=(2.71,-4.23 yaw=0.58rad) nav=vx:0.000 wz:0.000 cmd=vx:0.000 wz:0.000
[INFO] [1783013063.734186330] [basic_navigator]: [118.4s] dist=0.00m amcl=(-0.14,-4.12 yaw=0.65rad) odom=(2.71,-4.23 yaw=0.58rad) nav=vx:0.000 wz:0.000 cmd=vx:0.000 wz:0.000
[INFO] [1783013063.937868929] [basic_navigator]: [118.6s] dist=0.00m amcl=(-0.14,-4.12 yaw=0.65rad) odom=(2.71,-4.23 yaw=0.58rad) nav=vx:0.000 wz:0.000 cmd=vx:0.000 wz:0.000
[INFO] [1783013064.141332893] [basic_navigator]: [118.8s] dist=0.00m amcl=(-0.14,-4.12 yaw=0.65rad) odom=(2.71,-4.23 yaw=0.58rad) nav=vx:0.000 wz:0.000 cmd=vx:0.000 wz:0.000
[INFO] [1783013064.345731217] [basic_navigator]: [119.0s] dist=0.00m amcl=(-0.14,-4.12 yaw=0.66rad) odom=(2.71,-4.23 yaw=0.58rad) nav=vx:0.000 wz:1.000 cmd=vx:0.000 wz:0.160
[INFO] [1783013064.553613122] [basic_navigator]: [119.2s] dist=0.00m amcl=(-0.14,-4.12 yaw=0.69rad) odom=(2.71,-4.23 yaw=0.61rad) nav=vx:0.000 wz:1.000 cmd=vx:0.000 wz:0.800
[INFO] [1783013064.762481792] [basic_navigator]: [119.4s] dist=0.00m amcl=(-0.14,-4.12 yaw=0.75rad) odom=(2.71,-4.23 yaw=0.71rad) nav=vx:0.000 wz:1.000 cmd=vx:0.000 wz:1.000
[INFO] [1783013064.970012126] [basic_navigator]: [119.6s] dist=0.00m amcl=(-0.14,-4.12 yaw=0.85rad) odom=(2.71,-4.23 yaw=0.78rad) nav=vx:0.000 wz:1.000 cmd=vx:0.000 wz:1.000
[INFO] [1783013065.174075163] [basic_navigator]: [119.8s] dist=0.00m amcl=(-0.14,-4.12 yaw=0.96rad) odom=(2.71,-4.23 yaw=0.88rad) nav=vx:0.000 wz:1.000 cmd=vx:0.000 wz:1.000
[INFO] [1783013065.377574131] [basic_navigator]: [120.0s] dist=0.00m amcl=(-0.14,-4.12 yaw=1.06rad) odom=(2.71,-4.23 yaw=0.98rad) nav=vx:0.000 wz:1.000 cmd=vx:0.000 wz:1.000
[INFO] [1783013065.585114708] [basic_navigator]: [120.2s] dist=0.00m amcl=(-0.14,-4.12 yaw=1.13rad) odom=(2.71,-4.23 yaw=1.05rad) nav=vx:0.000 wz:1.000 cmd=vx:0.000 wz:1.000
[INFO] [1783013065.788546094] [basic_navigator]: [120.4s] dist=0.00m amcl=(-0.14,-4.12 yaw=1.23rad) odom=(2.71,-4.23 yaw=1.15rad) nav=vx:0.000 wz:1.000 cmd=vx:0.000 wz:1.000
[INFO] [1783013065.996982277] [basic_navigator]: [120.6s] dist=0.00m amcl=(-0.14,-4.12 yaw=1.30rad) odom=(2.71,-4.23 yaw=1.22rad) nav=vx:0.000 wz:1.000 cmd=vx:0.000 wz:1.000
[INFO] [1783013066.200445374] [basic_navigator]: [120.8s] dist=0.00m amcl=(-0.14,-4.12 yaw=1.36rad) odom=(2.71,-4.23 yaw=1.29rad) nav=vx:0.000 wz:1.000 cmd=vx:0.000 wz:1.000
[INFO] [1783013066.403617380] [basic_navigator]: [121.0s] dist=0.00m amcl=(-0.14,-4.12 yaw=1.47rad) odom=(2.71,-4.23 yaw=1.39rad) nav=vx:0.000 wz:1.000 cmd=vx:0.000 wz:1.000
[INFO] [1783013066.608519494] [basic_navigator]: [121.2s] dist=0.00m amcl=(-0.14,-4.12 yaw=1.57rad) odom=(2.71,-4.23 yaw=1.49rad) nav=vx:0.000 wz:1.000 cmd=vx:0.000 wz:1.000
[INFO] [1783013066.812837258] [basic_navigator]: [121.4s] dist=0.00m amcl=(-0.14,-4.12 yaw=1.64rad) odom=(2.71,-4.23 yaw=1.56rad) nav=vx:0.000 wz:1.000 cmd=vx:0.000 wz:1.000
[INFO] [1783013067.019403294] [basic_navigator]: [121.6s] dist=0.00m amcl=(-0.14,-4.11 yaw=1.74rad) odom=(2.71,-4.23 yaw=1.66rad) nav=vx:0.000 wz:1.000 cmd=vx:0.000 wz:1.000
[INFO] [1783013067.222976868] [basic_navigator]: [121.8s] dist=0.00m amcl=(-0.15,-4.11 yaw=1.84rad) odom=(2.71,-4.23 yaw=1.76rad) nav=vx:0.000 wz:1.000 cmd=vx:0.000 wz:1.000
[INFO] [1783013067.428316213] [basic_navigator]: [122.0s] dist=0.00m amcl=(-0.15,-4.11 yaw=1.91rad) odom=(2.71,-4.23 yaw=1.83rad) nav=vx:0.000 wz:1.000 cmd=vx:0.000 wz:1.000
[INFO] [1783013067.635333059] [basic_navigator]: [122.3s] dist=0.00m amcl=(-0.15,-4.11 yaw=2.01rad) odom=(2.71,-4.23 yaw=1.93rad) nav=vx:0.000 wz:1.000 cmd=vx:0.000 wz:1.000
[INFO] [1783013067.838211659] [basic_navigator]: [122.5s] dist=0.00m amcl=(-0.15,-4.11 yaw=2.08rad) odom=(2.71,-4.23 yaw=2.00rad) nav=vx:0.000 wz:0.964 cmd=vx:0.000 wz:1.000
[INFO] [1783013068.040735110] [basic_navigator]: [122.7s] dist=0.00m amcl=(-0.15,-4.11 yaw=2.15rad) odom=(2.71,-4.23 yaw=2.07rad) nav=vx:0.000 wz:0.703 cmd=vx:0.000 wz:0.964
[INFO] [1783013068.247274966] [basic_navigator]: [122.9s] dist=0.00m amcl=(-0.15,-4.11 yaw=2.24rad) odom=(2.71,-4.23 yaw=2.16rad) nav=vx:0.000 wz:0.400 cmd=vx:0.000 wz:0.543
[INFO] [1783013068.450377476] [basic_navigator]: [123.1s] dist=0.00m amcl=(-0.15,-4.11 yaw=2.29rad) odom=(2.71,-4.23 yaw=2.21rad) nav=vx:0.000 wz:0.000 cmd=vx:0.000 wz:0.080
[INFO] [1783013068.653934554] [basic_navigator]: [123.3s] dist=0.00m amcl=(-0.15,-4.11 yaw=2.30rad) odom=(2.71,-4.23 yaw=2.22rad) nav=vx:0.000 wz:0.000 cmd=vx:0.000 wz:0.000
[INFO] [1783013068.859121659] [basic_navigator]: [123.5s] dist=0.00m amcl=(-0.15,-4.11 yaw=2.30rad) odom=(2.71,-4.23 yaw=2.22rad) nav=vx:0.000 wz:0.000 cmd=vx:0.000 wz:0.000
[INFO] [1783013069.061462897] [basic_navigator]: [123.7s] dist=0.00m amcl=(-0.15,-4.11 yaw=2.30rad) odom=(2.71,-4.23 yaw=2.22rad) nav=vx:0.000 wz:0.000 cmd=vx:0.000 wz:0.000
[INFO] [1783013069.265569159] [basic_navigator]: [123.9s] dist=0.00m amcl=(-0.15,-4.11 yaw=2.30rad) odom=(2.71,-4.23 yaw=2.22rad) nav=vx:0.000 wz:0.000 cmd=vx:0.000 wz:0.000
[INFO] [1783013069.468704476] [basic_navigator]: [124.1s] dist=0.00m amcl=(-0.15,-4.11 yaw=2.30rad) odom=(2.71,-4.23 yaw=2.22rad) nav=vx:0.000 wz:0.000 cmd=vx:0.000 wz:0.000
[INFO] [1783013069.671345621] [basic_navigator]: [124.3s] dist=0.00m amcl=(-0.15,-4.10 yaw=2.30rad) odom=(2.71,-4.23 yaw=2.22rad) nav=vx:0.000 wz:0.000 cmd=vx:0.000 wz:0.000
[INFO] [1783013069.879836427] [basic_navigator]: [124.5s] dist=0.00m amcl=(-0.15,-4.10 yaw=2.30rad) odom=(2.71,-4.23 yaw=2.22rad) nav=vx:0.000 wz:0.000 cmd=vx:0.000 wz:0.000
[INFO] [1783013070.087731869] [basic_navigator]: [124.7s] dist=0.00m amcl=(-0.15,-4.10 yaw=2.30rad) odom=(2.71,-4.23 yaw=2.22rad) nav=vx:0.000 wz:0.000 cmd=vx:0.000 wz:0.000
[INFO] [1783013070.293502364] [basic_navigator]: [124.9s] dist=0.00m amcl=(-0.15,-4.10 yaw=2.30rad) odom=(2.71,-4.23 yaw=2.22rad) nav=vx:0.000 wz:0.000 cmd=vx:0.000 wz:0.000
[INFO] [1783013070.497569495] [basic_navigator]: [125.1s] dist=0.00m amcl=(-0.15,-4.10 yaw=2.30rad) odom=(2.71,-4.23 yaw=2.22rad) nav=vx:0.000 wz:0.000 cmd=vx:0.000 wz:0.000
[INFO] [1783013070.704313129] [basic_navigator]: [125.3s] dist=0.00m amcl=(-0.15,-4.10 yaw=2.30rad) odom=(2.71,-4.23 yaw=2.22rad) nav=vx:0.000 wz:0.000 cmd=vx:0.000 wz:0.000
[INFO] [1783013070.909493514] [basic_navigator]: [125.5s] dist=0.00m amcl=(-0.15,-4.10 yaw=2.30rad) odom=(2.71,-4.23 yaw=2.22rad) nav=vx:0.000 wz:0.000 cmd=vx:0.000 wz:0.000
[INFO] [1783013071.114676863] [basic_navigator]: [125.7s] dist=0.00m amcl=(-0.15,-4.10 yaw=2.30rad) odom=(2.71,-4.23 yaw=2.22rad) nav=vx:0.000 wz:0.000 cmd=vx:0.000 wz:0.000
[INFO] [1783013071.318090720] [basic_navigator]: [125.9s] dist=0.00m amcl=(-0.15,-4.10 yaw=2.30rad) odom=(2.71,-4.23 yaw=2.22rad) nav=vx:0.000 wz:0.000 cmd=vx:0.000 wz:0.000
[INFO] [1783013071.524793886] [basic_navigator]: [126.1s] dist=0.00m amcl=(-0.15,-4.10 yaw=2.30rad) odom=(2.71,-4.23 yaw=2.22rad) nav=vx:0.000 wz:0.000 cmd=vx:0.000 wz:0.000
[INFO] [1783013071.734956087] [basic_navigator]: [126.4s] dist=0.00m amcl=(-0.15,-4.10 yaw=2.30rad) odom=(2.71,-4.23 yaw=2.22rad) nav=vx:0.000 wz:0.000 cmd=vx:0.000 wz:0.000
[INFO] [1783013071.940928571] [basic_navigator]: [126.6s] dist=0.00m amcl=(-0.15,-4.10 yaw=2.30rad) odom=(2.71,-4.23 yaw=2.22rad) nav=vx:0.000 wz:0.000 cmd=vx:0.000 wz:0.000
[INFO] [1783013072.144831937] [basic_navigator]: [126.8s] dist=0.00m amcl=(-0.15,-4.10 yaw=2.30rad) odom=(2.71,-4.23 yaw=2.22rad) nav=vx:0.000 wz:0.000 cmd=vx:0.000 wz:0.000
[INFO] [1783013072.349874044] [basic_navigator]: [127.0s] dist=0.00m amcl=(-0.15,-4.10 yaw=2.30rad) odom=(2.71,-4.23 yaw=2.22rad) nav=vx:0.000 wz:0.000 cmd=vx:0.000 wz:0.000
[INFO] [1783013072.553775061] [basic_navigator]: [127.2s] dist=0.00m amcl=(-0.15,-4.10 yaw=2.30rad) odom=(2.71,-4.23 yaw=2.22rad) nav=vx:0.000 wz:0.000 cmd=vx:0.000 wz:0.000
[INFO] [1783013072.759994309] [basic_navigator]: [127.4s] dist=0.00m amcl=(-0.15,-4.10 yaw=2.30rad) odom=(2.71,-4.23 yaw=2.22rad) nav=vx:0.000 wz:0.000 cmd=vx:0.000 wz:0.000
[INFO] [1783013072.966444146] [basic_navigator]: [127.6s] dist=0.00m amcl=(-0.15,-4.10 yaw=2.30rad) odom=(2.71,-4.23 yaw=2.22rad) nav=vx:0.000 wz:0.000 cmd=vx:0.000 wz:0.000
[INFO] [1783013073.169707081] [basic_navigator]: [127.8s] dist=0.00m amcl=(-0.15,-4.10 yaw=2.30rad) odom=(2.71,-4.23 yaw=2.22rad) nav=vx:0.000 wz:0.000 cmd=vx:0.000 wz:0.000
[INFO] [1783013073.373438842] [basic_navigator]: [128.0s] dist=0.00m amcl=(-0.15,-4.10 yaw=2.30rad) odom=(2.71,-4.23 yaw=2.22rad) nav=vx:0.000 wz:0.000 cmd=vx:0.000 wz:0.000
[INFO] [1783013073.581905090] [basic_navigator]: [128.2s] dist=0.00m amcl=(-0.15,-4.10 yaw=2.30rad) odom=(2.71,-4.23 yaw=2.22rad) nav=vx:0.000 wz:0.000 cmd=vx:0.000 wz:0.000
[INFO] [1783013073.786643778] [basic_navigator]: [128.4s] dist=0.00m amcl=(-0.15,-4.10 yaw=2.30rad) odom=(2.71,-4.23 yaw=2.22rad) nav=vx:0.000 wz:0.000 cmd=vx:0.000 wz:0.000
[INFO] [1783013073.993396195] [basic_navigator]: [128.6s] dist=0.00m amcl=(-0.15,-4.10 yaw=2.30rad) odom=(2.71,-4.23 yaw=2.22rad) nav=vx:0.000 wz:0.000 cmd=vx:0.000 wz:0.000
[INFO] [1783013074.197444192] [basic_navigator]: [128.8s] dist=0.00m amcl=(-0.15,-4.10 yaw=2.30rad) odom=(2.71,-4.23 yaw=2.22rad) nav=vx:0.000 wz:0.000 cmd=vx:0.000 wz:0.000
[INFO] [1783013074.401905405] [basic_navigator]: [129.0s] dist=0.00m amcl=(-0.15,-4.10 yaw=2.30rad) odom=(2.71,-4.23 yaw=2.22rad) nav=vx:0.000 wz:0.000 cmd=vx:0.000 wz:0.000
[INFO] [1783013074.605451384] [basic_navigator]: [129.2s] dist=0.00m amcl=(-0.15,-4.10 yaw=2.30rad) odom=(2.71,-4.23 yaw=2.22rad) nav=vx:0.000 wz:0.000 cmd=vx:0.000 wz:0.000
[INFO] [1783013074.811324297] [basic_navigator]: [129.4s] dist=0.00m amcl=(-0.15,-4.10 yaw=2.30rad) odom=(2.71,-4.23 yaw=2.22rad) nav=vx:0.000 wz:0.000 cmd=vx:0.000 wz:0.000
[INFO] [1783013075.018299436] [basic_navigator]: [129.6s] dist=0.00m amcl=(-0.15,-4.10 yaw=2.30rad) odom=(2.71,-4.23 yaw=2.22rad) nav=vx:0.000 wz:0.000 cmd=vx:0.000 wz:0.000
[INFO] [1783013075.225280517] [basic_navigator]: [129.8s] dist=0.00m amcl=(-0.15,-4.10 yaw=2.30rad) odom=(2.71,-4.23 yaw=2.22rad) nav=vx:0.000 wz:0.000 cmd=vx:0.000 wz:0.000
[INFO] [1783013075.433555035] [basic_navigator]: [130.1s] dist=0.00m amcl=(-0.15,-4.10 yaw=2.30rad) odom=(2.71,-4.23 yaw=2.22rad) nav=vx:0.000 wz:0.000 cmd=vx:0.000 wz:0.000
[INFO] [1783013075.638506909] [basic_navigator]: [130.3s] dist=0.00m amcl=(-0.15,-4.10 yaw=2.30rad) odom=(2.71,-4.23 yaw=2.22rad) nav=vx:0.000 wz:0.000 cmd=vx:0.000 wz:0.000
[INFO] [1783013075.842495529] [basic_navigator]: [130.5s] dist=0.00m amcl=(-0.15,-4.10 yaw=2.30rad) odom=(2.71,-4.23 yaw=2.22rad) nav=vx:0.000 wz:0.000 cmd=vx:0.000 wz:0.000
[INFO] [1783013076.047396897] [basic_navigator]: [130.7s] dist=0.00m amcl=(-0.15,-4.10 yaw=2.30rad) odom=(2.71,-4.23 yaw=2.22rad) nav=vx:0.000 wz:0.000 cmd=vx:0.000 wz:0.000
[INFO] [1783013076.252754311] [basic_navigator]: [130.9s] dist=0.00m amcl=(-0.15,-4.10 yaw=2.30rad) odom=(2.71,-4.23 yaw=2.22rad) nav=vx:0.000 wz:0.000 cmd=vx:0.000 wz:0.000
[INFO] [1783013076.459851983] [basic_navigator]: [131.1s] dist=0.00m amcl=(-0.15,-4.10 yaw=2.30rad) odom=(2.71,-4.23 yaw=2.22rad) nav=vx:0.000 wz:0.000 cmd=vx:0.000 wz:0.000
[INFO] [1783013076.670032243] [basic_navigator]: [131.3s] dist=0.00m amcl=(-0.15,-4.10 yaw=2.30rad) odom=(2.71,-4.23 yaw=2.22rad) nav=vx:0.000 wz:0.000 cmd=vx:0.000 wz:0.000
[INFO] [1783013076.874258839] [basic_navigator]: [131.5s] dist=0.00m amcl=(-0.15,-4.10 yaw=2.30rad) odom=(2.71,-4.23 yaw=2.22rad) nav=vx:0.000 wz:0.000 cmd=vx:0.000 wz:0.000
[INFO] [1783013077.084509094] [basic_navigator]: [131.7s] dist=0.00m amcl=(-0.15,-4.10 yaw=2.30rad) odom=(2.71,-4.23 yaw=2.22rad) nav=vx:0.000 wz:0.000 cmd=vx:0.000 wz:0.000
[INFO] [1783013077.294466193] [basic_navigator]: [131.9s] dist=0.00m amcl=(-0.15,-4.10 yaw=2.30rad) odom=(2.71,-4.23 yaw=2.22rad) nav=vx:0.000 wz:0.000 cmd=vx:0.000 wz:0.000
[INFO] [1783013077.502402515] [basic_navigator]: [132.1s] dist=0.00m amcl=(-0.15,-4.10 yaw=2.30rad) odom=(2.71,-4.23 yaw=2.22rad) nav=vx:0.000 wz:0.000 cmd=vx:0.000 wz:0.000
[INFO] [1783013077.706449901] [basic_navigator]: [132.3s] dist=0.00m amcl=(-0.15,-4.10 yaw=2.30rad) odom=(2.71,-4.23 yaw=2.22rad) nav=vx:0.000 wz:0.000 cmd=vx:0.000 wz:0.000
[INFO] [1783013077.912790645] [basic_navigator]: [132.5s] dist=0.00m amcl=(-0.15,-4.10 yaw=2.30rad) odom=(2.71,-4.23 yaw=2.22rad) nav=vx:0.000 wz:0.000 cmd=vx:0.000 wz:0.000
[INFO] [1783013078.117027794] [basic_navigator]: [132.7s] dist=0.00m amcl=(-0.15,-4.10 yaw=2.30rad) odom=(2.71,-4.23 yaw=2.22rad) nav=vx:0.000 wz:0.000 cmd=vx:0.000 wz:0.000
[INFO] [1783013078.328078453] [basic_navigator]: [132.9s] dist=0.00m amcl=(-0.15,-4.10 yaw=2.30rad) odom=(2.71,-4.23 yaw=2.22rad) nav=vx:0.000 wz:0.000 cmd=vx:0.000 wz:0.000
[INFO] [1783013078.536853767] [basic_navigator]: [133.2s] dist=0.00m amcl=(-0.15,-4.10 yaw=2.30rad) odom=(2.71,-4.23 yaw=2.22rad) nav=vx:0.000 wz:0.000 cmd=vx:0.000 wz:0.000
[INFO] [1783013078.741850555] [basic_navigator]: [133.4s] dist=0.00m amcl=(-0.15,-4.10 yaw=2.30rad) odom=(2.71,-4.23 yaw=2.22rad) nav=vx:0.000 wz:0.000 cmd=vx:0.000 wz:0.000
[INFO] [1783013078.948787408] [basic_navigator]: [133.6s] dist=0.00m amcl=(-0.15,-4.10 yaw=2.30rad) odom=(2.71,-4.23 yaw=2.22rad) nav=vx:0.000 wz:0.000 cmd=vx:0.000 wz:0.000
[INFO] [1783013079.153492080] [basic_navigator]: [133.8s] dist=0.00m amcl=(-0.15,-4.10 yaw=2.30rad) odom=(2.71,-4.23 yaw=2.22rad) nav=vx:0.000 wz:0.000 cmd=vx:0.000 wz:0.000
[INFO] [1783013079.358212281] [basic_navigator]: [134.0s] dist=0.00m amcl=(-0.15,-4.10 yaw=2.30rad) odom=(2.71,-4.23 yaw=2.22rad) nav=vx:0.000 wz:0.000 cmd=vx:0.000 wz:0.000
[INFO] [1783013079.564222383] [basic_navigator]: [134.2s] dist=0.00m amcl=(-0.15,-4.10 yaw=2.30rad) odom=(2.71,-4.23 yaw=2.22rad) nav=vx:0.000 wz:0.000 cmd=vx:0.000 wz:0.000
[INFO] [1783013079.768436053] [basic_navigator]: [134.4s] dist=0.00m amcl=(-0.15,-4.10 yaw=2.30rad) odom=(2.71,-4.23 yaw=2.22rad) nav=vx:0.000 wz:0.000 cmd=vx:0.000 wz:0.000
[INFO] [1783013079.972376104] [basic_navigator]: [134.6s] dist=0.00m amcl=(-0.15,-4.10 yaw=2.30rad) odom=(2.71,-4.23 yaw=2.22rad) nav=vx:0.000 wz:0.000 cmd=vx:0.000 wz:0.000
[INFO] [1783013080.176254515] [basic_navigator]: [134.8s] dist=0.00m amcl=(-0.15,-4.10 yaw=2.30rad) odom=(2.71,-4.23 yaw=2.22rad) nav=vx:0.000 wz:0.000 cmd=vx:0.000 wz:0.000
[INFO] [1783013080.389036539] [basic_navigator]: [135.0s] dist=0.00m amcl=(-0.15,-4.10 yaw=2.30rad) odom=(2.71,-4.23 yaw=2.22rad) nav=vx:0.000 wz:0.000 cmd=vx:0.000 wz:0.000
[INFO] [1783013080.593545524] [basic_navigator]: [135.2s] dist=0.00m amcl=(-0.15,-4.10 yaw=2.30rad) odom=(2.71,-4.23 yaw=2.22rad) nav=vx:0.000 wz:0.000 cmd=vx:0.000 wz:0.000
[INFO] [1783013080.797063511] [basic_navigator]: [135.4s] dist=0.00m amcl=(-0.15,-4.10 yaw=2.30rad) odom=(2.71,-4.23 yaw=2.22rad) nav=vx:0.000 wz:0.000 cmd=vx:0.000 wz:0.000
[INFO] [1783013081.001982624] [basic_navigator]: [135.6s] dist=0.00m amcl=(-0.15,-4.10 yaw=2.30rad) odom=(2.71,-4.23 yaw=2.22rad) nav=vx:0.000 wz:0.000 cmd=vx:0.000 wz:0.000
[INFO] [1783013081.207264256] [basic_navigator]: [135.8s] dist=0.00m amcl=(-0.15,-4.10 yaw=2.30rad) odom=(2.71,-4.23 yaw=2.22rad) nav=vx:0.000 wz:0.000 cmd=vx:0.000 wz:0.000
[INFO] [1783013081.418767561] [basic_navigator]: [136.0s] dist=0.00m amcl=(-0.15,-4.10 yaw=2.30rad) odom=(2.71,-4.23 yaw=2.22rad) nav=vx:0.000 wz:0.000 cmd=vx:0.000 wz:0.000
[INFO] [1783013081.622462399] [basic_navigator]: [136.2s] dist=0.00m amcl=(-0.15,-4.10 yaw=2.30rad) odom=(2.71,-4.23 yaw=2.22rad) nav=vx:0.000 wz:0.000 cmd=vx:0.000 wz:0.000
[INFO] [1783013081.831515598] [basic_navigator]: [136.4s] dist=0.00m amcl=(-0.15,-4.10 yaw=2.30rad) odom=(2.71,-4.23 yaw=2.22rad) nav=vx:0.000 wz:0.000 cmd=vx:0.000 wz:0.000
[INFO] [1783013082.035327864] [basic_navigator]: [136.7s] dist=0.00m amcl=(-0.15,-4.10 yaw=2.30rad) odom=(2.71,-4.23 yaw=2.22rad) nav=vx:0.000 wz:0.000 cmd=vx:0.000 wz:0.000
[INFO] [1783013082.247623337] [basic_navigator]: [136.9s] dist=0.00m amcl=(-0.15,-4.10 yaw=2.30rad) odom=(2.71,-4.23 yaw=2.22rad) nav=vx:0.000 wz:0.000 cmd=vx:0.000 wz:0.000
[INFO] [1783013082.450915196] [basic_navigator]: [137.1s] dist=0.00m amcl=(-0.15,-4.10 yaw=2.30rad) odom=(2.71,-4.23 yaw=2.22rad) nav=vx:0.000 wz:0.000 cmd=vx:0.000 wz:0.000
[INFO] [1783013082.652383888] [basic_navigator]: [137.3s] dist=0.00m amcl=(-0.15,-4.10 yaw=2.30rad) odom=(2.71,-4.23 yaw=2.22rad) nav=vx:0.000 wz:0.000 cmd=vx:0.000 wz:0.000
[INFO] [1783013082.857080028] [basic_navigator]: [137.5s] dist=0.00m amcl=(-0.15,-4.10 yaw=2.30rad) odom=(2.71,-4.23 yaw=2.22rad) nav=vx:0.000 wz:0.000 cmd=vx:0.000 wz:0.000
[INFO] [1783013083.065359382] [basic_navigator]: [137.7s] dist=0.00m amcl=(-0.15,-4.10 yaw=2.30rad) odom=(2.71,-4.23 yaw=2.22rad) nav=vx:0.000 wz:0.000 cmd=vx:0.000 wz:0.000
[INFO] [1783013083.270029823] [basic_navigator]: [137.9s] dist=0.00m amcl=(-0.15,-4.10 yaw=2.30rad) odom=(2.71,-4.23 yaw=2.22rad) nav=vx:0.000 wz:0.000 cmd=vx:0.000 wz:0.000
[INFO] [1783013083.479411005] [basic_navigator]: [138.1s] dist=0.00m amcl=(-0.15,-4.10 yaw=2.30rad) odom=(2.71,-4.23 yaw=2.22rad) nav=vx:0.000 wz:0.000 cmd=vx:0.000 wz:0.000
[INFO] [1783013083.681358079] [basic_navigator]: [138.3s] dist=0.00m amcl=(-0.15,-4.10 yaw=2.30rad) odom=(2.71,-4.23 yaw=2.22rad) nav=vx:0.000 wz:0.000 cmd=vx:0.000 wz:0.000
[INFO] [1783013083.888170916] [basic_navigator]: [138.5s] dist=0.00m amcl=(-0.15,-4.10 yaw=2.30rad) odom=(2.71,-4.23 yaw=2.22rad) nav=vx:0.000 wz:0.000 cmd=vx:0.000 wz:0.000
[INFO] [1783013084.095702279] [basic_navigator]: [138.7s] dist=0.00m amcl=(-0.15,-4.10 yaw=2.30rad) odom=(2.71,-4.23 yaw=2.22rad) nav=vx:0.000 wz:0.000 cmd=vx:0.000 wz:0.000
[INFO] [1783013084.301475892] [basic_navigator]: [138.9s] dist=0.00m amcl=(-0.15,-4.10 yaw=2.30rad) odom=(2.71,-4.23 yaw=2.22rad) nav=vx:0.000 wz:0.000 cmd=vx:0.000 wz:0.000
[INFO] [1783013084.504513140] [basic_navigator]: [139.1s] dist=0.00m amcl=(-0.15,-4.10 yaw=2.30rad) odom=(2.71,-4.23 yaw=2.22rad) nav=vx:0.000 wz:0.000 cmd=vx:0.000 wz:0.000
[INFO] [1783013084.711846694] [basic_navigator]: [139.3s] dist=0.00m amcl=(-0.15,-4.10 yaw=2.30rad) odom=(2.71,-4.23 yaw=2.22rad) nav=vx:0.000 wz:0.000 cmd=vx:0.000 wz:0.000
[INFO] [1783013084.915841908] [basic_navigator]: [139.5s] dist=0.00m amcl=(-0.15,-4.10 yaw=2.30rad) odom=(2.71,-4.23 yaw=2.22rad) nav=vx:0.000 wz:0.000 cmd=vx:0.000 wz:0.000
[INFO] [1783013085.124050877] [basic_navigator]: [139.7s] dist=0.00m amcl=(-0.15,-4.10 yaw=2.30rad) odom=(2.71,-4.23 yaw=2.22rad) nav=vx:0.000 wz:0.000 cmd=vx:0.000 wz:0.000
[INFO] [1783013085.333076298] [basic_navigator]: [139.9s] dist=0.00m amcl=(-0.15,-4.10 yaw=2.30rad) odom=(2.71,-4.23 yaw=2.22rad) nav=vx:0.000 wz:0.000 cmd=vx:0.000 wz:0.000
[INFO] [1783013085.537642587] [basic_navigator]: [140.2s] dist=0.00m amcl=(-0.15,-4.10 yaw=2.30rad) odom=(2.71,-4.23 yaw=2.22rad) nav=vx:0.000 wz:0.000 cmd=vx:0.000 wz:0.000
[INFO] [1783013085.744569082] [basic_navigator]: [140.4s] dist=0.00m amcl=(-0.15,-4.10 yaw=2.30rad) odom=(2.71,-4.23 yaw=2.22rad) nav=vx:0.000 wz:0.000 cmd=vx:0.000 wz:0.000
[INFO] [1783013085.949484715] [basic_navigator]: [140.6s] dist=0.00m amcl=(-0.15,-4.10 yaw=2.30rad) odom=(2.71,-4.23 yaw=2.22rad) nav=vx:0.000 wz:0.000 cmd=vx:0.000 wz:0.000
[INFO] [1783013086.154122157] [basic_navigator]: [140.8s] dist=0.00m amcl=(-0.15,-4.10 yaw=2.30rad) odom=(2.71,-4.23 yaw=2.22rad) nav=vx:0.000 wz:0.000 cmd=vx:0.000 wz:0.000
[INFO] [1783013086.359521298] [basic_navigator]: [141.0s] dist=0.00m amcl=(-0.15,-4.10 yaw=2.30rad) odom=(2.71,-4.23 yaw=2.22rad) nav=vx:0.000 wz:0.000 cmd=vx:0.000 wz:0.000
[INFO] [1783013086.565955867] [basic_navigator]: [141.2s] dist=0.00m amcl=(-0.15,-4.10 yaw=2.30rad) odom=(2.71,-4.23 yaw=2.22rad) nav=vx:0.000 wz:0.000 cmd=vx:0.000 wz:0.000
[INFO] [1783013086.771966084] [basic_navigator]: [141.4s] dist=0.00m amcl=(-0.15,-4.10 yaw=2.30rad) odom=(2.71,-4.23 yaw=2.22rad) nav=vx:0.000 wz:0.000 cmd=vx:0.000 wz:0.000
[INFO] [1783013086.975643858] [basic_navigator]: [141.6s] dist=0.00m amcl=(-0.15,-4.10 yaw=2.30rad) odom=(2.71,-4.23 yaw=2.22rad) nav=vx:0.000 wz:0.000 cmd=vx:0.000 wz:0.000
[INFO] [1783013087.189234978] [basic_navigator]: [141.8s] dist=0.00m amcl=(-0.15,-4.10 yaw=2.30rad) odom=(2.71,-4.23 yaw=2.22rad) nav=vx:0.000 wz:0.000 cmd=vx:0.000 wz:0.000
[INFO] [1783013087.392537099] [basic_navigator]: [142.0s] dist=0.00m amcl=(-0.15,-4.10 yaw=2.30rad) odom=(2.71,-4.23 yaw=2.22rad) nav=vx:0.000 wz:0.000 cmd=vx:0.000 wz:0.000
[INFO] [1783013087.598290722] [basic_navigator]: [142.2s] dist=0.00m amcl=(-0.15,-4.10 yaw=2.30rad) odom=(2.71,-4.23 yaw=2.22rad) nav=vx:0.000 wz:0.000 cmd=vx:0.000 wz:0.000
[INFO] [1783013087.801650667] [basic_navigator]: [142.4s] dist=0.00m amcl=(-0.15,-4.10 yaw=2.30rad) odom=(2.71,-4.23 yaw=2.22rad) nav=vx:0.000 wz:0.000 cmd=vx:0.000 wz:0.000
[INFO] [1783013088.013454001] [basic_navigator]: [142.6s] dist=0.00m amcl=(-0.15,-4.10 yaw=2.30rad) odom=(2.71,-4.23 yaw=2.22rad) nav=vx:0.000 wz:0.000 cmd=vx:0.000 wz:0.000
[INFO] [1783013088.216589565] [basic_navigator]: [142.8s] dist=0.00m amcl=(-0.15,-4.10 yaw=2.30rad) odom=(2.71,-4.23 yaw=2.22rad) nav=vx:0.000 wz:0.000 cmd=vx:0.000 wz:0.000
[INFO] [1783013088.422427793] [basic_navigator]: [143.0s] dist=0.00m amcl=(-0.15,-4.10 yaw=2.30rad) odom=(2.71,-4.23 yaw=2.22rad) nav=vx:0.000 wz:0.000 cmd=vx:0.000 wz:0.000
[INFO] [1783013088.625906371] [basic_navigator]: [143.2s] dist=0.00m amcl=(-0.15,-4.10 yaw=2.30rad) odom=(2.71,-4.23 yaw=2.22rad) nav=vx:0.000 wz:0.000 cmd=vx:0.000 wz:0.000
[INFO] [1783013088.834536404] [basic_navigator]: [143.5s] dist=0.00m amcl=(-0.15,-4.10 yaw=2.30rad) odom=(2.71,-4.23 yaw=2.22rad) nav=vx:0.000 wz:0.000 cmd=vx:0.000 wz:0.000
[INFO] [1783013089.038025333] [basic_navigator]: [143.7s] dist=0.00m amcl=(-0.15,-4.10 yaw=2.30rad) odom=(2.71,-4.23 yaw=2.22rad) nav=vx:0.000 wz:0.000 cmd=vx:0.000 wz:0.000
[INFO] [1783013089.241928447] [basic_navigator]: [143.9s] dist=0.00m amcl=(-0.15,-4.10 yaw=2.30rad) odom=(2.71,-4.23 yaw=2.22rad) nav=vx:0.000 wz:0.000 cmd=vx:0.000 wz:0.000
[INFO] [1783013089.446183656] [basic_navigator]: [144.1s] dist=0.00m amcl=(-0.15,-4.10 yaw=2.30rad) odom=(2.71,-4.23 yaw=2.22rad) nav=vx:0.000 wz:0.000 cmd=vx:0.000 wz:0.000
[INFO] [1783013089.653282397] [basic_navigator]: [144.3s] dist=0.00m amcl=(-0.15,-4.10 yaw=2.30rad) odom=(2.71,-4.23 yaw=2.22rad) nav=vx:0.000 wz:0.000 cmd=vx:0.000 wz:0.000
[INFO] [1783013089.857417043] [basic_navigator]: [144.5s] dist=0.00m amcl=(-0.15,-4.10 yaw=2.30rad) odom=(2.71,-4.23 yaw=2.22rad) nav=vx:0.000 wz:0.000 cmd=vx:0.000 wz:0.000
[INFO] [1783013090.060470551] [basic_navigator]: [144.7s] dist=0.00m amcl=(-0.15,-4.10 yaw=2.30rad) odom=(2.71,-4.23 yaw=2.22rad) nav=vx:0.000 wz:0.000 cmd=vx:0.000 wz:0.000
[INFO] [1783013090.264400956] [basic_navigator]: [144.9s] dist=0.00m amcl=(-0.15,-4.10 yaw=2.30rad) odom=(2.71,-4.23 yaw=2.22rad) nav=vx:0.000 wz:1.000 cmd=vx:0.000 wz:0.000
[INFO] [1783013090.468623920] [basic_navigator]: [145.1s] dist=0.00m amcl=(-0.15,-4.10 yaw=2.32rad) odom=(2.71,-4.23 yaw=2.23rad) nav=vx:0.000 wz:1.000 cmd=vx:0.000 wz:0.480
[INFO] [1783013090.672671583] [basic_navigator]: [145.3s] dist=0.00m amcl=(-0.15,-4.10 yaw=2.38rad) odom=(2.71,-4.23 yaw=2.30rad) nav=vx:0.000 wz:1.000 cmd=vx:0.000 wz:1.000
[INFO] [1783013090.878108178] [basic_navigator]: [145.5s] dist=0.00m amcl=(-0.15,-4.10 yaw=2.52rad) odom=(2.71,-4.23 yaw=2.43rad) nav=vx:0.000 wz:1.000 cmd=vx:0.000 wz:1.000
[INFO] [1783013091.082892170] [basic_navigator]: [145.7s] dist=0.00m amcl=(-0.15,-4.10 yaw=2.62rad) odom=(2.71,-4.23 yaw=2.54rad) nav=vx:0.000 wz:1.000 cmd=vx:0.000 wz:1.000
[INFO] [1783013091.287194007] [basic_navigator]: [145.9s] dist=0.00m amcl=(-0.15,-4.10 yaw=2.72rad) odom=(2.71,-4.23 yaw=2.64rad) nav=vx:0.000 wz:1.000 cmd=vx:0.000 wz:1.000
[INFO] [1783013091.489559160] [basic_navigator]: [146.1s] dist=0.00m amcl=(-0.15,-4.10 yaw=2.82rad) odom=(2.71,-4.23 yaw=2.74rad) nav=vx:0.000 wz:1.000 cmd=vx:0.000 wz:1.000
[INFO] [1783013091.692804358] [basic_navigator]: [146.3s] dist=0.00m amcl=(-0.15,-4.10 yaw=2.93rad) odom=(2.71,-4.23 yaw=2.84rad) nav=vx:0.000 wz:1.000 cmd=vx:0.000 wz:1.000
[INFO] [1783013091.896525683] [basic_navigator]: [146.5s] dist=0.00m amcl=(-0.15,-4.10 yaw=3.03rad) odom=(2.71,-4.23 yaw=2.94rad) nav=vx:0.000 wz:1.000 cmd=vx:0.000 wz:1.000
[INFO] [1783013092.099101470] [basic_navigator]: [146.7s] dist=0.00m amcl=(-0.15,-4.10 yaw=-3.12rad) odom=(2.71,-4.23 yaw=3.08rad) nav=vx:0.000 wz:1.000 cmd=vx:0.000 wz:1.000
[INFO] [1783013092.303296908] [basic_navigator]: [146.9s] dist=0.00m amcl=(-0.15,-4.10 yaw=-3.01rad) odom=(2.71,-4.23 yaw=-3.10rad) nav=vx:0.000 wz:1.000 cmd=vx:0.000 wz:1.000
[INFO] [1783013092.506627012] [basic_navigator]: [147.1s] dist=0.00m amcl=(-0.15,-4.10 yaw=-2.95rad) odom=(2.71,-4.23 yaw=-3.00rad) nav=vx:0.000 wz:1.000 cmd=vx:0.000 wz:1.000
[INFO] [1783013092.713998866] [basic_navigator]: [147.3s] dist=0.00m amcl=(-0.15,-4.10 yaw=-2.81rad) odom=(2.71,-4.23 yaw=-2.90rad) nav=vx:0.000 wz:1.000 cmd=vx:0.000 wz:1.000
[INFO] [1783013092.917289793] [basic_navigator]: [147.5s] dist=0.00m amcl=(-0.15,-4.10 yaw=-2.71rad) odom=(2.71,-4.23 yaw=-2.80rad) nav=vx:0.000 wz:1.000 cmd=vx:0.000 wz:1.000
[INFO] [1783013093.123069687] [basic_navigator]: [147.7s] dist=0.00m amcl=(-0.15,-4.10 yaw=-2.64rad) odom=(2.71,-4.23 yaw=-2.69rad) nav=vx:0.000 wz:1.000 cmd=vx:0.000 wz:1.000
[INFO] [1783013093.327125705] [basic_navigator]: [147.9s] dist=0.00m amcl=(-0.15,-4.10 yaw=-2.50rad) odom=(2.71,-4.23 yaw=-2.59rad) nav=vx:0.000 wz:0.908 cmd=vx:0.000 wz:1.000
[INFO] [1783013093.533284213] [basic_navigator]: [148.2s] dist=0.00m amcl=(-0.15,-4.10 yaw=-2.41rad) odom=(2.71,-4.23 yaw=-2.50rad) nav=vx:0.000 wz:0.436 cmd=vx:0.000 wz:0.748
[INFO] [1783013093.736475441] [basic_navigator]: [148.4s] dist=0.00m amcl=(-0.15,-4.10 yaw=-2.35rad) odom=(2.71,-4.23 yaw=-2.44rad) nav=vx:0.000 wz:0.000 cmd=vx:0.000 wz:0.276
[INFO] [1783013093.939705904] [basic_navigator]: [148.6s] dist=0.00m amcl=(-0.15,-4.10 yaw=-2.34rad) odom=(2.71,-4.23 yaw=-2.43rad) nav=vx:0.000 wz:0.000 cmd=vx:0.000 wz:0.000
[INFO] [1783013094.145533564] [basic_navigator]: [148.8s] dist=0.00m amcl=(-0.14,-4.10 yaw=-2.34rad) odom=(2.71,-4.23 yaw=-2.43rad) nav=vx:0.000 wz:0.000 cmd=vx:0.000 wz:0.000
[INFO] [1783013094.351764625] [basic_navigator]: [149.0s] dist=0.00m amcl=(-0.14,-4.10 yaw=-2.34rad) odom=(2.71,-4.23 yaw=-2.43rad) nav=vx:0.000 wz:0.000 cmd=vx:0.000 wz:0.000
[INFO] [1783013094.554765287] [basic_navigator]: [149.2s] dist=0.00m amcl=(-0.14,-4.10 yaw=-2.34rad) odom=(2.71,-4.23 yaw=-2.43rad) nav=vx:0.000 wz:0.000 cmd=vx:0.000 wz:0.000
[INFO] [1783013094.758516385] [basic_navigator]: [149.4s] dist=0.00m amcl=(-0.14,-4.10 yaw=-2.34rad) odom=(2.71,-4.23 yaw=-2.43rad) nav=vx:0.000 wz:0.000 cmd=vx:0.000 wz:0.000
[INFO] [1783013094.965971801] [basic_navigator]: [149.6s] dist=0.00m amcl=(-0.14,-4.10 yaw=-2.34rad) odom=(2.71,-4.23 yaw=-2.43rad) nav=vx:0.000 wz:0.000 cmd=vx:0.000 wz:0.000
[INFO] [1783013095.167420666] [basic_navigator]: [149.8s] dist=0.00m amcl=(-0.14,-4.10 yaw=-2.34rad) odom=(2.71,-4.23 yaw=-2.43rad) nav=vx:0.000 wz:0.000 cmd=vx:0.000 wz:0.000
[INFO] [1783013095.370109105] [basic_navigator]: [150.0s] dist=0.00m amcl=(-0.14,-4.10 yaw=-2.33rad) odom=(2.71,-4.23 yaw=-2.43rad) nav=vx:0.000 wz:0.000 cmd=vx:0.000 wz:0.000
[INFO] [1783013095.573194522] [basic_navigator]: [150.2s] dist=0.00m amcl=(-0.14,-4.10 yaw=-2.34rad) odom=(2.71,-4.23 yaw=-2.43rad) nav=vx:0.000 wz:0.000 cmd=vx:0.000 wz:0.000
[INFO] [1783013095.781024678] [basic_navigator]: [150.4s] dist=0.00m amcl=(-0.13,-4.09 yaw=-2.34rad) odom=(2.71,-4.23 yaw=-2.43rad) nav=vx:0.000 wz:0.000 cmd=vx:0.000 wz:0.000
[INFO] [1783013095.984608137] [basic_navigator]: [150.6s] dist=0.00m amcl=(-0.13,-4.09 yaw=-2.33rad) odom=(2.71,-4.23 yaw=-2.43rad) nav=vx:0.000 wz:0.000 cmd=vx:0.000 wz:0.000
[INFO] [1783013096.187213880] [basic_navigator]: [150.8s] dist=0.00m amcl=(-0.13,-4.09 yaw=-2.33rad) odom=(2.71,-4.23 yaw=-2.43rad) nav=vx:0.000 wz:0.000 cmd=vx:0.000 wz:0.000
[INFO] [1783013096.390700727] [basic_navigator]: [151.0s] dist=0.00m amcl=(-0.13,-4.09 yaw=-2.33rad) odom=(2.71,-4.23 yaw=-2.43rad) nav=vx:0.000 wz:0.000 cmd=vx:0.000 wz:0.000
[INFO] [1783013096.596909228] [basic_navigator]: [151.2s] dist=0.00m amcl=(-0.13,-4.09 yaw=-2.33rad) odom=(2.71,-4.23 yaw=-2.43rad) nav=vx:0.000 wz:0.000 cmd=vx:0.000 wz:0.000
[INFO] [1783013096.802958265] [basic_navigator]: [151.4s] dist=0.00m amcl=(-0.13,-4.09 yaw=-2.33rad) odom=(2.71,-4.23 yaw=-2.43rad) nav=vx:0.000 wz:0.000 cmd=vx:0.000 wz:0.000
[INFO] [1783013097.006290562] [basic_navigator]: [151.6s] dist=0.00m amcl=(-0.13,-4.09 yaw=-2.33rad) odom=(2.71,-4.23 yaw=-2.43rad) nav=vx:0.000 wz:0.000 cmd=vx:0.000 wz:0.000
[INFO] [1783013097.210911222] [basic_navigator]: [151.8s] dist=0.00m amcl=(-0.13,-4.09 yaw=-2.33rad) odom=(2.71,-4.23 yaw=-2.43rad) nav=vx:0.000 wz:0.000 cmd=vx:0.000 wz:0.000
[INFO] [1783013097.414587004] [basic_navigator]: [152.0s] dist=0.00m amcl=(-0.13,-4.09 yaw=-2.33rad) odom=(2.71,-4.23 yaw=-2.43rad) nav=vx:0.000 wz:0.000 cmd=vx:0.000 wz:0.000
[INFO] [1783013097.618217727] [basic_navigator]: [152.2s] dist=0.00m amcl=(-0.13,-4.09 yaw=-2.33rad) odom=(2.71,-4.23 yaw=-2.43rad) nav=vx:0.000 wz:0.000 cmd=vx:0.000 wz:0.000
[INFO] [1783013097.821707190] [basic_navigator]: [152.4s] dist=0.00m amcl=(-0.13,-4.09 yaw=-2.33rad) odom=(2.71,-4.23 yaw=-2.43rad) nav=vx:0.000 wz:0.000 cmd=vx:0.000 wz:0.000
[INFO] [1783013098.027190899] [basic_navigator]: [152.6s] dist=0.00m amcl=(-0.13,-4.09 yaw=-2.33rad) odom=(2.71,-4.23 yaw=-2.43rad) nav=vx:0.000 wz:0.000 cmd=vx:0.000 wz:0.000
[INFO] [1783013098.234700238] [basic_navigator]: [152.9s] dist=0.00m amcl=(-0.13,-4.09 yaw=-2.33rad) odom=(2.71,-4.23 yaw=-2.43rad) nav=vx:0.000 wz:0.000 cmd=vx:0.000 wz:0.000
[INFO] [1783013098.446781714] [basic_navigator]: [153.1s] dist=0.00m amcl=(-0.13,-4.09 yaw=-2.33rad) odom=(2.71,-4.23 yaw=-2.43rad) nav=vx:0.000 wz:0.000 cmd=vx:0.000 wz:0.000
[INFO] [1783013098.648645906] [basic_navigator]: [153.3s] dist=0.00m amcl=(-0.13,-4.09 yaw=-2.33rad) odom=(2.71,-4.23 yaw=-2.43rad) nav=vx:0.000 wz:0.000 cmd=vx:0.000 wz:0.000
[INFO] [1783013098.852020118] [basic_navigator]: [153.5s] dist=0.00m amcl=(-0.13,-4.09 yaw=-2.33rad) odom=(2.71,-4.23 yaw=-2.43rad) nav=vx:0.000 wz:0.000 cmd=vx:0.000 wz:0.000
[INFO] [1783013099.056163902] [basic_navigator]: [153.7s] dist=0.00m amcl=(-0.13,-4.09 yaw=-2.33rad) odom=(2.71,-4.23 yaw=-2.43rad) nav=vx:0.000 wz:0.000 cmd=vx:0.000 wz:0.000
[INFO] [1783013099.261257021] [basic_navigator]: [153.9s] dist=0.00m amcl=(-0.13,-4.09 yaw=-2.33rad) odom=(2.71,-4.23 yaw=-2.43rad) nav=vx:0.000 wz:0.000 cmd=vx:0.000 wz:0.000
[INFO] [1783013099.465418364] [basic_navigator]: [154.1s] dist=0.00m amcl=(-0.13,-4.09 yaw=-2.33rad) odom=(2.71,-4.23 yaw=-2.43rad) nav=vx:0.000 wz:0.000 cmd=vx:0.000 wz:0.000
[INFO] [1783013099.672693336] [basic_navigator]: [154.3s] dist=0.00m amcl=(-0.13,-4.09 yaw=-2.33rad) odom=(2.71,-4.23 yaw=-2.43rad) nav=vx:0.000 wz:0.000 cmd=vx:0.000 wz:0.000
[INFO] [1783013099.881268446] [basic_navigator]: [154.5s] dist=0.00m amcl=(-0.13,-4.09 yaw=-2.33rad) odom=(2.71,-4.23 yaw=-2.43rad) nav=vx:0.000 wz:0.000 cmd=vx:0.000 wz:0.000
[INFO] [1783013100.084712362] [basic_navigator]: [154.7s] dist=0.00m amcl=(-0.13,-4.09 yaw=-2.33rad) odom=(2.71,-4.23 yaw=-2.43rad) nav=vx:0.000 wz:0.000 cmd=vx:0.000 wz:0.000
[INFO] [1783013100.290700886] [basic_navigator]: [154.9s] dist=0.00m amcl=(-0.13,-4.09 yaw=-2.33rad) odom=(2.71,-4.23 yaw=-2.43rad) nav=vx:0.000 wz:0.000 cmd=vx:0.000 wz:0.000
[INFO] [1783013100.494772819] [basic_navigator]: [155.1s] dist=0.00m amcl=(-0.13,-4.09 yaw=-2.33rad) odom=(2.71,-4.23 yaw=-2.43rad) nav=vx:0.000 wz:0.000 cmd=vx:0.000 wz:0.000
[INFO] [1783013100.699824647] [basic_navigator]: [155.3s] dist=0.00m amcl=(-0.13,-4.09 yaw=-2.33rad) odom=(2.71,-4.23 yaw=-2.43rad) nav=vx:0.000 wz:0.000 cmd=vx:0.000 wz:0.000
[INFO] [1783013100.905323688] [basic_navigator]: [155.5s] dist=0.00m amcl=(-0.13,-4.09 yaw=-2.33rad) odom=(2.71,-4.23 yaw=-2.43rad) nav=vx:0.000 wz:0.000 cmd=vx:0.000 wz:0.000
[INFO] [1783013101.113387621] [basic_navigator]: [155.7s] dist=0.00m amcl=(-0.13,-4.09 yaw=-2.33rad) odom=(2.71,-4.23 yaw=-2.43rad) nav=vx:0.000 wz:0.000 cmd=vx:0.000 wz:0.000
[INFO] [1783013101.316839862] [basic_navigator]: [155.9s] dist=0.00m amcl=(-0.13,-4.09 yaw=-2.33rad) odom=(2.71,-4.23 yaw=-2.43rad) nav=vx:0.000 wz:0.000 cmd=vx:0.000 wz:0.000
[INFO] [1783013101.518946525] [basic_navigator]: [156.1s] dist=0.00m amcl=(-0.13,-4.09 yaw=-2.33rad) odom=(2.71,-4.23 yaw=-2.43rad) nav=vx:0.000 wz:0.000 cmd=vx:0.000 wz:0.000
[INFO] [1783013101.725528961] [basic_navigator]: [156.3s] dist=0.00m amcl=(-0.13,-4.09 yaw=-2.33rad) odom=(2.71,-4.23 yaw=-2.43rad) nav=vx:0.000 wz:0.000 cmd=vx:0.000 wz:0.000
[INFO] [1783013101.930128521] [basic_navigator]: [156.5s] dist=0.00m amcl=(-0.13,-4.09 yaw=-2.33rad) odom=(2.71,-4.23 yaw=-2.43rad) nav=vx:0.000 wz:0.000 cmd=vx:0.000 wz:0.000
[INFO] [1783013102.135201140] [basic_navigator]: [156.8s] dist=0.00m amcl=(-0.13,-4.09 yaw=-2.33rad) odom=(2.71,-4.23 yaw=-2.43rad) nav=vx:0.000 wz:0.000 cmd=vx:0.000 wz:0.000
[INFO] [1783013102.341592474] [basic_navigator]: [157.0s] dist=0.00m amcl=(-0.13,-4.09 yaw=-2.33rad) odom=(2.71,-4.23 yaw=-2.43rad) nav=vx:0.000 wz:0.000 cmd=vx:0.000 wz:0.000
[INFO] [1783013102.545116546] [basic_navigator]: [157.2s] dist=0.00m amcl=(-0.13,-4.09 yaw=-2.33rad) odom=(2.71,-4.23 yaw=-2.43rad) nav=vx:0.000 wz:0.000 cmd=vx:0.000 wz:0.000
[INFO] [1783013102.747529882] [basic_navigator]: [157.4s] dist=0.00m amcl=(-0.13,-4.09 yaw=-2.33rad) odom=(2.71,-4.23 yaw=-2.43rad) nav=vx:0.000 wz:0.000 cmd=vx:0.000 wz:0.000
[INFO] [1783013102.950142163] [basic_navigator]: [157.6s] dist=0.00m amcl=(-0.13,-4.09 yaw=-2.33rad) odom=(2.71,-4.23 yaw=-2.43rad) nav=vx:0.000 wz:0.000 cmd=vx:0.000 wz:0.000
[INFO] [1783013103.153796502] [basic_navigator]: [157.8s] dist=0.00m amcl=(-0.13,-4.09 yaw=-2.33rad) odom=(2.71,-4.23 yaw=-2.43rad) nav=vx:0.000 wz:0.000 cmd=vx:0.000 wz:0.000
[INFO] [1783013103.356962039] [basic_navigator]: [158.0s] dist=0.00m amcl=(-0.13,-4.09 yaw=-2.33rad) odom=(2.71,-4.23 yaw=-2.43rad) nav=vx:0.000 wz:0.000 cmd=vx:0.000 wz:0.000
[INFO] [1783013103.560206345] [basic_navigator]: [158.2s] dist=0.00m amcl=(-0.13,-4.09 yaw=-2.33rad) odom=(2.71,-4.23 yaw=-2.43rad) nav=vx:0.000 wz:0.000 cmd=vx:0.000 wz:0.000
[INFO] [1783013103.765780904] [basic_navigator]: [158.4s] dist=0.00m amcl=(-0.13,-4.09 yaw=-2.33rad) odom=(2.71,-4.23 yaw=-2.43rad) nav=vx:0.000 wz:0.000 cmd=vx:0.000 wz:0.000
[INFO] [1783013103.967523191] [basic_navigator]: [158.6s] dist=0.00m amcl=(-0.13,-4.09 yaw=-2.33rad) odom=(2.71,-4.23 yaw=-2.43rad) nav=vx:0.000 wz:0.000 cmd=vx:0.000 wz:0.000
[INFO] [1783013104.170674521] [basic_navigator]: [158.8s] dist=0.00m amcl=(-0.13,-4.09 yaw=-2.33rad) odom=(2.71,-4.23 yaw=-2.43rad) nav=vx:0.000 wz:0.000 cmd=vx:0.000 wz:0.000
[INFO] [1783013104.377235349] [basic_navigator]: [159.0s] dist=0.00m amcl=(-0.13,-4.09 yaw=-2.33rad) odom=(2.71,-4.23 yaw=-2.43rad) nav=vx:0.000 wz:0.000 cmd=vx:0.000 wz:0.000
[INFO] [1783013104.585362542] [basic_navigator]: [159.2s] dist=0.00m amcl=(-0.13,-4.09 yaw=-2.33rad) odom=(2.71,-4.23 yaw=-2.43rad) nav=vx:0.000 wz:0.000 cmd=vx:0.000 wz:0.000
[INFO] [1783013104.791086320] [basic_navigator]: [159.4s] dist=0.00m amcl=(-0.13,-4.09 yaw=-2.33rad) odom=(2.71,-4.23 yaw=-2.43rad) nav=vx:0.000 wz:0.000 cmd=vx:0.000 wz:0.000
[INFO] [1783013104.995879628] [basic_navigator]: [159.6s] dist=0.00m amcl=(-0.13,-4.09 yaw=-2.33rad) odom=(2.71,-4.23 yaw=-2.43rad) nav=vx:0.000 wz:0.000 cmd=vx:0.000 wz:0.000
[INFO] [1783013105.199809217] [basic_navigator]: [159.8s] dist=0.00m amcl=(-0.13,-4.09 yaw=-2.33rad) odom=(2.71,-4.23 yaw=-2.43rad) nav=vx:0.000 wz:0.000 cmd=vx:0.000 wz:0.000
[INFO] [1783013105.406949936] [basic_navigator]: [160.0s] dist=0.00m amcl=(-0.13,-4.09 yaw=-2.33rad) odom=(2.71,-4.23 yaw=-2.43rad) nav=vx:0.000 wz:0.000 cmd=vx:0.000 wz:0.000
[INFO] [1783013105.609361250] [basic_navigator]: [160.2s] dist=0.00m amcl=(-0.13,-4.09 yaw=-2.33rad) odom=(2.71,-4.23 yaw=-2.43rad) nav=vx:0.000 wz:0.000 cmd=vx:0.000 wz:0.000
[INFO] [1783013105.816870223] [basic_navigator]: [160.4s] dist=0.00m amcl=(-0.13,-4.09 yaw=-2.33rad) odom=(2.71,-4.23 yaw=-2.43rad) nav=vx:0.000 wz:0.000 cmd=vx:0.000 wz:0.000
[INFO] [1783013106.025504754] [basic_navigator]: [160.6s] dist=0.00m amcl=(-0.13,-4.09 yaw=-2.33rad) odom=(2.71,-4.23 yaw=-2.43rad) nav=vx:0.000 wz:0.000 cmd=vx:0.000 wz:0.000
[INFO] [1783013106.232731624] [basic_navigator]: [160.9s] dist=0.00m amcl=(-0.13,-4.09 yaw=-2.33rad) odom=(2.71,-4.23 yaw=-2.43rad) nav=vx:0.000 wz:0.000 cmd=vx:0.000 wz:0.000
[INFO] [1783013106.437732462] [basic_navigator]: [161.1s] dist=0.00m amcl=(-0.13,-4.09 yaw=-2.33rad) odom=(2.71,-4.23 yaw=-2.43rad) nav=vx:0.000 wz:0.000 cmd=vx:0.000 wz:0.000
[INFO] [1783013106.652551173] [basic_navigator]: [161.3s] dist=0.00m amcl=(-0.13,-4.09 yaw=-2.33rad) odom=(2.71,-4.23 yaw=-2.43rad) nav=vx:0.000 wz:0.000 cmd=vx:0.000 wz:0.000
[INFO] [1783013106.855191458] [basic_navigator]: [161.5s] dist=0.00m amcl=(-0.13,-4.09 yaw=-2.33rad) odom=(2.71,-4.23 yaw=-2.43rad) nav=vx:0.000 wz:0.000 cmd=vx:0.000 wz:0.000
[INFO] [1783013107.059514441] [basic_navigator]: [161.7s] dist=0.00m amcl=(-0.13,-4.09 yaw=-2.33rad) odom=(2.71,-4.23 yaw=-2.43rad) nav=vx:0.000 wz:0.000 cmd=vx:0.000 wz:0.000
[INFO] [1783013107.264549479] [basic_navigator]: [161.9s] dist=0.00m amcl=(-0.13,-4.09 yaw=-2.33rad) odom=(2.71,-4.23 yaw=-2.43rad) nav=vx:0.000 wz:0.000 cmd=vx:0.000 wz:0.000
[INFO] [1783013107.470414485] [basic_navigator]: [162.1s] dist=0.00m amcl=(-0.13,-4.09 yaw=-2.33rad) odom=(2.71,-4.23 yaw=-2.43rad) nav=vx:0.000 wz:0.000 cmd=vx:0.000 wz:0.000
[INFO] [1783013107.674190763] [basic_navigator]: [162.3s] dist=0.00m amcl=(-0.13,-4.09 yaw=-2.33rad) odom=(2.71,-4.23 yaw=-2.43rad) nav=vx:0.000 wz:0.000 cmd=vx:0.000 wz:0.000
[INFO] [1783013107.881311784] [basic_navigator]: [162.5s] dist=0.00m amcl=(-0.13,-4.09 yaw=-2.33rad) odom=(2.71,-4.23 yaw=-2.43rad) nav=vx:0.000 wz:0.000 cmd=vx:0.000 wz:0.000
[INFO] [1783013108.091125938] [basic_navigator]: [162.7s] dist=0.00m amcl=(-0.13,-4.09 yaw=-2.33rad) odom=(2.71,-4.23 yaw=-2.43rad) nav=vx:0.000 wz:0.000 cmd=vx:0.000 wz:0.000
[INFO] [1783013108.298870886] [basic_navigator]: [162.9s] dist=0.00m amcl=(-0.13,-4.09 yaw=-2.33rad) odom=(2.71,-4.23 yaw=-2.43rad) nav=vx:0.000 wz:0.000 cmd=vx:0.000 wz:0.000
[INFO] [1783013108.504573355] [basic_navigator]: [163.1s] dist=0.00m amcl=(-0.13,-4.09 yaw=-2.33rad) odom=(2.71,-4.23 yaw=-2.43rad) nav=vx:0.000 wz:0.000 cmd=vx:0.000 wz:0.000
[INFO] [1783013108.710458878] [basic_navigator]: [163.3s] dist=0.00m amcl=(-0.13,-4.09 yaw=-2.33rad) odom=(2.71,-4.23 yaw=-2.43rad) nav=vx:0.000 wz:0.000 cmd=vx:0.000 wz:0.000
[INFO] [1783013108.915300700] [basic_navigator]: [163.5s] dist=0.00m amcl=(-0.13,-4.09 yaw=-2.33rad) odom=(2.71,-4.23 yaw=-2.43rad) nav=vx:0.000 wz:0.000 cmd=vx:0.000 wz:0.000
[INFO] [1783013109.119759808] [basic_navigator]: [163.7s] dist=0.00m amcl=(-0.13,-4.09 yaw=-2.33rad) odom=(2.71,-4.23 yaw=-2.43rad) nav=vx:0.000 wz:0.000 cmd=vx:0.000 wz:0.000
[INFO] [1783013109.325448851] [basic_navigator]: [163.9s] dist=0.00m amcl=(-0.13,-4.09 yaw=-2.33rad) odom=(2.71,-4.23 yaw=-2.43rad) nav=vx:0.000 wz:0.000 cmd=vx:0.000 wz:0.000
[INFO] [1783013109.528383187] [basic_navigator]: [164.1s] dist=0.00m amcl=(-0.13,-4.09 yaw=-2.33rad) odom=(2.71,-4.23 yaw=-2.43rad) nav=vx:0.000 wz:0.000 cmd=vx:0.000 wz:0.000
[INFO] [1783013109.736215831] [basic_navigator]: [164.4s] dist=0.00m amcl=(-0.13,-4.09 yaw=-2.33rad) odom=(2.71,-4.23 yaw=-2.43rad) nav=vx:0.000 wz:0.000 cmd=vx:0.000 wz:0.000
[INFO] [1783013109.939372642] [basic_navigator]: [164.6s] dist=0.00m amcl=(-0.13,-4.09 yaw=-2.33rad) odom=(2.71,-4.23 yaw=-2.43rad) nav=vx:0.000 wz:0.000 cmd=vx:0.000 wz:0.000
[INFO] [1783013110.144336424] [basic_navigator]: [164.8s] dist=0.00m amcl=(-0.13,-4.09 yaw=-2.33rad) odom=(2.71,-4.23 yaw=-2.43rad) nav=vx:0.000 wz:0.000 cmd=vx:0.000 wz:0.000
[INFO] [1783013110.349241801] [basic_navigator]: [165.0s] dist=0.00m amcl=(-0.13,-4.09 yaw=-2.33rad) odom=(2.71,-4.23 yaw=-2.43rad) nav=vx:-0.150 wz:0.000 cmd=vx:-0.150 wz:0.000
[INFO] [1783013110.555773821] [basic_navigator]: [165.2s] dist=0.00m amcl=(-0.12,-4.08 yaw=-2.33rad) odom=(2.72,-4.22 yaw=-2.43rad) nav=vx:-0.150 wz:0.000 cmd=vx:-0.150 wz:0.000
[INFO] [1783013110.759245080] [basic_navigator]: [165.4s] dist=0.00m amcl=(-0.11,-4.07 yaw=-2.33rad) odom=(2.74,-4.21 yaw=-2.43rad) nav=vx:-0.150 wz:0.000 cmd=vx:-0.150 wz:0.000
[INFO] [1783013110.963670485] [basic_navigator]: [165.6s] dist=0.00m amcl=(-0.10,-4.06 yaw=-2.33rad) odom=(2.74,-4.20 yaw=-2.43rad) nav=vx:-0.150 wz:0.000 cmd=vx:-0.150 wz:0.000
[INFO] [1783013111.167621051] [basic_navigator]: [165.8s] dist=0.00m amcl=(-0.09,-4.05 yaw=-2.33rad) odom=(2.75,-4.19 yaw=-2.43rad) nav=vx:-0.150 wz:0.000 cmd=vx:-0.150 wz:0.000
[INFO] [1783013111.374887576] [basic_navigator]: [166.0s] dist=0.00m amcl=(-0.08,-4.04 yaw=-2.33rad) odom=(2.76,-4.18 yaw=-2.43rad) nav=vx:-0.150 wz:0.000 cmd=vx:-0.150 wz:0.000
[INFO] [1783013111.577749848] [basic_navigator]: [166.2s] dist=0.00m amcl=(-0.07,-4.03 yaw=-2.33rad) odom=(2.77,-4.17 yaw=-2.43rad) nav=vx:-0.150 wz:0.000 cmd=vx:-0.150 wz:0.000
[INFO] [1783013111.784015504] [basic_navigator]: [166.4s] dist=0.00m amcl=(-0.06,-4.03 yaw=-2.33rad) odom=(2.78,-4.17 yaw=-2.43rad) nav=vx:-0.150 wz:0.000 cmd=vx:-0.150 wz:0.000
[INFO] [1783013111.990422720] [basic_navigator]: [166.6s] dist=0.00m amcl=(-0.06,-4.02 yaw=-2.33rad) odom=(2.79,-4.16 yaw=-2.43rad) nav=vx:-0.150 wz:0.000 cmd=vx:-0.150 wz:0.000
[INFO] [1783013112.193822267] [basic_navigator]: [166.8s] dist=0.00m amcl=(-0.05,-4.01 yaw=-2.33rad) odom=(2.80,-4.15 yaw=-2.43rad) nav=vx:-0.150 wz:0.000 cmd=vx:-0.150 wz:0.000
[INFO] [1783013112.401063718] [basic_navigator]: [167.0s] dist=0.00m amcl=(-0.04,-4.00 yaw=-2.33rad) odom=(2.81,-4.14 yaw=-2.43rad) nav=vx:-0.150 wz:0.000 cmd=vx:-0.150 wz:0.000
[INFO] [1783013112.607252006] [basic_navigator]: [167.2s] dist=0.00m amcl=(-0.03,-3.99 yaw=-2.33rad) odom=(2.82,-4.13 yaw=-2.43rad) nav=vx:-0.150 wz:0.000 cmd=vx:-0.150 wz:0.000
[INFO] [1783013112.819694949] [basic_navigator]: [167.4s] dist=0.00m amcl=(-0.02,-3.98 yaw=-2.33rad) odom=(2.83,-4.12 yaw=-2.43rad) nav=vx:-0.150 wz:0.000 cmd=vx:-0.150 wz:0.000
[INFO] [1783013113.022946338] [basic_navigator]: [167.6s] dist=0.00m amcl=(-0.01,-3.97 yaw=-2.33rad) odom=(2.84,-4.11 yaw=-2.43rad) nav=vx:-0.150 wz:0.000 cmd=vx:-0.150 wz:0.000
[INFO] [1783013113.228777067] [basic_navigator]: [167.8s] dist=0.00m amcl=(-0.00,-3.96 yaw=-2.33rad) odom=(2.85,-4.10 yaw=-2.43rad) nav=vx:-0.150 wz:0.000 cmd=vx:-0.150 wz:0.000
[INFO] [1783013113.432899141] [basic_navigator]: [168.1s] dist=0.00m amcl=(0.01,-3.94 yaw=-2.34rad) odom=(2.87,-4.09 yaw=-2.43rad) nav=vx:-0.150 wz:0.000 cmd=vx:-0.150 wz:0.000
[INFO] [1783013113.637352361] [basic_navigator]: [168.3s] dist=0.00m amcl=(0.02,-3.94 yaw=-2.34rad) odom=(2.87,-4.08 yaw=-2.43rad) nav=vx:-0.150 wz:0.000 cmd=vx:-0.150 wz:0.000
[INFO] [1783013113.840622736] [basic_navigator]: [168.5s] dist=0.00m amcl=(0.03,-3.93 yaw=-2.34rad) odom=(2.89,-4.07 yaw=-2.43rad) nav=vx:-0.150 wz:0.000 cmd=vx:-0.150 wz:0.000
[INFO] [1783013114.048015394] [basic_navigator]: [168.7s] dist=0.00m amcl=(0.04,-3.92 yaw=-2.34rad) odom=(2.90,-4.06 yaw=-2.43rad) nav=vx:-0.150 wz:0.000 cmd=vx:-0.150 wz:0.000
[INFO] [1783013114.252907550] [basic_navigator]: [168.9s] dist=0.00m amcl=(0.05,-3.91 yaw=-2.34rad) odom=(2.91,-4.05 yaw=-2.43rad) nav=vx:-0.150 wz:0.000 cmd=vx:-0.150 wz:0.000
[INFO] [1783013114.456923883] [basic_navigator]: [169.1s] dist=0.00m amcl=(0.05,-3.90 yaw=-2.34rad) odom=(2.92,-4.05 yaw=-2.43rad) nav=vx:-0.150 wz:0.000 cmd=vx:-0.150 wz:0.000
[INFO] [1783013114.659260730] [basic_navigator]: [169.3s] dist=0.00m amcl=(0.06,-3.89 yaw=-2.34rad) odom=(2.93,-4.04 yaw=-2.43rad) nav=vx:-0.150 wz:0.000 cmd=vx:-0.150 wz:0.000
[INFO] [1783013114.863298850] [basic_navigator]: [169.5s] dist=0.00m amcl=(0.07,-3.88 yaw=-2.34rad) odom=(2.94,-4.03 yaw=-2.43rad) nav=vx:-0.150 wz:0.000 cmd=vx:-0.150 wz:0.000
[INFO] [1783013115.068788139] [basic_navigator]: [169.7s] dist=0.00m amcl=(0.08,-3.87 yaw=-2.34rad) odom=(2.95,-4.02 yaw=-2.43rad) nav=vx:0.000 wz:0.000 cmd=vx:-0.025 wz:0.000
[INFO] [1783013115.273921163] [basic_navigator]: [169.9s] dist=0.00m amcl=(0.08,-3.87 yaw=-2.34rad) odom=(2.95,-4.02 yaw=-2.43rad) nav=vx:0.000 wz:0.000 cmd=vx:0.000 wz:0.000
[INFO] [1783013115.478830972] [basic_navigator]: [170.1s] dist=0.00m amcl=(0.08,-3.87 yaw=-2.34rad) odom=(2.95,-4.02 yaw=-2.43rad) nav=vx:0.000 wz:0.000 cmd=vx:0.000 wz:0.000
[INFO] [1783013115.683540096] [basic_navigator]: [170.3s] dist=0.00m amcl=(0.08,-3.87 yaw=-2.34rad) odom=(2.95,-4.02 yaw=-2.43rad) nav=vx:0.000 wz:0.000 cmd=vx:0.000 wz:0.000
[INFO] [1783013115.887695883] [basic_navigator]: [170.5s] dist=0.00m amcl=(0.08,-3.87 yaw=-2.34rad) odom=(2.95,-4.02 yaw=-2.43rad) nav=vx:0.000 wz:0.000 cmd=vx:0.000 wz:0.000
[INFO] [1783013116.090759492] [basic_navigator]: [170.7s] dist=0.00m amcl=(0.08,-3.87 yaw=-2.34rad) odom=(2.95,-4.02 yaw=-2.43rad) nav=vx:0.000 wz:0.000 cmd=vx:0.000 wz:0.000
[INFO] [1783013116.295144150] [basic_navigator]: [170.9s] dist=0.00m amcl=(0.08,-3.87 yaw=-2.34rad) odom=(2.95,-4.02 yaw=-2.43rad) nav=vx:0.000 wz:0.000 cmd=vx:0.000 wz:0.000
[INFO] [1783013116.498820226] [basic_navigator]: [171.1s] dist=0.00m amcl=(0.08,-3.87 yaw=-2.34rad) odom=(2.95,-4.02 yaw=-2.43rad) nav=vx:0.000 wz:0.000 cmd=vx:0.000 wz:0.000
[INFO] [1783013116.702078176] [basic_navigator]: [171.3s] dist=0.00m amcl=(0.08,-3.87 yaw=-2.34rad) odom=(2.95,-4.02 yaw=-2.43rad) nav=vx:0.000 wz:0.000 cmd=vx:0.000 wz:0.000
[INFO] [1783013116.908821943] [basic_navigator]: [171.5s] dist=0.00m amcl=(0.08,-3.87 yaw=-2.33rad) odom=(2.95,-4.02 yaw=-2.43rad) nav=vx:0.000 wz:0.000 cmd=vx:0.000 wz:0.000
[INFO] [1783013117.114779238] [basic_navigator]: [171.7s] dist=0.00m amcl=(0.08,-3.87 yaw=-2.33rad) odom=(2.95,-4.02 yaw=-2.43rad) nav=vx:0.000 wz:0.000 cmd=vx:0.000 wz:0.000
[INFO] [1783013117.320142846] [basic_navigator]: [171.9s] dist=0.00m amcl=(0.08,-3.87 yaw=-2.33rad) odom=(2.95,-4.02 yaw=-2.43rad) nav=vx:0.000 wz:0.000 cmd=vx:0.000 wz:0.000
[INFO] [1783013117.523349714] [basic_navigator]: [172.1s] dist=0.00m amcl=(0.08,-3.87 yaw=-2.33rad) odom=(2.95,-4.02 yaw=-2.43rad) nav=vx:0.000 wz:0.000 cmd=vx:0.000 wz:0.000
[INFO] [1783013117.726674152] [basic_navigator]: [172.3s] dist=0.00m amcl=(0.08,-3.87 yaw=-2.33rad) odom=(2.95,-4.02 yaw=-2.43rad) nav=vx:0.000 wz:0.000 cmd=vx:0.000 wz:0.000
[INFO] [1783013117.930381348] [basic_navigator]: [172.5s] dist=0.00m amcl=(0.08,-3.87 yaw=-2.33rad) odom=(2.95,-4.02 yaw=-2.43rad) nav=vx:0.000 wz:0.000 cmd=vx:0.000 wz:0.000
[INFO] [1783013118.133782404] [basic_navigator]: [172.8s] dist=0.00m amcl=(0.08,-3.87 yaw=-2.33rad) odom=(2.95,-4.02 yaw=-2.43rad) nav=vx:0.000 wz:0.000 cmd=vx:0.000 wz:0.000
[INFO] [1783013118.346176580] [basic_navigator]: [173.0s] dist=0.00m amcl=(0.08,-3.87 yaw=-2.33rad) odom=(2.95,-4.02 yaw=-2.43rad) nav=vx:0.000 wz:0.000 cmd=vx:0.000 wz:0.000
[INFO] [1783013118.547877712] [basic_navigator]: [173.2s] dist=0.00m amcl=(0.08,-3.87 yaw=-2.33rad) odom=(2.95,-4.02 yaw=-2.43rad) nav=vx:0.000 wz:0.000 cmd=vx:0.000 wz:0.000
[INFO] [1783013118.754757294] [basic_navigator]: [173.4s] dist=0.00m amcl=(0.08,-3.87 yaw=-2.33rad) odom=(2.95,-4.02 yaw=-2.43rad) nav=vx:0.000 wz:0.000 cmd=vx:0.000 wz:0.000
[INFO] [1783013118.959135348] [basic_navigator]: [173.6s] dist=0.00m amcl=(0.08,-3.87 yaw=-2.33rad) odom=(2.95,-4.02 yaw=-2.43rad) nav=vx:0.000 wz:0.000 cmd=vx:0.000 wz:0.000
[INFO] [1783013119.161430952] [basic_navigator]: [173.8s] dist=0.00m amcl=(0.08,-3.87 yaw=-2.33rad) odom=(2.95,-4.02 yaw=-2.43rad) nav=vx:0.000 wz:0.000 cmd=vx:0.000 wz:0.000
[INFO] [1783013119.375703864] [basic_navigator]: [174.0s] dist=0.00m amcl=(0.08,-3.87 yaw=-2.33rad) odom=(2.95,-4.02 yaw=-2.43rad) nav=vx:0.000 wz:0.000 cmd=vx:0.000 wz:0.000
[INFO] [1783013119.578471172] [basic_navigator]: [174.2s] dist=0.00m amcl=(0.08,-3.87 yaw=-2.33rad) odom=(2.95,-4.02 yaw=-2.43rad) nav=vx:0.000 wz:0.000 cmd=vx:0.000 wz:0.000
[INFO] [1783013119.783220274] [basic_navigator]: [174.4s] dist=0.00m amcl=(0.08,-3.87 yaw=-2.33rad) odom=(2.95,-4.02 yaw=-2.43rad) nav=vx:0.000 wz:0.000 cmd=vx:0.000 wz:0.000
[INFO] [1783013119.990327248] [basic_navigator]: [174.6s] dist=0.00m amcl=(0.08,-3.87 yaw=-2.33rad) odom=(2.95,-4.02 yaw=-2.43rad) nav=vx:0.000 wz:0.000 cmd=vx:0.000 wz:0.000
[INFO] [1783013120.194583084] [basic_navigator]: [174.8s] dist=0.00m amcl=(0.08,-3.87 yaw=-2.33rad) odom=(2.95,-4.02 yaw=-2.43rad) nav=vx:0.000 wz:0.000 cmd=vx:0.000 wz:0.000
[INFO] [1783013120.398541884] [basic_navigator]: [175.0s] dist=0.00m amcl=(0.08,-3.87 yaw=-2.33rad) odom=(2.95,-4.02 yaw=-2.43rad) nav=vx:0.000 wz:0.000 cmd=vx:0.000 wz:0.000
[INFO] [1783013120.603236855] [basic_navigator]: [175.2s] dist=0.00m amcl=(0.08,-3.87 yaw=-2.33rad) odom=(2.95,-4.02 yaw=-2.43rad) nav=vx:0.000 wz:0.000 cmd=vx:0.000 wz:0.000
[INFO] [1783013120.809370497] [basic_navigator]: [175.4s] dist=0.00m amcl=(0.08,-3.87 yaw=-2.33rad) odom=(2.95,-4.02 yaw=-2.43rad) nav=vx:0.000 wz:0.000 cmd=vx:0.000 wz:0.000
[INFO] [1783013121.012737890] [basic_navigator]: [175.6s] dist=0.00m amcl=(0.08,-3.87 yaw=-2.33rad) odom=(2.95,-4.02 yaw=-2.43rad) nav=vx:0.000 wz:0.000 cmd=vx:0.000 wz:0.000
[INFO] [1783013121.220103129] [basic_navigator]: [175.8s] dist=0.00m amcl=(0.08,-3.87 yaw=-2.33rad) odom=(2.95,-4.02 yaw=-2.43rad) nav=vx:0.000 wz:1.000 cmd=vx:0.000 wz:0.000
[INFO] [1783013121.426285075] [basic_navigator]: [176.0s] dist=0.00m amcl=(0.08,-3.87 yaw=-2.32rad) odom=(2.95,-4.02 yaw=-2.39rad) nav=vx:0.000 wz:1.000 cmd=vx:0.000 wz:0.480
[INFO] [1783013121.629695102] [basic_navigator]: [176.2s] dist=0.00m amcl=(0.08,-3.87 yaw=-2.26rad) odom=(2.95,-4.02 yaw=-2.35rad) nav=vx:0.000 wz:1.000 cmd=vx:0.000 wz:0.960
[INFO] [1783013121.837458583] [basic_navigator]: [176.5s] dist=0.00m amcl=(0.08,-3.87 yaw=-2.16rad) odom=(2.95,-4.02 yaw=-2.25rad) nav=vx:0.000 wz:1.000 cmd=vx:0.000 wz:1.000
[INFO] [1783013122.049794064] [basic_navigator]: [176.7s] dist=0.00m amcl=(0.08,-3.87 yaw=-2.09rad) odom=(2.95,-4.02 yaw=-2.18rad) nav=vx:0.000 wz:1.000 cmd=vx:0.000 wz:1.000
[INFO] [1783013122.252937862] [basic_navigator]: [176.9s] dist=0.00m amcl=(0.08,-3.87 yaw=-1.95rad) odom=(2.95,-4.02 yaw=-2.04rad) nav=vx:0.000 wz:1.000 cmd=vx:0.000 wz:1.000
[INFO] [1783013122.457808655] [basic_navigator]: [177.1s] dist=0.00m amcl=(0.08,-3.87 yaw=-1.89rad) odom=(2.95,-4.02 yaw=-1.98rad) nav=vx:0.000 wz:1.000 cmd=vx:0.000 wz:1.000
[INFO] [1783013122.664022966] [basic_navigator]: [177.3s] dist=0.00m amcl=(0.08,-3.87 yaw=-1.78rad) odom=(2.95,-4.02 yaw=-1.87rad) nav=vx:0.000 wz:1.000 cmd=vx:0.000 wz:1.000
[INFO] [1783013122.868351851] [basic_navigator]: [177.5s] dist=0.00m amcl=(0.08,-3.87 yaw=-1.72rad) odom=(2.95,-4.02 yaw=-1.77rad) nav=vx:0.000 wz:1.000 cmd=vx:0.000 wz:1.000
[INFO] [1783013123.069844304] [basic_navigator]: [177.7s] dist=0.00m amcl=(0.08,-3.87 yaw=-1.61rad) odom=(2.95,-4.02 yaw=-1.70rad) nav=vx:0.000 wz:1.000 cmd=vx:0.000 wz:1.000
[INFO] [1783013123.274853983] [basic_navigator]: [177.9s] dist=0.00m amcl=(0.08,-3.87 yaw=-1.51rad) odom=(2.95,-4.02 yaw=-1.60rad) nav=vx:0.000 wz:1.000 cmd=vx:0.000 wz:1.000
[INFO] [1783013123.478370033] [basic_navigator]: [178.1s] dist=0.00m amcl=(0.08,-3.87 yaw=-1.41rad) odom=(2.95,-4.02 yaw=-1.50rad) nav=vx:0.000 wz:1.000 cmd=vx:0.000 wz:1.000
[INFO] [1783013123.682594147] [basic_navigator]: [178.3s] dist=0.00m amcl=(0.08,-3.86 yaw=-1.31rad) odom=(2.95,-4.02 yaw=-1.40rad) nav=vx:0.000 wz:1.000 cmd=vx:0.000 wz:1.000
[INFO] [1783013123.887601489] [basic_navigator]: [178.5s] dist=0.00m amcl=(0.08,-3.86 yaw=-1.20rad) odom=(2.95,-4.02 yaw=-1.30rad) nav=vx:0.000 wz:1.000 cmd=vx:0.000 wz:1.000
[INFO] [1783013124.090534427] [basic_navigator]: [178.7s] dist=0.00m amcl=(0.08,-3.86 yaw=-1.10rad) odom=(2.95,-4.02 yaw=-1.19rad) nav=vx:0.000 wz:1.000 cmd=vx:0.000 wz:1.000
[INFO] [1783013124.297616123] [basic_navigator]: [178.9s] dist=0.00m amcl=(0.08,-3.86 yaw=-1.03rad) odom=(2.95,-4.02 yaw=-1.13rad) nav=vx:0.000 wz:1.000 cmd=vx:0.000 wz:1.000
[INFO] [1783013124.501898854] [basic_navigator]: [179.1s] dist=0.00m amcl=(0.08,-3.86 yaw=-0.93rad) odom=(2.95,-4.02 yaw=-1.02rad) nav=vx:0.000 wz:1.000 cmd=vx:0.000 wz:1.000
[INFO] [1783013124.706227163] [basic_navigator]: [179.3s] dist=0.00m amcl=(0.08,-3.86 yaw=-0.86rad) odom=(2.95,-4.02 yaw=-0.96rad) nav=vx:0.000 wz:0.802 cmd=vx:0.000 wz:1.000
[INFO] [1783013124.909063335] [basic_navigator]: [179.5s] dist=0.00m amcl=(0.08,-3.86 yaw=-0.77rad) odom=(2.95,-4.02 yaw=-0.86rad) nav=vx:0.000 wz:0.456 cmd=vx:0.000 wz:0.653
[INFO] [1783013125.116862579] [basic_navigator]: [179.7s] dist=0.00m amcl=(0.08,-3.86 yaw=-0.70rad) odom=(2.95,-4.02 yaw=-0.80rad) nav=vx:0.000 wz:0.000 cmd=vx:0.000 wz:0.296
[INFO] [1783013125.322559653] [basic_navigator]: [179.9s] dist=0.00m amcl=(0.08,-3.86 yaw=-0.69rad) odom=(2.95,-4.02 yaw=-0.78rad) nav=vx:0.000 wz:0.000 cmd=vx:0.000 wz:0.000
[INFO] [1783013125.530199504] [basic_navigator]: [180.1s] dist=0.00m amcl=(0.08,-3.86 yaw=-0.69rad) odom=(2.95,-4.02 yaw=-0.78rad) nav=vx:0.000 wz:0.000 cmd=vx:0.000 wz:0.000
[INFO] [1783013125.735603941] [basic_navigator]: [180.4s] dist=0.00m amcl=(0.08,-3.86 yaw=-0.69rad) odom=(2.95,-4.02 yaw=-0.78rad) nav=vx:0.000 wz:0.000 cmd=vx:0.000 wz:0.000
[INFO] [1783013125.939189233] [basic_navigator]: [180.6s] dist=0.00m amcl=(0.08,-3.86 yaw=-0.69rad) odom=(2.95,-4.02 yaw=-0.78rad) nav=vx:0.000 wz:0.000 cmd=vx:0.000 wz:0.000
[INFO] [1783013126.142538125] [basic_navigator]: [180.8s] dist=0.00m amcl=(0.08,-3.86 yaw=-0.69rad) odom=(2.95,-4.02 yaw=-0.78rad) nav=vx:0.000 wz:0.000 cmd=vx:0.000 wz:0.000
[INFO] [1783013126.346994433] [basic_navigator]: [181.0s] dist=0.00m amcl=(0.08,-3.86 yaw=-0.69rad) odom=(2.95,-4.02 yaw=-0.78rad) nav=vx:0.000 wz:0.000 cmd=vx:0.000 wz:0.000
[INFO] [1783013126.553124481] [basic_navigator]: [181.2s] dist=0.00m amcl=(0.07,-3.85 yaw=-0.68rad) odom=(2.95,-4.02 yaw=-0.78rad) nav=vx:0.000 wz:0.000 cmd=vx:0.000 wz:0.000
[INFO] [1783013126.756771102] [basic_navigator]: [181.4s] dist=0.00m amcl=(0.07,-3.85 yaw=-0.67rad) odom=(2.95,-4.02 yaw=-0.78rad) nav=vx:0.000 wz:0.000 cmd=vx:0.000 wz:0.000
[INFO] [1783013126.961807226] [basic_navigator]: [181.6s] dist=0.00m amcl=(0.07,-3.85 yaw=-0.68rad) odom=(2.95,-4.02 yaw=-0.78rad) nav=vx:0.000 wz:0.000 cmd=vx:0.000 wz:0.000
[INFO] [1783013127.165269422] [basic_navigator]: [181.8s] dist=0.00m amcl=(0.07,-3.85 yaw=-0.68rad) odom=(2.95,-4.02 yaw=-0.78rad) nav=vx:0.000 wz:0.000 cmd=vx:0.000 wz:0.000
[INFO] [1783013127.370510311] [basic_navigator]: [182.0s] dist=0.00m amcl=(0.07,-3.85 yaw=-0.68rad) odom=(2.95,-4.02 yaw=-0.78rad) nav=vx:0.000 wz:0.000 cmd=vx:0.000 wz:0.000
[INFO] [1783013127.573902704] [basic_navigator]: [182.2s] dist=0.00m amcl=(0.07,-3.85 yaw=-0.68rad) odom=(2.95,-4.02 yaw=-0.78rad) nav=vx:0.000 wz:0.000 cmd=vx:0.000 wz:0.000
[INFO] [1783013127.778347071] [basic_navigator]: [182.4s] dist=0.00m amcl=(0.07,-3.85 yaw=-0.68rad) odom=(2.95,-4.02 yaw=-0.78rad) nav=vx:0.000 wz:0.000 cmd=vx:0.000 wz:0.000
[INFO] [1783013127.983171957] [basic_navigator]: [182.6s] dist=0.00m amcl=(0.07,-3.85 yaw=-0.68rad) odom=(2.95,-4.02 yaw=-0.78rad) nav=vx:0.000 wz:0.000 cmd=vx:0.000 wz:0.000
[INFO] [1783013128.188032323] [basic_navigator]: [182.8s] dist=0.00m amcl=(0.07,-3.85 yaw=-0.68rad) odom=(2.95,-4.02 yaw=-0.78rad) nav=vx:0.000 wz:0.000 cmd=vx:0.000 wz:0.000
[INFO] [1783013128.392237171] [basic_navigator]: [183.0s] dist=0.00m amcl=(0.07,-3.85 yaw=-0.68rad) odom=(2.95,-4.02 yaw=-0.78rad) nav=vx:0.000 wz:0.000 cmd=vx:0.000 wz:0.000
[INFO] [1783013128.598448192] [basic_navigator]: [183.2s] dist=0.00m amcl=(0.07,-3.85 yaw=-0.68rad) odom=(2.95,-4.02 yaw=-0.78rad) nav=vx:0.000 wz:0.000 cmd=vx:0.000 wz:0.000
[INFO] [1783013128.801655214] [basic_navigator]: [183.4s] dist=0.00m amcl=(0.07,-3.85 yaw=-0.68rad) odom=(2.95,-4.02 yaw=-0.78rad) nav=vx:0.000 wz:0.000 cmd=vx:0.000 wz:0.000
[INFO] [1783013129.005664486] [basic_navigator]: [183.6s] dist=0.00m amcl=(0.07,-3.85 yaw=-0.68rad) odom=(2.95,-4.02 yaw=-0.78rad) nav=vx:0.000 wz:0.000 cmd=vx:0.000 wz:0.000
[INFO] [1783013129.209417686] [basic_navigator]: [183.8s] dist=0.00m amcl=(0.07,-3.85 yaw=-0.68rad) odom=(2.95,-4.02 yaw=-0.78rad) nav=vx:0.000 wz:0.000 cmd=vx:0.000 wz:0.000
[INFO] [1783013129.413197476] [basic_navigator]: [184.0s] dist=0.00m amcl=(0.07,-3.85 yaw=-0.68rad) odom=(2.95,-4.02 yaw=-0.78rad) nav=vx:0.000 wz:0.000 cmd=vx:0.000 wz:0.000
[INFO] [1783013129.618245720] [basic_navigator]: [184.2s] dist=0.00m amcl=(0.07,-3.85 yaw=-0.68rad) odom=(2.95,-4.02 yaw=-0.78rad) nav=vx:0.000 wz:0.000 cmd=vx:0.000 wz:0.000
[INFO] [1783013129.821805419] [basic_navigator]: [184.4s] dist=0.00m amcl=(0.07,-3.85 yaw=-0.68rad) odom=(2.95,-4.02 yaw=-0.78rad) nav=vx:0.000 wz:0.000 cmd=vx:0.000 wz:0.000
[INFO] [1783013130.027260926] [basic_navigator]: [184.6s] dist=0.00m amcl=(0.07,-3.85 yaw=-0.68rad) odom=(2.95,-4.02 yaw=-0.78rad) nav=vx:0.000 wz:0.000 cmd=vx:0.000 wz:0.000
[INFO] [1783013130.230015725] [basic_navigator]: [184.8s] dist=0.00m amcl=(0.07,-3.85 yaw=-0.68rad) odom=(2.95,-4.02 yaw=-0.78rad) nav=vx:0.000 wz:0.000 cmd=vx:0.000 wz:0.000
[INFO] [1783013130.433530082] [basic_navigator]: [185.1s] dist=0.00m amcl=(0.07,-3.85 yaw=-0.68rad) odom=(2.95,-4.02 yaw=-0.78rad) nav=vx:0.000 wz:0.000 cmd=vx:0.000 wz:0.000
[INFO] [1783013130.638282279] [basic_navigator]: [185.3s] dist=0.00m amcl=(0.07,-3.85 yaw=-0.68rad) odom=(2.95,-4.02 yaw=-0.78rad) nav=vx:0.000 wz:0.000 cmd=vx:0.000 wz:0.000
[INFO] [1783013130.845390601] [basic_navigator]: [185.5s] dist=0.00m amcl=(0.07,-3.85 yaw=-0.68rad) odom=(2.95,-4.02 yaw=-0.78rad) nav=vx:0.000 wz:0.000 cmd=vx:0.000 wz:0.000
[INFO] [1783013131.050168148] [basic_navigator]: [185.7s] dist=0.00m amcl=(0.07,-3.85 yaw=-0.68rad) odom=(2.95,-4.02 yaw=-0.78rad) nav=vx:0.000 wz:0.000 cmd=vx:0.000 wz:0.000
[INFO] [1783013131.257043758] [basic_navigator]: [185.9s] dist=0.00m amcl=(0.07,-3.85 yaw=-0.68rad) odom=(2.95,-4.02 yaw=-0.78rad) nav=vx:0.000 wz:0.000 cmd=vx:0.000 wz:0.000
[INFO] [1783013131.460694234] [basic_navigator]: [186.1s] dist=0.00m amcl=(0.07,-3.85 yaw=-0.68rad) odom=(2.95,-4.02 yaw=-0.78rad) nav=vx:0.000 wz:0.000 cmd=vx:0.000 wz:0.000
[INFO] [1783013131.667359810] [basic_navigator]: [186.3s] dist=0.00m amcl=(0.07,-3.85 yaw=-0.68rad) odom=(2.95,-4.02 yaw=-0.78rad) nav=vx:0.000 wz:0.000 cmd=vx:0.000 wz:0.000
[INFO] [1783013131.871573933] [basic_navigator]: [186.5s] dist=0.00m amcl=(0.07,-3.85 yaw=-0.68rad) odom=(2.95,-4.02 yaw=-0.78rad) nav=vx:0.000 wz:0.000 cmd=vx:0.000 wz:0.000
[INFO] [1783013132.076107096] [basic_navigator]: [186.7s] dist=0.00m amcl=(0.07,-3.85 yaw=-0.68rad) odom=(2.95,-4.02 yaw=-0.78rad) nav=vx:0.000 wz:0.000 cmd=vx:0.000 wz:0.000
[INFO] [1783013132.281655610] [basic_navigator]: [186.9s] dist=0.00m amcl=(0.07,-3.85 yaw=-0.68rad) odom=(2.95,-4.02 yaw=-0.78rad) nav=vx:0.000 wz:0.000 cmd=vx:0.000 wz:0.000
[INFO] [1783013132.489597210] [basic_navigator]: [187.1s] dist=0.00m amcl=(0.07,-3.85 yaw=-0.68rad) odom=(2.95,-4.02 yaw=-0.78rad) nav=vx:0.000 wz:0.000 cmd=vx:0.000 wz:0.000
[INFO] [1783013132.693567845] [basic_navigator]: [187.3s] dist=0.00m amcl=(0.07,-3.85 yaw=-0.68rad) odom=(2.95,-4.02 yaw=-0.78rad) nav=vx:0.000 wz:0.000 cmd=vx:0.000 wz:0.000
[INFO] [1783013132.897648503] [basic_navigator]: [187.5s] dist=0.00m amcl=(0.07,-3.85 yaw=-0.68rad) odom=(2.95,-4.02 yaw=-0.78rad) nav=vx:0.000 wz:0.000 cmd=vx:0.000 wz:0.000
[INFO] [1783013133.101280530] [basic_navigator]: [187.7s] dist=0.00m amcl=(0.07,-3.85 yaw=-0.68rad) odom=(2.95,-4.02 yaw=-0.78rad) nav=vx:0.000 wz:0.000 cmd=vx:0.000 wz:0.000
[INFO] [1783013133.305629635] [basic_navigator]: [187.9s] dist=0.00m amcl=(0.07,-3.85 yaw=-0.68rad) odom=(2.95,-4.02 yaw=-0.78rad) nav=vx:0.000 wz:0.000 cmd=vx:0.000 wz:0.000
[INFO] [1783013133.508657359] [basic_navigator]: [188.1s] dist=0.00m amcl=(0.07,-3.85 yaw=-0.68rad) odom=(2.95,-4.02 yaw=-0.78rad) nav=vx:0.000 wz:0.000 cmd=vx:0.000 wz:0.000
[INFO] [1783013133.713244416] [basic_navigator]: [188.3s] dist=0.00m amcl=(0.07,-3.85 yaw=-0.68rad) odom=(2.95,-4.02 yaw=-0.78rad) nav=vx:0.000 wz:0.000 cmd=vx:0.000 wz:0.000
[INFO] [1783013133.916464304] [basic_navigator]: [188.5s] dist=0.00m amcl=(0.07,-3.85 yaw=-0.68rad) odom=(2.95,-4.02 yaw=-0.78rad) nav=vx:0.000 wz:0.000 cmd=vx:0.000 wz:0.000
[INFO] [1783013134.124389539] [basic_navigator]: [188.7s] dist=0.00m amcl=(0.07,-3.85 yaw=-0.68rad) odom=(2.95,-4.02 yaw=-0.78rad) nav=vx:0.000 wz:0.000 cmd=vx:0.000 wz:0.000
[INFO] [1783013134.328871431] [basic_navigator]: [188.9s] dist=0.00m amcl=(0.07,-3.85 yaw=-0.68rad) odom=(2.95,-4.02 yaw=-0.78rad) nav=vx:0.000 wz:0.000 cmd=vx:0.000 wz:0.000
[INFO] [1783013134.531511365] [basic_navigator]: [189.1s] dist=0.00m amcl=(0.07,-3.85 yaw=-0.68rad) odom=(2.95,-4.02 yaw=-0.78rad) nav=vx:0.000 wz:0.000 cmd=vx:0.000 wz:0.000
[INFO] [1783013134.734815055] [basic_navigator]: [189.4s] dist=0.00m amcl=(0.07,-3.85 yaw=-0.68rad) odom=(2.95,-4.02 yaw=-0.78rad) nav=vx:0.000 wz:0.000 cmd=vx:0.000 wz:0.000
[INFO] [1783013134.938459772] [basic_navigator]: [189.6s] dist=0.00m amcl=(0.07,-3.85 yaw=-0.68rad) odom=(2.95,-4.02 yaw=-0.78rad) nav=vx:0.000 wz:0.000 cmd=vx:0.000 wz:0.000
[INFO] [1783013135.142090810] [basic_navigator]: [189.8s] dist=0.00m amcl=(0.07,-3.85 yaw=-0.68rad) odom=(2.95,-4.02 yaw=-0.78rad) nav=vx:0.000 wz:0.000 cmd=vx:0.000 wz:0.000
[INFO] [1783013135.355657065] [basic_navigator]: [190.0s] dist=0.00m amcl=(0.07,-3.85 yaw=-0.68rad) odom=(2.95,-4.02 yaw=-0.78rad) nav=vx:0.000 wz:0.000 cmd=vx:0.000 wz:0.000
[INFO] [1783013135.558642286] [basic_navigator]: [190.2s] dist=0.00m amcl=(0.07,-3.85 yaw=-0.68rad) odom=(2.95,-4.02 yaw=-0.78rad) nav=vx:0.000 wz:0.000 cmd=vx:0.000 wz:0.000
[INFO] [1783013135.763250600] [basic_navigator]: [190.4s] dist=0.00m amcl=(0.07,-3.85 yaw=-0.68rad) odom=(2.95,-4.02 yaw=-0.78rad) nav=vx:0.000 wz:0.000 cmd=vx:0.000 wz:0.000
[INFO] [1783013135.969685960] [basic_navigator]: [190.6s] dist=0.00m amcl=(0.07,-3.85 yaw=-0.68rad) odom=(2.95,-4.02 yaw=-0.78rad) nav=vx:0.000 wz:0.000 cmd=vx:0.000 wz:0.000
[INFO] [1783013136.177800161] [basic_navigator]: [190.8s] dist=0.00m amcl=(0.07,-3.85 yaw=-0.68rad) odom=(2.95,-4.02 yaw=-0.78rad) nav=vx:0.000 wz:0.000 cmd=vx:0.000 wz:0.000
[INFO] [1783013136.380710694] [basic_navigator]: [191.0s] dist=0.00m amcl=(0.07,-3.85 yaw=-0.68rad) odom=(2.95,-4.02 yaw=-0.78rad) nav=vx:0.000 wz:0.000 cmd=vx:0.000 wz:0.000
[INFO] [1783013136.586178471] [basic_navigator]: [191.2s] dist=0.00m amcl=(0.07,-3.85 yaw=-0.68rad) odom=(2.95,-4.02 yaw=-0.78rad) nav=vx:0.000 wz:0.000 cmd=vx:0.000 wz:0.000
[INFO] [1783013136.791529529] [basic_navigator]: [191.4s] dist=0.00m amcl=(0.07,-3.85 yaw=-0.68rad) odom=(2.95,-4.02 yaw=-0.78rad) nav=vx:0.000 wz:0.000 cmd=vx:0.000 wz:0.000
[INFO] [1783013136.996313018] [basic_navigator]: [191.6s] dist=0.00m amcl=(0.07,-3.85 yaw=-0.68rad) odom=(2.95,-4.02 yaw=-0.78rad) nav=vx:0.000 wz:0.000 cmd=vx:0.000 wz:0.000
[INFO] [1783013137.205083435] [basic_navigator]: [191.8s] dist=0.00m amcl=(0.07,-3.85 yaw=-0.68rad) odom=(2.95,-4.02 yaw=-0.78rad) nav=vx:0.000 wz:0.000 cmd=vx:0.000 wz:0.000
[INFO] [1783013137.410056300] [basic_navigator]: [192.0s] dist=0.00m amcl=(0.07,-3.85 yaw=-0.68rad) odom=(2.95,-4.02 yaw=-0.78rad) nav=vx:0.000 wz:0.000 cmd=vx:0.000 wz:0.000
[INFO] [1783013137.614211435] [basic_navigator]: [192.2s] dist=0.00m amcl=(0.07,-3.85 yaw=-0.68rad) odom=(2.95,-4.02 yaw=-0.78rad) nav=vx:0.000 wz:0.000 cmd=vx:0.000 wz:0.000
[INFO] [1783013137.819294389] [basic_navigator]: [192.4s] dist=0.00m amcl=(0.07,-3.85 yaw=-0.68rad) odom=(2.95,-4.02 yaw=-0.78rad) nav=vx:0.000 wz:0.000 cmd=vx:0.000 wz:0.000
[INFO] [1783013138.030682656] [basic_navigator]: [192.6s] dist=0.00m amcl=(0.07,-3.85 yaw=-0.68rad) odom=(2.95,-4.02 yaw=-0.78rad) nav=vx:0.000 wz:0.000 cmd=vx:0.000 wz:0.000
[INFO] [1783013138.234106883] [basic_navigator]: [192.9s] dist=0.00m amcl=(0.07,-3.85 yaw=-0.68rad) odom=(2.95,-4.02 yaw=-0.78rad) nav=vx:0.000 wz:0.000 cmd=vx:0.000 wz:0.000
[INFO] [1783013138.437534723] [basic_navigator]: [193.1s] dist=0.00m amcl=(0.07,-3.85 yaw=-0.68rad) odom=(2.95,-4.02 yaw=-0.78rad) nav=vx:0.000 wz:0.000 cmd=vx:0.000 wz:0.000
[INFO] [1783013138.643144792] [basic_navigator]: [193.3s] dist=0.00m amcl=(0.07,-3.85 yaw=-0.68rad) odom=(2.95,-4.02 yaw=-0.78rad) nav=vx:0.000 wz:0.000 cmd=vx:0.000 wz:0.000
[INFO] [1783013138.846598297] [basic_navigator]: [193.5s] dist=0.00m amcl=(0.07,-3.85 yaw=-0.68rad) odom=(2.95,-4.02 yaw=-0.78rad) nav=vx:0.000 wz:0.000 cmd=vx:0.000 wz:0.000
[INFO] [1783013139.049878944] [basic_navigator]: [193.7s] dist=0.00m amcl=(0.07,-3.85 yaw=-0.68rad) odom=(2.95,-4.02 yaw=-0.78rad) nav=vx:0.000 wz:0.000 cmd=vx:0.000 wz:0.000
[INFO] [1783013139.256028817] [basic_navigator]: [193.9s] dist=0.00m amcl=(0.07,-3.85 yaw=-0.68rad) odom=(2.95,-4.02 yaw=-0.78rad) nav=vx:-0.150 wz:0.000 cmd=vx:-0.125 wz:0.000
[INFO] [1783013139.459560981] [basic_navigator]: [194.1s] dist=0.00m amcl=(0.06,-3.84 yaw=-0.68rad) odom=(2.94,-4.01 yaw=-0.78rad) nav=vx:-0.150 wz:0.000 cmd=vx:-0.150 wz:0.000
[INFO] [1783013139.664766121] [basic_navigator]: [194.3s] dist=0.00m amcl=(0.05,-3.83 yaw=-0.68rad) odom=(2.92,-4.00 yaw=-0.78rad) nav=vx:-0.150 wz:0.000 cmd=vx:-0.150 wz:0.000
[INFO] [1783013139.868808534] [basic_navigator]: [194.5s] dist=0.00m amcl=(0.03,-3.82 yaw=-0.68rad) odom=(2.91,-3.99 yaw=-0.78rad) nav=vx:-0.150 wz:0.000 cmd=vx:-0.150 wz:0.000
[INFO] [1783013140.071798312] [basic_navigator]: [194.7s] dist=0.00m amcl=(0.02,-3.81 yaw=-0.68rad) odom=(2.90,-3.97 yaw=-0.78rad) nav=vx:-0.150 wz:0.000 cmd=vx:-0.150 wz:0.000
[INFO] [1783013140.276039618] [basic_navigator]: [194.9s] dist=0.00m amcl=(0.01,-3.80 yaw=-0.68rad) odom=(2.89,-3.96 yaw=-0.78rad) nav=vx:-0.150 wz:0.000 cmd=vx:-0.150 wz:0.000
[INFO] [1783013140.484634952] [basic_navigator]: [195.1s] dist=0.00m amcl=(-0.01,-3.79 yaw=-0.68rad) odom=(2.88,-3.95 yaw=-0.78rad) nav=vx:-0.150 wz:0.000 cmd=vx:-0.150 wz:0.000
[INFO] [1783013140.689176846] [basic_navigator]: [195.3s] dist=0.00m amcl=(-0.02,-3.78 yaw=-0.68rad) odom=(2.87,-3.94 yaw=-0.78rad) nav=vx:-0.150 wz:0.000 cmd=vx:-0.150 wz:0.000
[INFO] [1783013140.898310061] [basic_navigator]: [195.5s] dist=0.00m amcl=(-0.03,-3.77 yaw=-0.68rad) odom=(2.86,-3.93 yaw=-0.78rad) nav=vx:-0.150 wz:0.000 cmd=vx:-0.150 wz:0.000
[INFO] [1783013141.102173976] [basic_navigator]: [195.7s] dist=0.00m amcl=(-0.04,-3.76 yaw=-0.68rad) odom=(2.85,-3.92 yaw=-0.78rad) nav=vx:-0.150 wz:0.000 cmd=vx:-0.150 wz:0.000
[INFO] [1783013141.306013765] [basic_navigator]: [195.9s] dist=0.00m amcl=(-0.05,-3.75 yaw=-0.68rad) odom=(2.83,-3.91 yaw=-0.78rad) nav=vx:-0.150 wz:0.000 cmd=vx:-0.150 wz:0.000
[INFO] [1783013141.515383229] [basic_navigator]: [196.1s] dist=0.00m amcl=(-0.07,-3.74 yaw=-0.68rad) odom=(2.82,-3.90 yaw=-0.78rad) nav=vx:-0.150 wz:0.000 cmd=vx:-0.150 wz:0.000
[INFO] [1783013141.718705329] [basic_navigator]: [196.3s] dist=0.00m amcl=(-0.08,-3.73 yaw=-0.68rad) odom=(2.81,-3.88 yaw=-0.78rad) nav=vx:-0.150 wz:0.000 cmd=vx:-0.150 wz:0.000
[INFO] [1783013141.921381352] [basic_navigator]: [196.5s] dist=0.00m amcl=(-0.09,-3.72 yaw=-0.68rad) odom=(2.80,-3.87 yaw=-0.78rad) nav=vx:-0.150 wz:0.000 cmd=vx:-0.150 wz:0.000
[INFO] [1783013142.125220437] [basic_navigator]: [196.7s] dist=0.00m amcl=(-0.10,-3.71 yaw=-0.68rad) odom=(2.79,-3.86 yaw=-0.78rad) nav=vx:-0.150 wz:0.000 cmd=vx:-0.150 wz:0.000
[INFO] [1783013142.330058967] [basic_navigator]: [196.9s] dist=0.00m amcl=(-0.11,-3.70 yaw=-0.68rad) odom=(2.78,-3.85 yaw=-0.78rad) nav=vx:-0.150 wz:0.000 cmd=vx:-0.150 wz:0.000
[INFO] [1783013142.533288347] [basic_navigator]: [197.2s] dist=0.00m amcl=(-0.12,-3.69 yaw=-0.68rad) odom=(2.77,-3.84 yaw=-0.78rad) nav=vx:-0.150 wz:0.000 cmd=vx:-0.150 wz:0.000
[INFO] [1783013142.738512099] [basic_navigator]: [197.4s] dist=0.00m amcl=(-0.14,-3.68 yaw=-0.68rad) odom=(2.76,-3.83 yaw=-0.78rad) nav=vx:-0.150 wz:0.000 cmd=vx:-0.150 wz:0.000
[INFO] [1783013142.950138668] [basic_navigator]: [197.6s] dist=0.00m amcl=(-0.15,-3.67 yaw=-0.68rad) odom=(2.75,-3.82 yaw=-0.78rad) nav=vx:-0.150 wz:0.000 cmd=vx:-0.150 wz:0.000
[INFO] [1783013143.153830250] [basic_navigator]: [197.8s] dist=0.00m amcl=(-0.16,-3.65 yaw=-0.68rad) odom=(2.73,-3.81 yaw=-0.78rad) nav=vx:-0.150 wz:0.000 cmd=vx:-0.150 wz:0.000
[INFO] [1783013143.358315696] [basic_navigator]: [198.0s] dist=4.87m amcl=(-0.17,-3.65 yaw=-0.68rad) odom=(2.72,-3.80 yaw=-0.78rad) nav=vx:0.288 wz:-0.416 cmd=vx:0.095 wz:0.023
[INFO] [1783013143.566222913] [basic_navigator]: [198.2s] dist=4.87m amcl=(-0.16,-3.66 yaw=-0.69rad) odom=(2.74,-3.81 yaw=-0.80rad) nav=vx:0.500 wz:-0.426 cmd=vx:0.413 wz:-0.416
[INFO] [1783013143.769618639] [basic_navigator]: [198.4s] dist=4.87m amcl=(-0.11,-3.70 yaw=-0.74rad) odom=(2.78,-3.86 yaw=-0.85rad) nav=vx:0.500 wz:-0.269 cmd=vx:0.500 wz:-0.298
[INFO] [1783013143.973958141] [basic_navigator]: [198.6s] dist=4.87m amcl=(-0.07,-3.73 yaw=-0.77rad) odom=(2.81,-3.90 yaw=-0.88rad) nav=vx:0.000 wz:1.900 cmd=vx:0.498 wz:-0.224
[INFO] [1783013144.177288583] [basic_navigator]: [198.8s] dist=4.87m amcl=(-0.05,-3.76 yaw=-0.78rad) odom=(2.85,-3.94 yaw=-0.89rad) nav=vx:0.498 wz:-0.285 cmd=vx:0.498 wz:-0.224
[INFO] [1783013144.385199653] [basic_navigator]: [199.0s] dist=4.91m amcl=(-0.00,-3.81 yaw=-0.81rad) odom=(2.88,-3.98 yaw=-0.92rad) nav=vx:0.498 wz:-0.245 cmd=vx:0.489 wz:-0.273
[INFO] [1783013144.591526912] [basic_navigator]: [199.2s] dist=4.91m amcl=(0.03,-3.84 yaw=-0.84rad) odom=(2.91,-4.02 yaw=-0.95rad) nav=vx:0.000 wz:1.900 cmd=vx:0.499 wz:-0.308
[INFO] [1783013144.795358404] [basic_navigator]: [199.4s] dist=4.91m amcl=(0.06,-3.88 yaw=-0.86rad) odom=(2.93,-4.05 yaw=-0.97rad) nav=vx:0.500 wz:-0.330 cmd=vx:0.499 wz:-0.308
[INFO] [1783013145.001098065] [basic_navigator]: [199.6s] dist=4.91m amcl=(0.10,-3.93 yaw=-0.90rad) odom=(2.97,-4.11 yaw=-1.01rad) nav=vx:0.000 wz:1.900 cmd=vx:0.375 wz:-0.187
[INFO] [1783013145.205763698] [basic_navigator]: [199.8s] dist=4.91m amcl=(0.12,-3.96 yaw=-0.92rad) odom=(2.99,-4.14 yaw=-1.02rad) nav=vx:0.500 wz:-0.594 cmd=vx:0.500 wz:-0.507
[INFO] [1783013145.410193568] [basic_navigator]: [200.0s] dist=0.00m amcl=(0.15,-4.00 yaw=-0.97rad) odom=(3.02,-4.20 yaw=-1.10rad) nav=vx:0.500 wz:-0.511 cmd=vx:0.500 wz:-0.649
[INFO] [1783013145.616454517] [basic_navigator]: [200.2s] dist=0.00m amcl=(0.18,-4.04 yaw=-1.03rad) odom=(3.04,-4.24 yaw=-1.15rad) nav=vx:0.000 wz:0.000 cmd=vx:0.500 wz:-0.492
[INFO] [1783013145.820355577] [basic_navigator]: [200.4s] dist=0.00m amcl=(0.20,-4.07 yaw=-1.06rad) odom=(3.05,-4.26 yaw=-1.16rad) nav=vx:0.129 wz:-0.285 cmd=vx:0.000 wz:0.000
[INFO] [1783013146.024420004] [basic_navigator]: [200.6s] dist=0.00m amcl=(0.20,-4.07 yaw=-1.06rad) odom=(3.05,-4.26 yaw=-1.17rad) nav=vx:0.000 wz:0.000 cmd=vx:0.230 wz:-0.303
[INFO] [1783013146.234170978] [basic_navigator]: [200.9s] dist=0.00m amcl=(0.21,-4.08 yaw=-1.07rad) odom=(3.06,-4.27 yaw=-1.18rad) nav=vx:0.000 wz:0.000 cmd=vx:0.000 wz:0.000
[INFO] [1783013146.447227718] [basic_navigator]: [201.1s] dist=0.00m amcl=(0.21,-4.08 yaw=-1.08rad) odom=(3.06,-4.27 yaw=-1.18rad) nav=vx:0.000 wz:0.000 cmd=vx:0.000 wz:0.000
[INFO] [1783013146.649719496] [basic_navigator]: [201.3s] dist=0.00m amcl=(0.21,-4.08 yaw=-1.08rad) odom=(3.06,-4.27 yaw=-1.18rad) nav=vx:0.000 wz:0.000 cmd=vx:0.000 wz:0.000
[INFO] [1783013146.853593586] [basic_navigator]: [201.5s] dist=0.00m amcl=(0.21,-4.08 yaw=-1.07rad) odom=(3.06,-4.27 yaw=-1.18rad) nav=vx:0.000 wz:0.000 cmd=vx:0.000 wz:0.000
[INFO] [1783013147.057195754] [basic_navigator]: [201.7s] dist=0.00m amcl=(0.21,-4.08 yaw=-1.07rad) odom=(3.06,-4.27 yaw=-1.18rad) nav=vx:0.000 wz:0.000 cmd=vx:0.000 wz:0.000
[INFO] [1783013147.260243092] [basic_navigator]: [201.9s] dist=0.00m amcl=(0.21,-4.08 yaw=-1.07rad) odom=(3.06,-4.27 yaw=-1.18rad) nav=vx:0.000 wz:0.000 cmd=vx:0.000 wz:0.000
[INFO] [1783013147.466369892] [basic_navigator]: [202.1s] dist=0.00m amcl=(0.21,-4.08 yaw=-1.07rad) odom=(3.06,-4.27 yaw=-1.18rad) nav=vx:0.000 wz:0.000 cmd=vx:0.000 wz:0.000
[INFO] [1783013147.670842499] [basic_navigator]: [202.3s] dist=0.00m amcl=(0.21,-4.08 yaw=-1.07rad) odom=(3.06,-4.27 yaw=-1.18rad) nav=vx:0.000 wz:0.000 cmd=vx:0.000 wz:0.000
[INFO] [1783013147.882718372] [basic_navigator]: [202.5s] dist=0.00m amcl=(0.21,-4.07 yaw=-1.07rad) odom=(3.06,-4.27 yaw=-1.18rad) nav=vx:0.000 wz:0.000 cmd=vx:0.000 wz:0.000
[INFO] [1783013148.086847125] [basic_navigator]: [202.7s] dist=0.00m amcl=(0.21,-4.07 yaw=-1.07rad) odom=(3.06,-4.27 yaw=-1.18rad) nav=vx:0.000 wz:0.000 cmd=vx:0.000 wz:0.000
[INFO] [1783013148.291993527] [basic_navigator]: [202.9s] dist=0.00m amcl=(0.21,-4.07 yaw=-1.07rad) odom=(3.06,-4.27 yaw=-1.18rad) nav=vx:0.000 wz:0.000 cmd=vx:0.000 wz:0.000
[INFO] [1783013148.500363382] [basic_navigator]: [203.1s] dist=0.00m amcl=(0.21,-4.07 yaw=-1.07rad) odom=(3.06,-4.27 yaw=-1.18rad) nav=vx:0.000 wz:0.000 cmd=vx:0.000 wz:0.000
[INFO] [1783013148.702680464] [basic_navigator]: [203.3s] dist=0.00m amcl=(0.21,-4.07 yaw=-1.07rad) odom=(3.06,-4.27 yaw=-1.18rad) nav=vx:0.000 wz:0.000 cmd=vx:0.000 wz:0.000
[INFO] [1783013148.906738912] [basic_navigator]: [203.5s] dist=0.00m amcl=(0.21,-4.07 yaw=-1.07rad) odom=(3.06,-4.27 yaw=-1.18rad) nav=vx:0.000 wz:0.000 cmd=vx:0.000 wz:0.000
[INFO] [1783013149.111942868] [basic_navigator]: [203.7s] dist=0.00m amcl=(0.21,-4.07 yaw=-1.07rad) odom=(3.06,-4.27 yaw=-1.18rad) nav=vx:0.000 wz:0.000 cmd=vx:0.000 wz:0.000
[INFO] [1783013149.320219467] [basic_navigator]: [203.9s] dist=0.00m amcl=(0.21,-4.07 yaw=-1.07rad) odom=(3.06,-4.27 yaw=-1.18rad) nav=vx:0.000 wz:0.000 cmd=vx:0.000 wz:0.000
[INFO] [1783013149.522806536] [basic_navigator]: [204.1s] dist=0.00m amcl=(0.21,-4.07 yaw=-1.07rad) odom=(3.06,-4.27 yaw=-1.18rad) nav=vx:0.000 wz:0.000 cmd=vx:0.000 wz:0.000
[INFO] [1783013149.727027665] [basic_navigator]: [204.3s] dist=0.00m amcl=(0.21,-4.07 yaw=-1.07rad) odom=(3.06,-4.27 yaw=-1.18rad) nav=vx:0.000 wz:0.000 cmd=vx:0.000 wz:0.000
[INFO] [1783013149.932084112] [basic_navigator]: [204.6s] dist=0.00m amcl=(0.21,-4.07 yaw=-1.07rad) odom=(3.06,-4.27 yaw=-1.18rad) nav=vx:0.000 wz:0.000 cmd=vx:0.000 wz:0.000
[INFO] [1783013150.135655636] [basic_navigator]: [204.8s] dist=0.00m amcl=(0.21,-4.07 yaw=-1.07rad) odom=(3.06,-4.27 yaw=-1.18rad) nav=vx:0.000 wz:0.000 cmd=vx:0.000 wz:0.000
[INFO] [1783013150.342602123] [basic_navigator]: [205.0s] dist=0.00m amcl=(0.21,-4.07 yaw=-1.07rad) odom=(3.06,-4.27 yaw=-1.18rad) nav=vx:0.000 wz:0.000 cmd=vx:0.000 wz:0.000
[INFO] [1783013150.545913654] [basic_navigator]: [205.2s] dist=0.00m amcl=(0.21,-4.07 yaw=-1.07rad) odom=(3.06,-4.27 yaw=-1.18rad) nav=vx:0.000 wz:0.000 cmd=vx:0.000 wz:0.000
[INFO] [1783013150.749339305] [basic_navigator]: [205.4s] dist=0.00m amcl=(0.21,-4.07 yaw=-1.07rad) odom=(3.06,-4.27 yaw=-1.18rad) nav=vx:0.000 wz:0.000 cmd=vx:0.000 wz:0.000
[INFO] [1783013150.952995428] [basic_navigator]: [205.6s] dist=0.00m amcl=(0.21,-4.07 yaw=-1.07rad) odom=(3.06,-4.27 yaw=-1.18rad) nav=vx:0.000 wz:0.000 cmd=vx:0.000 wz:0.000
[INFO] [1783013151.162383162] [basic_navigator]: [205.8s] dist=0.00m amcl=(0.21,-4.07 yaw=-1.07rad) odom=(3.06,-4.27 yaw=-1.18rad) nav=vx:0.000 wz:0.000 cmd=vx:0.000 wz:0.000
[INFO] [1783013151.365482638] [basic_navigator]: [206.0s] dist=0.00m amcl=(0.21,-4.07 yaw=-1.07rad) odom=(3.06,-4.27 yaw=-1.18rad) nav=vx:0.000 wz:0.000 cmd=vx:0.000 wz:0.000
[INFO] [1783013151.571098591] [basic_navigator]: [206.2s] dist=0.00m amcl=(0.21,-4.07 yaw=-1.07rad) odom=(3.06,-4.27 yaw=-1.18rad) nav=vx:0.000 wz:0.000 cmd=vx:0.000 wz:0.000
[INFO] [1783013151.773084465] [basic_navigator]: [206.4s] dist=0.00m amcl=(0.21,-4.07 yaw=-1.07rad) odom=(3.06,-4.27 yaw=-1.18rad) nav=vx:0.000 wz:0.000 cmd=vx:0.000 wz:0.000
[INFO] [1783013151.978960673] [basic_navigator]: [206.6s] dist=0.00m amcl=(0.21,-4.07 yaw=-1.07rad) odom=(3.06,-4.27 yaw=-1.18rad) nav=vx:0.000 wz:0.000 cmd=vx:0.000 wz:0.000
[INFO] [1783013152.182193307] [basic_navigator]: [206.8s] dist=0.00m amcl=(0.21,-4.07 yaw=-1.07rad) odom=(3.06,-4.27 yaw=-1.18rad) nav=vx:0.000 wz:1.000 cmd=vx:0.000 wz:0.000
[INFO] [1783013152.388021607] [basic_navigator]: [207.0s] dist=0.00m amcl=(0.21,-4.07 yaw=-1.06rad) odom=(3.06,-4.27 yaw=-1.17rad) nav=vx:0.000 wz:0.000 cmd=vx:0.000 wz:0.480
[INFO] [1783013152.592063164] [basic_navigator]: [207.2s] dist=0.00m amcl=(0.21,-4.07 yaw=-0.99rad) odom=(3.06,-4.27 yaw=-1.11rad) nav=vx:0.000 wz:0.000 cmd=vx:0.000 wz:0.160
[INFO] [1783013152.796516301] [basic_navigator]: [207.4s] dist=0.00m amcl=(0.21,-4.07 yaw=-0.99rad) odom=(3.06,-4.27 yaw=-1.10rad) nav=vx:0.000 wz:0.000 cmd=vx:0.000 wz:0.000
[INFO] [1783013152.998832370] [basic_navigator]: [207.6s] dist=0.00m amcl=(0.21,-4.07 yaw=-0.99rad) odom=(3.06,-4.27 yaw=-1.10rad) nav=vx:0.000 wz:0.000 cmd=vx:0.000 wz:0.000
[INFO] [1783013153.202405203] [basic_navigator]: [207.8s] dist=0.00m amcl=(0.21,-4.07 yaw=-0.99rad) odom=(3.06,-4.27 yaw=-1.10rad) nav=vx:0.000 wz:0.000 cmd=vx:0.000 wz:0.000
[INFO] [1783013153.405625084] [basic_navigator]: [208.0s] dist=0.00m amcl=(0.21,-4.07 yaw=-0.99rad) odom=(3.06,-4.27 yaw=-1.10rad) nav=vx:0.000 wz:0.000 cmd=vx:0.000 wz:0.000
[INFO] [1783013153.612656080] [basic_navigator]: [208.2s] dist=0.00m amcl=(0.21,-4.07 yaw=-0.99rad) odom=(3.06,-4.27 yaw=-1.10rad) nav=vx:0.000 wz:0.000 cmd=vx:0.000 wz:0.000
[INFO] [1783013153.815536224] [basic_navigator]: [208.4s] dist=0.00m amcl=(0.21,-4.07 yaw=-0.99rad) odom=(3.06,-4.27 yaw=-1.10rad) nav=vx:0.000 wz:0.000 cmd=vx:0.000 wz:0.000
[INFO] [1783013154.020497638] [basic_navigator]: [208.6s] dist=0.00m amcl=(0.21,-4.07 yaw=-0.99rad) odom=(3.06,-4.27 yaw=-1.10rad) nav=vx:0.000 wz:0.000 cmd=vx:0.000 wz:0.000
[INFO] [1783013154.222682717] [basic_navigator]: [208.8s] dist=0.00m amcl=(0.21,-4.07 yaw=-0.99rad) odom=(3.06,-4.27 yaw=-1.10rad) nav=vx:0.000 wz:0.000 cmd=vx:0.000 wz:0.000
[INFO] [1783013154.426040543] [basic_navigator]: [209.0s] dist=0.00m amcl=(0.21,-4.07 yaw=-0.99rad) odom=(3.06,-4.27 yaw=-1.10rad) nav=vx:0.000 wz:0.000 cmd=vx:0.000 wz:0.000
[INFO] [1783013154.629830967] [basic_navigator]: [209.2s] dist=0.00m amcl=(0.21,-4.07 yaw=-0.99rad) odom=(3.06,-4.27 yaw=-1.10rad) nav=vx:0.000 wz:0.000 cmd=vx:0.000 wz:0.000
[INFO] [1783013154.844469430] [basic_navigator]: [209.5s] dist=0.00m amcl=(0.21,-4.07 yaw=-0.99rad) odom=(3.06,-4.27 yaw=-1.10rad) nav=vx:0.000 wz:0.000 cmd=vx:0.000 wz:0.000
[INFO] [1783013155.048361009] [basic_navigator]: [209.7s] dist=0.00m amcl=(0.21,-4.07 yaw=-0.99rad) odom=(3.06,-4.27 yaw=-1.10rad) nav=vx:0.000 wz:0.000 cmd=vx:0.000 wz:0.000
[INFO] [1783013155.252981335] [basic_navigator]: [209.9s] dist=0.00m amcl=(0.21,-4.07 yaw=-0.99rad) odom=(3.06,-4.27 yaw=-1.10rad) nav=vx:0.000 wz:0.000 cmd=vx:0.000 wz:0.000
[INFO] [1783013155.462940334] [basic_navigator]: [210.1s] dist=0.00m amcl=(0.21,-4.07 yaw=-0.99rad) odom=(3.06,-4.27 yaw=-1.10rad) nav=vx:0.000 wz:0.000 cmd=vx:0.000 wz:0.000
[INFO] [1783013155.669031347] [basic_navigator]: [210.3s] dist=0.00m amcl=(0.21,-4.07 yaw=-0.99rad) odom=(3.06,-4.27 yaw=-1.10rad) nav=vx:0.000 wz:0.000 cmd=vx:0.000 wz:0.000
[INFO] [1783013155.872621997] [basic_navigator]: [210.5s] dist=0.00m amcl=(0.21,-4.07 yaw=-0.99rad) odom=(3.06,-4.27 yaw=-1.10rad) nav=vx:0.000 wz:0.000 cmd=vx:0.000 wz:0.000
[INFO] [1783013156.079567621] [basic_navigator]: [210.7s] dist=0.00m amcl=(0.21,-4.07 yaw=-0.99rad) odom=(3.06,-4.27 yaw=-1.10rad) nav=vx:0.000 wz:0.000 cmd=vx:0.000 wz:0.000
[INFO] [1783013156.285607433] [basic_navigator]: [210.9s] dist=0.00m amcl=(0.21,-4.07 yaw=-0.99rad) odom=(3.06,-4.27 yaw=-1.10rad) nav=vx:0.000 wz:0.000 cmd=vx:0.000 wz:0.000
[INFO] [1783013156.488935669] [basic_navigator]: [211.1s] dist=0.00m amcl=(0.21,-4.07 yaw=-0.99rad) odom=(3.06,-4.27 yaw=-1.10rad) nav=vx:0.000 wz:0.000 cmd=vx:0.000 wz:0.000
[INFO] [1783013156.693043926] [basic_navigator]: [211.3s] dist=0.00m amcl=(0.21,-4.07 yaw=-0.99rad) odom=(3.06,-4.27 yaw=-1.10rad) nav=vx:0.000 wz:0.000 cmd=vx:0.000 wz:0.000
[INFO] [1783013156.895218896] [basic_navigator]: [211.5s] dist=0.00m amcl=(0.21,-4.07 yaw=-0.99rad) odom=(3.06,-4.27 yaw=-1.10rad) nav=vx:0.000 wz:0.000 cmd=vx:0.000 wz:0.000
[INFO] [1783013157.101057635] [basic_navigator]: [211.7s] dist=0.00m amcl=(0.21,-4.07 yaw=-0.99rad) odom=(3.06,-4.27 yaw=-1.10rad) nav=vx:0.000 wz:0.000 cmd=vx:0.000 wz:0.000
[INFO] [1783013157.302996145] [basic_navigator]: [211.9s] dist=0.00m amcl=(0.21,-4.07 yaw=-0.99rad) odom=(3.06,-4.27 yaw=-1.10rad) nav=vx:0.000 wz:0.000 cmd=vx:0.000 wz:0.000
[INFO] [1783013157.509042927] [basic_navigator]: [212.1s] dist=0.00m amcl=(0.21,-4.07 yaw=-0.99rad) odom=(3.06,-4.27 yaw=-1.10rad) nav=vx:0.000 wz:0.000 cmd=vx:0.000 wz:0.000
[INFO] [1783013157.713098785] [basic_navigator]: [212.3s] dist=0.00m amcl=(0.21,-4.07 yaw=-0.99rad) odom=(3.06,-4.27 yaw=-1.10rad) nav=vx:0.000 wz:0.000 cmd=vx:0.000 wz:0.000
[INFO] [1783013157.919580516] [basic_navigator]: [212.5s] dist=0.00m amcl=(0.21,-4.07 yaw=-0.99rad) odom=(3.06,-4.27 yaw=-1.10rad) nav=vx:0.000 wz:0.000 cmd=vx:0.000 wz:0.000
[INFO] [1783013158.122852932] [basic_navigator]: [212.7s] dist=0.00m amcl=(0.21,-4.07 yaw=-0.99rad) odom=(3.06,-4.27 yaw=-1.10rad) nav=vx:0.000 wz:0.000 cmd=vx:0.000 wz:0.000
[INFO] [1783013158.331147815] [basic_navigator]: [212.9s] dist=0.00m amcl=(0.21,-4.07 yaw=-0.99rad) odom=(3.06,-4.27 yaw=-1.10rad) nav=vx:0.000 wz:0.000 cmd=vx:0.000 wz:0.000
[INFO] [1783013158.534731226] [basic_navigator]: [213.2s] dist=0.00m amcl=(0.21,-4.07 yaw=-0.99rad) odom=(3.06,-4.27 yaw=-1.10rad) nav=vx:0.000 wz:0.000 cmd=vx:0.000 wz:0.000
[INFO] [1783013158.739541405] [basic_navigator]: [213.4s] dist=0.00m amcl=(0.21,-4.07 yaw=-0.99rad) odom=(3.06,-4.27 yaw=-1.10rad) nav=vx:0.000 wz:0.000 cmd=vx:0.000 wz:0.000
[INFO] [1783013158.950579188] [basic_navigator]: [213.6s] dist=0.00m amcl=(0.21,-4.07 yaw=-0.99rad) odom=(3.06,-4.27 yaw=-1.10rad) nav=vx:0.000 wz:0.000 cmd=vx:0.000 wz:0.000
[INFO] [1783013159.154433529] [basic_navigator]: [213.8s] dist=0.00m amcl=(0.21,-4.07 yaw=-0.99rad) odom=(3.06,-4.27 yaw=-1.10rad) nav=vx:0.000 wz:0.000 cmd=vx:0.000 wz:0.000
[INFO] [1783013159.358017618] [basic_navigator]: [214.0s] dist=0.00m amcl=(0.21,-4.07 yaw=-0.99rad) odom=(3.06,-4.27 yaw=-1.10rad) nav=vx:0.000 wz:0.000 cmd=vx:0.000 wz:0.000
[INFO] [1783013159.564098039] [basic_navigator]: [214.2s] dist=0.00m amcl=(0.21,-4.07 yaw=-0.99rad) odom=(3.06,-4.27 yaw=-1.10rad) nav=vx:0.000 wz:0.000 cmd=vx:0.000 wz:0.000
[INFO] [1783013159.768765044] [basic_navigator]: [214.4s] dist=0.00m amcl=(0.21,-4.07 yaw=-0.99rad) odom=(3.06,-4.27 yaw=-1.10rad) nav=vx:0.000 wz:0.000 cmd=vx:0.000 wz:0.000
[INFO] [1783013159.972440416] [basic_navigator]: [214.6s] dist=0.00m amcl=(0.21,-4.07 yaw=-0.99rad) odom=(3.06,-4.27 yaw=-1.10rad) nav=vx:0.000 wz:0.000 cmd=vx:0.000 wz:0.000
[INFO] [1783013160.176768351] [basic_navigator]: [214.8s] dist=0.00m amcl=(0.21,-4.07 yaw=-0.99rad) odom=(3.06,-4.27 yaw=-1.10rad) nav=vx:0.000 wz:0.000 cmd=vx:0.000 wz:0.000
[INFO] [1783013160.380980300] [basic_navigator]: [215.0s] dist=0.00m amcl=(0.21,-4.07 yaw=-0.99rad) odom=(3.06,-4.27 yaw=-1.10rad) nav=vx:0.000 wz:0.000 cmd=vx:0.000 wz:0.000
[INFO] [1783013160.588555014] [basic_navigator]: [215.2s] dist=0.00m amcl=(0.21,-4.07 yaw=-0.99rad) odom=(3.06,-4.27 yaw=-1.10rad) nav=vx:0.000 wz:0.000 cmd=vx:0.000 wz:0.000
[INFO] [1783013160.793478526] [basic_navigator]: [215.4s] dist=0.00m amcl=(0.21,-4.07 yaw=-0.99rad) odom=(3.06,-4.27 yaw=-1.10rad) nav=vx:0.000 wz:0.000 cmd=vx:0.000 wz:0.000
[INFO] [1783013160.996732446] [basic_navigator]: [215.6s] dist=0.00m amcl=(0.21,-4.07 yaw=-0.99rad) odom=(3.06,-4.27 yaw=-1.10rad) nav=vx:0.000 wz:0.000 cmd=vx:0.000 wz:0.000
[INFO] [1783013161.199743687] [basic_navigator]: [215.8s] dist=0.00m amcl=(0.21,-4.07 yaw=-0.99rad) odom=(3.06,-4.27 yaw=-1.10rad) nav=vx:0.000 wz:0.000 cmd=vx:0.000 wz:0.000
[INFO] [1783013161.403300043] [basic_navigator]: [216.0s] dist=0.00m amcl=(0.21,-4.07 yaw=-0.99rad) odom=(3.06,-4.27 yaw=-1.10rad) nav=vx:0.000 wz:0.000 cmd=vx:0.000 wz:0.000
[INFO] [1783013161.606238073] [basic_navigator]: [216.2s] dist=0.00m amcl=(0.21,-4.07 yaw=-0.99rad) odom=(3.06,-4.27 yaw=-1.10rad) nav=vx:0.000 wz:0.000 cmd=vx:0.000 wz:0.000
[INFO] [1783013161.810286118] [basic_navigator]: [216.4s] dist=0.00m amcl=(0.21,-4.07 yaw=-0.99rad) odom=(3.06,-4.27 yaw=-1.10rad) nav=vx:0.000 wz:0.000 cmd=vx:0.000 wz:0.000
[INFO] [1783013162.014907942] [basic_navigator]: [216.6s] dist=0.00m amcl=(0.21,-4.07 yaw=-0.99rad) odom=(3.06,-4.27 yaw=-1.10rad) nav=vx:0.000 wz:0.000 cmd=vx:0.000 wz:0.000
[INFO] [1783013162.223233035] [basic_navigator]: [216.8s] dist=0.00m amcl=(0.21,-4.07 yaw=-0.99rad) odom=(3.06,-4.27 yaw=-1.10rad) nav=vx:0.000 wz:0.000 cmd=vx:0.000 wz:0.000
[INFO] [1783013162.427022252] [basic_navigator]: [217.0s] dist=0.00m amcl=(0.21,-4.07 yaw=-0.99rad) odom=(3.06,-4.27 yaw=-1.10rad) nav=vx:0.000 wz:0.000 cmd=vx:0.000 wz:0.000
[INFO] [1783013162.631709354] [basic_navigator]: [217.2s] dist=0.00m amcl=(0.21,-4.07 yaw=-0.99rad) odom=(3.06,-4.27 yaw=-1.10rad) nav=vx:0.000 wz:0.000 cmd=vx:0.000 wz:0.000
[INFO] [1783013162.838701343] [basic_navigator]: [217.5s] dist=0.00m amcl=(0.21,-4.07 yaw=-0.99rad) odom=(3.06,-4.27 yaw=-1.10rad) nav=vx:0.000 wz:0.000 cmd=vx:0.000 wz:0.000
[INFO] [1783013163.042905630] [basic_navigator]: [217.7s] dist=0.00m amcl=(0.21,-4.07 yaw=-0.99rad) odom=(3.06,-4.27 yaw=-1.10rad) nav=vx:0.000 wz:0.000 cmd=vx:0.000 wz:0.000
[INFO] [1783013163.248679948] [basic_navigator]: [217.9s] dist=0.00m amcl=(0.21,-4.07 yaw=-0.99rad) odom=(3.06,-4.27 yaw=-1.10rad) nav=vx:0.000 wz:0.000 cmd=vx:0.000 wz:0.000
[INFO] [1783013163.452261813] [basic_navigator]: [218.1s] dist=0.00m amcl=(0.21,-4.07 yaw=-0.99rad) odom=(3.06,-4.27 yaw=-1.10rad) nav=vx:0.000 wz:0.000 cmd=vx:0.000 wz:0.000
[INFO] [1783013163.657051029] [basic_navigator]: [218.3s] dist=0.00m amcl=(0.21,-4.07 yaw=-0.99rad) odom=(3.06,-4.27 yaw=-1.10rad) nav=vx:0.000 wz:0.000 cmd=vx:0.000 wz:0.000
[INFO] [1783013163.861548183] [basic_navigator]: [218.5s] dist=0.00m amcl=(0.21,-4.07 yaw=-0.99rad) odom=(3.06,-4.27 yaw=-1.10rad) nav=vx:0.000 wz:0.000 cmd=vx:0.000 wz:0.000
[INFO] [1783013164.064621850] [basic_navigator]: [218.7s] dist=0.00m amcl=(0.21,-4.07 yaw=-0.99rad) odom=(3.06,-4.27 yaw=-1.10rad) nav=vx:0.000 wz:0.000 cmd=vx:0.000 wz:0.000
[INFO] [1783013164.267794275] [basic_navigator]: [218.9s] dist=0.00m amcl=(0.21,-4.07 yaw=-0.99rad) odom=(3.06,-4.27 yaw=-1.10rad) nav=vx:0.000 wz:0.000 cmd=vx:0.000 wz:0.000
[INFO] [1783013164.475587591] [basic_navigator]: [219.1s] dist=0.00m amcl=(0.21,-4.07 yaw=-0.99rad) odom=(3.06,-4.27 yaw=-1.10rad) nav=vx:0.000 wz:0.000 cmd=vx:0.000 wz:0.000
[INFO] [1783013164.680458683] [basic_navigator]: [219.3s] dist=0.00m amcl=(0.21,-4.07 yaw=-0.99rad) odom=(3.06,-4.27 yaw=-1.10rad) nav=vx:0.000 wz:0.000 cmd=vx:0.000 wz:0.000
[INFO] [1783013164.884996433] [basic_navigator]: [219.5s] dist=0.00m amcl=(0.21,-4.07 yaw=-0.99rad) odom=(3.06,-4.27 yaw=-1.10rad) nav=vx:0.000 wz:0.000 cmd=vx:0.000 wz:0.000
[INFO] [1783013165.088906566] [basic_navigator]: [219.7s] dist=0.00m amcl=(0.21,-4.07 yaw=-0.99rad) odom=(3.06,-4.27 yaw=-1.10rad) nav=vx:0.000 wz:0.000 cmd=vx:0.000 wz:0.000
[INFO] [1783013165.292394287] [basic_navigator]: [219.9s] dist=0.00m amcl=(0.21,-4.07 yaw=-0.99rad) odom=(3.06,-4.27 yaw=-1.10rad) nav=vx:0.000 wz:0.000 cmd=vx:0.000 wz:0.000
[INFO] [1783013165.496025604] [basic_navigator]: [220.1s] dist=0.00m amcl=(0.21,-4.07 yaw=-0.99rad) odom=(3.06,-4.27 yaw=-1.10rad) nav=vx:0.000 wz:0.000 cmd=vx:0.000 wz:0.000
[INFO] [1783013165.700492148] [basic_navigator]: [220.3s] dist=0.00m amcl=(0.21,-4.07 yaw=-0.99rad) odom=(3.06,-4.27 yaw=-1.10rad) nav=vx:0.000 wz:0.000 cmd=vx:0.000 wz:0.000
[INFO] [1783013165.903811047] [basic_navigator]: [220.5s] dist=0.00m amcl=(0.21,-4.07 yaw=-0.99rad) odom=(3.06,-4.27 yaw=-1.10rad) nav=vx:0.000 wz:0.000 cmd=vx:0.000 wz:0.000
[INFO] [1783013166.107407639] [basic_navigator]: [220.7s] dist=0.00m amcl=(0.21,-4.07 yaw=-0.99rad) odom=(3.06,-4.27 yaw=-1.10rad) nav=vx:0.000 wz:0.000 cmd=vx:0.000 wz:0.000
[INFO] [1783013166.311882429] [basic_navigator]: [220.9s] dist=0.00m amcl=(0.21,-4.07 yaw=-0.99rad) odom=(3.06,-4.27 yaw=-1.10rad) nav=vx:0.000 wz:0.000 cmd=vx:0.000 wz:0.000
[INFO] [1783013166.515189797] [basic_navigator]: [221.1s] dist=0.00m amcl=(0.21,-4.07 yaw=-0.99rad) odom=(3.06,-4.27 yaw=-1.10rad) nav=vx:0.000 wz:0.000 cmd=vx:0.000 wz:0.000
[INFO] [1783013166.722946082] [basic_navigator]: [221.3s] dist=0.00m amcl=(0.21,-4.07 yaw=-0.99rad) odom=(3.06,-4.27 yaw=-1.10rad) nav=vx:0.000 wz:0.000 cmd=vx:0.000 wz:0.000
[INFO] [1783013166.926775698] [basic_navigator]: [221.5s] dist=0.00m amcl=(0.21,-4.07 yaw=-0.99rad) odom=(3.06,-4.27 yaw=-1.10rad) nav=vx:0.000 wz:0.000 cmd=vx:0.000 wz:0.000
[INFO] [1783013167.134868061] [basic_navigator]: [221.8s] dist=0.00m amcl=(0.21,-4.07 yaw=-0.99rad) odom=(3.06,-4.27 yaw=-1.10rad) nav=vx:0.000 wz:0.000 cmd=vx:0.000 wz:0.000
[INFO] [1783013167.339703307] [basic_navigator]: [222.0s] dist=0.00m amcl=(0.21,-4.07 yaw=-0.99rad) odom=(3.06,-4.27 yaw=-1.10rad) nav=vx:0.000 wz:0.000 cmd=vx:0.000 wz:0.000
[INFO] [1783013167.543971695] [basic_navigator]: [222.2s] dist=0.00m amcl=(0.21,-4.07 yaw=-0.99rad) odom=(3.06,-4.27 yaw=-1.10rad) nav=vx:0.000 wz:0.000 cmd=vx:0.000 wz:0.000
[INFO] [1783013167.751565622] [basic_navigator]: [222.4s] dist=0.00m amcl=(0.21,-4.07 yaw=-0.99rad) odom=(3.06,-4.27 yaw=-1.10rad) nav=vx:0.000 wz:0.000 cmd=vx:0.000 wz:0.000
[INFO] [1783013167.957279091] [basic_navigator]: [222.6s] dist=0.00m amcl=(0.21,-4.07 yaw=-0.99rad) odom=(3.06,-4.27 yaw=-1.10rad) nav=vx:0.000 wz:0.000 cmd=vx:0.000 wz:0.000
[INFO] [1783013168.160482290] [basic_navigator]: [222.8s] dist=0.00m amcl=(0.21,-4.07 yaw=-0.99rad) odom=(3.06,-4.27 yaw=-1.10rad) nav=vx:0.000 wz:0.000 cmd=vx:0.000 wz:0.000
[INFO] [1783013168.362307546] [basic_navigator]: [223.0s] dist=0.00m amcl=(0.21,-4.07 yaw=-0.97rad) odom=(3.06,-4.27 yaw=-1.09rad) nav=vx:0.000 wz:1.000 cmd=vx:0.000 wz:0.480
[INFO] [1783013168.565714055] [basic_navigator]: [223.2s] dist=0.00m amcl=(0.21,-4.07 yaw=-0.92rad) odom=(3.06,-4.27 yaw=-1.03rad) nav=vx:0.000 wz:0.000 cmd=vx:0.000 wz:0.480
[INFO] [1783013168.769950332] [basic_navigator]: [223.4s] dist=0.00m amcl=(0.21,-4.07 yaw=-0.90rad) odom=(3.06,-4.27 yaw=-1.02rad) nav=vx:0.000 wz:0.000 cmd=vx:0.000 wz:0.000
[INFO] [1783013168.976443247] [basic_navigator]: [223.6s] dist=0.00m amcl=(0.21,-4.07 yaw=-0.90rad) odom=(3.06,-4.27 yaw=-1.02rad) nav=vx:0.000 wz:0.000 cmd=vx:0.000 wz:0.000
[INFO] [1783013169.181095741] [basic_navigator]: [223.8s] dist=0.00m amcl=(0.21,-4.07 yaw=-0.90rad) odom=(3.06,-4.27 yaw=-1.02rad) nav=vx:0.000 wz:0.000 cmd=vx:0.000 wz:0.000
[INFO] [1783013169.383967860] [basic_navigator]: [224.0s] dist=0.00m amcl=(0.21,-4.07 yaw=-0.90rad) odom=(3.06,-4.27 yaw=-1.02rad) nav=vx:0.000 wz:0.000 cmd=vx:0.000 wz:0.000
[INFO] [1783013169.587324682] [basic_navigator]: [224.2s] dist=0.00m amcl=(0.21,-4.07 yaw=-0.90rad) odom=(3.06,-4.27 yaw=-1.02rad) nav=vx:0.000 wz:0.000 cmd=vx:0.000 wz:0.000
[INFO] [1783013169.794444573] [basic_navigator]: [224.4s] dist=0.00m amcl=(0.21,-4.07 yaw=-0.90rad) odom=(3.06,-4.27 yaw=-1.02rad) nav=vx:0.000 wz:0.000 cmd=vx:0.000 wz:0.000
[INFO] [1783013169.999723997] [basic_navigator]: [224.6s] dist=0.00m amcl=(0.21,-4.07 yaw=-0.90rad) odom=(3.06,-4.27 yaw=-1.02rad) nav=vx:0.000 wz:0.000 cmd=vx:0.000 wz:0.000
[INFO] [1783013170.202395764] [basic_navigator]: [224.8s] dist=0.00m amcl=(0.21,-4.07 yaw=-0.90rad) odom=(3.06,-4.27 yaw=-1.02rad) nav=vx:0.000 wz:0.000 cmd=vx:0.000 wz:0.000
[INFO] [1783013170.409824255] [basic_navigator]: [225.0s] dist=0.00m amcl=(0.21,-4.07 yaw=-0.90rad) odom=(3.06,-4.27 yaw=-1.02rad) nav=vx:0.000 wz:0.000 cmd=vx:0.000 wz:0.000
[INFO] [1783013170.613381235] [basic_navigator]: [225.2s] dist=0.00m amcl=(0.21,-4.07 yaw=-0.90rad) odom=(3.06,-4.27 yaw=-1.02rad) nav=vx:0.000 wz:0.000 cmd=vx:0.000 wz:0.000
[INFO] [1783013170.817044012] [basic_navigator]: [225.4s] dist=0.00m amcl=(0.21,-4.07 yaw=-0.90rad) odom=(3.06,-4.27 yaw=-1.02rad) nav=vx:0.000 wz:0.000 cmd=vx:0.000 wz:0.000
[INFO] [1783013171.023103173] [basic_navigator]: [225.6s] dist=0.00m amcl=(0.21,-4.07 yaw=-0.90rad) odom=(3.06,-4.27 yaw=-1.02rad) nav=vx:0.000 wz:0.000 cmd=vx:0.000 wz:0.000
[INFO] [1783013171.227586586] [basic_navigator]: [225.8s] dist=0.00m amcl=(0.21,-4.07 yaw=-0.90rad) odom=(3.06,-4.27 yaw=-1.02rad) nav=vx:0.000 wz:0.000 cmd=vx:0.000 wz:0.000
[INFO] [1783013171.430571269] [basic_navigator]: [226.0s] dist=0.00m amcl=(0.21,-4.07 yaw=-0.90rad) odom=(3.06,-4.27 yaw=-1.02rad) nav=vx:0.000 wz:0.000 cmd=vx:0.000 wz:0.000
[INFO] [1783013171.633036441] [basic_navigator]: [226.3s] dist=0.00m amcl=(0.21,-4.07 yaw=-0.90rad) odom=(3.06,-4.27 yaw=-1.02rad) nav=vx:0.000 wz:0.000 cmd=vx:0.000 wz:0.000
[INFO] [1783013171.838073109] [basic_navigator]: [226.5s] dist=0.00m amcl=(0.21,-4.07 yaw=-0.90rad) odom=(3.06,-4.27 yaw=-1.02rad) nav=vx:0.000 wz:0.000 cmd=vx:0.000 wz:0.000
[INFO] [1783013172.042705179] [basic_navigator]: [226.7s] dist=0.00m amcl=(0.21,-4.07 yaw=-0.90rad) odom=(3.06,-4.27 yaw=-1.02rad) nav=vx:0.000 wz:0.000 cmd=vx:0.000 wz:0.000
[INFO] [1783013172.246530555] [basic_navigator]: [226.9s] dist=0.00m amcl=(0.21,-4.07 yaw=-0.90rad) odom=(3.06,-4.27 yaw=-1.02rad) nav=vx:0.000 wz:0.000 cmd=vx:0.000 wz:0.000
[INFO] [1783013172.449881350] [basic_navigator]: [227.1s] dist=0.00m amcl=(0.21,-4.07 yaw=-0.90rad) odom=(3.06,-4.27 yaw=-1.02rad) nav=vx:0.000 wz:0.000 cmd=vx:0.000 wz:0.000
[INFO] [1783013172.652663098] [basic_navigator]: [227.3s] dist=0.00m amcl=(0.21,-4.07 yaw=-0.90rad) odom=(3.06,-4.27 yaw=-1.02rad) nav=vx:0.000 wz:0.000 cmd=vx:0.000 wz:0.000
[INFO] [1783013172.856228434] [basic_navigator]: [227.5s] dist=0.00m amcl=(0.21,-4.07 yaw=-0.90rad) odom=(3.06,-4.27 yaw=-1.02rad) nav=vx:0.000 wz:0.000 cmd=vx:0.000 wz:0.000
[INFO] [1783013173.061277105] [basic_navigator]: [227.7s] dist=0.00m amcl=(0.21,-4.07 yaw=-0.90rad) odom=(3.06,-4.27 yaw=-1.02rad) nav=vx:0.000 wz:0.000 cmd=vx:0.000 wz:0.000
[INFO] [1783013173.265010793] [basic_navigator]: [227.9s] dist=0.00m amcl=(0.21,-4.07 yaw=-0.90rad) odom=(3.06,-4.27 yaw=-1.02rad) nav=vx:0.000 wz:0.000 cmd=vx:0.000 wz:0.000
[INFO] [1783013173.468438590] [basic_navigator]: [228.1s] dist=0.00m amcl=(0.21,-4.07 yaw=-0.90rad) odom=(3.06,-4.27 yaw=-1.02rad) nav=vx:0.000 wz:0.000 cmd=vx:0.000 wz:0.000
[INFO] [1783013173.673349903] [basic_navigator]: [228.3s] dist=0.00m amcl=(0.21,-4.07 yaw=-0.90rad) odom=(3.06,-4.27 yaw=-1.02rad) nav=vx:0.000 wz:0.000 cmd=vx:0.000 wz:0.000
[INFO] [1783013173.880502357] [basic_navigator]: [228.5s] dist=0.00m amcl=(0.21,-4.07 yaw=-0.90rad) odom=(3.06,-4.27 yaw=-1.02rad) nav=vx:0.000 wz:0.000 cmd=vx:0.000 wz:0.000
[INFO] [1783013174.086237884] [basic_navigator]: [228.7s] dist=0.00m amcl=(0.21,-4.07 yaw=-0.90rad) odom=(3.06,-4.27 yaw=-1.02rad) nav=vx:0.000 wz:0.000 cmd=vx:0.000 wz:0.000
[INFO] [1783013174.290036179] [basic_navigator]: [228.9s] dist=0.00m amcl=(0.21,-4.07 yaw=-0.90rad) odom=(3.06,-4.27 yaw=-1.02rad) nav=vx:0.000 wz:0.000 cmd=vx:0.000 wz:0.000
[INFO] [1783013174.493435545] [basic_navigator]: [229.1s] dist=0.00m amcl=(0.21,-4.07 yaw=-0.90rad) odom=(3.06,-4.27 yaw=-1.02rad) nav=vx:0.000 wz:0.000 cmd=vx:0.000 wz:0.000
[INFO] [1783013174.705094049] [basic_navigator]: [229.3s] dist=0.00m amcl=(0.21,-4.07 yaw=-0.90rad) odom=(3.06,-4.27 yaw=-1.02rad) nav=vx:0.000 wz:0.000 cmd=vx:0.000 wz:0.000
[INFO] [1783013174.908010039] [basic_navigator]: [229.5s] dist=0.00m amcl=(0.21,-4.07 yaw=-0.90rad) odom=(3.06,-4.27 yaw=-1.02rad) nav=vx:0.000 wz:0.000 cmd=vx:0.000 wz:0.000
[INFO] [1783013175.112168488] [basic_navigator]: [229.7s] dist=0.00m amcl=(0.21,-4.07 yaw=-0.90rad) odom=(3.06,-4.27 yaw=-1.02rad) nav=vx:0.000 wz:0.000 cmd=vx:0.000 wz:0.000
[INFO] [1783013175.315034776] [basic_navigator]: [229.9s] dist=0.00m amcl=(0.21,-4.07 yaw=-0.90rad) odom=(3.06,-4.27 yaw=-1.02rad) nav=vx:0.000 wz:0.000 cmd=vx:0.000 wz:0.000
[INFO] [1783013175.520229267] [basic_navigator]: [230.1s] dist=0.00m amcl=(0.21,-4.07 yaw=-0.90rad) odom=(3.06,-4.27 yaw=-1.02rad) nav=vx:0.000 wz:0.000 cmd=vx:0.000 wz:0.000
[INFO] [1783013175.724956452] [basic_navigator]: [230.3s] dist=0.00m amcl=(0.21,-4.07 yaw=-0.90rad) odom=(3.06,-4.27 yaw=-1.02rad) nav=vx:0.000 wz:0.000 cmd=vx:0.000 wz:0.000
[INFO] [1783013175.930933049] [basic_navigator]: [230.5s] dist=0.00m amcl=(0.21,-4.07 yaw=-0.90rad) odom=(3.06,-4.27 yaw=-1.02rad) nav=vx:0.000 wz:0.000 cmd=vx:0.000 wz:0.000
[INFO] [1783013176.137502688] [basic_navigator]: [230.8s] dist=0.00m amcl=(0.21,-4.07 yaw=-0.90rad) odom=(3.06,-4.27 yaw=-1.02rad) nav=vx:0.000 wz:0.000 cmd=vx:0.000 wz:0.000
[INFO] [1783013176.342856539] [basic_navigator]: [231.0s] dist=0.00m amcl=(0.21,-4.07 yaw=-0.90rad) odom=(3.06,-4.27 yaw=-1.02rad) nav=vx:0.000 wz:0.000 cmd=vx:0.000 wz:0.000
[INFO] [1783013176.547046201] [basic_navigator]: [231.2s] dist=0.00m amcl=(0.21,-4.07 yaw=-0.90rad) odom=(3.06,-4.27 yaw=-1.02rad) nav=vx:0.000 wz:0.000 cmd=vx:0.000 wz:0.000
[INFO] [1783013176.753337267] [basic_navigator]: [231.4s] dist=0.00m amcl=(0.21,-4.07 yaw=-0.90rad) odom=(3.06,-4.27 yaw=-1.02rad) nav=vx:0.000 wz:0.000 cmd=vx:0.000 wz:0.000
[INFO] [1783013176.957111555] [basic_navigator]: [231.6s] dist=0.00m amcl=(0.21,-4.07 yaw=-0.90rad) odom=(3.06,-4.27 yaw=-1.02rad) nav=vx:0.000 wz:0.000 cmd=vx:0.000 wz:0.000
[INFO] [1783013177.162764316] [basic_navigator]: [231.8s] dist=0.00m amcl=(0.21,-4.07 yaw=-0.90rad) odom=(3.06,-4.27 yaw=-1.02rad) nav=vx:0.000 wz:0.000 cmd=vx:0.000 wz:0.000
[INFO] [1783013177.365585168] [basic_navigator]: [232.0s] dist=0.00m amcl=(0.21,-4.07 yaw=-0.90rad) odom=(3.06,-4.27 yaw=-1.02rad) nav=vx:0.000 wz:0.000 cmd=vx:0.000 wz:0.000
[INFO] [1783013177.569629238] [basic_navigator]: [232.2s] dist=0.00m amcl=(0.21,-4.07 yaw=-0.90rad) odom=(3.06,-4.27 yaw=-1.02rad) nav=vx:0.000 wz:0.000 cmd=vx:0.000 wz:0.000
[INFO] [1783013177.772543274] [basic_navigator]: [232.4s] dist=0.00m amcl=(0.21,-4.07 yaw=-0.90rad) odom=(3.06,-4.27 yaw=-1.02rad) nav=vx:0.000 wz:0.000 cmd=vx:0.000 wz:0.000
[INFO] [1783013177.980101151] [basic_navigator]: [232.6s] dist=0.00m amcl=(0.21,-4.07 yaw=-0.90rad) odom=(3.06,-4.27 yaw=-1.02rad) nav=vx:0.000 wz:0.000 cmd=vx:0.000 wz:0.000
[INFO] [1783013178.186039219] [basic_navigator]: [232.8s] dist=0.00m amcl=(0.21,-4.07 yaw=-0.90rad) odom=(3.06,-4.27 yaw=-1.02rad) nav=vx:0.000 wz:0.000 cmd=vx:0.000 wz:0.000
[INFO] [1783013178.390664200] [basic_navigator]: [233.0s] dist=0.00m amcl=(0.21,-4.07 yaw=-0.90rad) odom=(3.06,-4.27 yaw=-1.02rad) nav=vx:0.000 wz:0.000 cmd=vx:0.000 wz:0.000
[INFO] [1783013178.594179010] [basic_navigator]: [233.2s] dist=0.00m amcl=(0.21,-4.07 yaw=-0.90rad) odom=(3.06,-4.27 yaw=-1.02rad) nav=vx:0.000 wz:0.000 cmd=vx:0.000 wz:0.000
[INFO] [1783013178.798725104] [basic_navigator]: [233.4s] dist=0.00m amcl=(0.21,-4.07 yaw=-0.90rad) odom=(3.06,-4.27 yaw=-1.02rad) nav=vx:0.000 wz:0.000 cmd=vx:0.000 wz:0.000
[INFO] [1783013179.002416430] [basic_navigator]: [233.6s] dist=0.00m amcl=(0.21,-4.07 yaw=-0.90rad) odom=(3.06,-4.27 yaw=-1.02rad) nav=vx:0.000 wz:0.000 cmd=vx:0.000 wz:0.000
[INFO] [1783013179.208895311] [basic_navigator]: [233.8s] dist=0.00m amcl=(0.21,-4.07 yaw=-0.90rad) odom=(3.06,-4.27 yaw=-1.02rad) nav=vx:0.000 wz:0.000 cmd=vx:0.000 wz:0.000
[INFO] [1783013179.412587562] [basic_navigator]: [234.0s] dist=0.00m amcl=(0.21,-4.07 yaw=-0.90rad) odom=(3.06,-4.27 yaw=-1.02rad) nav=vx:0.000 wz:0.000 cmd=vx:0.000 wz:0.000
[INFO] [1783013179.615992301] [basic_navigator]: [234.2s] dist=0.00m amcl=(0.21,-4.07 yaw=-0.90rad) odom=(3.06,-4.27 yaw=-1.02rad) nav=vx:0.000 wz:0.000 cmd=vx:0.000 wz:0.000
[INFO] [1783013179.819893480] [basic_navigator]: [234.4s] dist=0.00m amcl=(0.21,-4.07 yaw=-0.90rad) odom=(3.06,-4.27 yaw=-1.02rad) nav=vx:0.000 wz:0.000 cmd=vx:0.000 wz:0.000
[INFO] [1783013180.023769150] [basic_navigator]: [234.6s] dist=0.00m amcl=(0.21,-4.07 yaw=-0.90rad) odom=(3.06,-4.27 yaw=-1.02rad) nav=vx:0.000 wz:0.000 cmd=vx:0.000 wz:0.000
[INFO] [1783013180.228044620] [basic_navigator]: [234.8s] dist=0.00m amcl=(0.21,-4.07 yaw=-0.90rad) odom=(3.06,-4.27 yaw=-1.02rad) nav=vx:0.000 wz:0.000 cmd=vx:0.000 wz:0.000
[INFO] [1783013180.436472581] [basic_navigator]: [235.1s] dist=0.00m amcl=(0.21,-4.07 yaw=-0.90rad) odom=(3.06,-4.27 yaw=-1.02rad) nav=vx:0.000 wz:0.000 cmd=vx:0.000 wz:0.000
[INFO] [1783013180.640784843] [basic_navigator]: [235.3s] dist=0.00m amcl=(0.21,-4.07 yaw=-0.90rad) odom=(3.06,-4.27 yaw=-1.02rad) nav=vx:0.000 wz:0.000 cmd=vx:0.000 wz:0.000
[INFO] [1783013180.844883719] [basic_navigator]: [235.5s] dist=0.00m amcl=(0.21,-4.07 yaw=-0.90rad) odom=(3.06,-4.27 yaw=-1.02rad) nav=vx:0.000 wz:0.000 cmd=vx:0.000 wz:0.000
[INFO] [1783013181.047978119] [basic_navigator]: [235.7s] dist=0.00m amcl=(0.21,-4.07 yaw=-0.90rad) odom=(3.06,-4.27 yaw=-1.02rad) nav=vx:0.000 wz:0.000 cmd=vx:0.000 wz:0.000
[INFO] [1783013181.251506700] [basic_navigator]: [235.9s] dist=0.00m amcl=(0.21,-4.07 yaw=-0.90rad) odom=(3.06,-4.27 yaw=-1.02rad) nav=vx:0.000 wz:0.000 cmd=vx:0.000 wz:0.000
[INFO] [1783013181.453538504] [basic_navigator]: [236.1s] dist=0.00m amcl=(0.21,-4.07 yaw=-0.90rad) odom=(3.06,-4.27 yaw=-1.02rad) nav=vx:0.000 wz:0.000 cmd=vx:0.000 wz:0.000
[INFO] [1783013181.659900760] [basic_navigator]: [236.3s] dist=0.00m amcl=(0.21,-4.07 yaw=-0.90rad) odom=(3.06,-4.27 yaw=-1.02rad) nav=vx:0.000 wz:0.000 cmd=vx:0.000 wz:0.000
[INFO] [1783013181.864162845] [basic_navigator]: [236.5s] dist=0.00m amcl=(0.21,-4.07 yaw=-0.90rad) odom=(3.06,-4.27 yaw=-1.02rad) nav=vx:0.000 wz:0.000 cmd=vx:0.000 wz:0.000
[INFO] [1783013182.067394092] [basic_navigator]: [236.7s] dist=0.00m amcl=(0.21,-4.07 yaw=-0.90rad) odom=(3.06,-4.27 yaw=-1.02rad) nav=vx:0.000 wz:0.000 cmd=vx:0.000 wz:0.000
[INFO] [1783013182.270381385] [basic_navigator]: [236.9s] dist=0.00m amcl=(0.21,-4.07 yaw=-0.90rad) odom=(3.06,-4.27 yaw=-1.02rad) nav=vx:0.000 wz:0.000 cmd=vx:0.000 wz:0.000
[INFO] [1783013182.474703535] [basic_navigator]: [237.1s] dist=0.00m amcl=(0.21,-4.07 yaw=-0.90rad) odom=(3.06,-4.27 yaw=-1.02rad) nav=vx:0.000 wz:0.000 cmd=vx:0.000 wz:0.000
[INFO] [1783013182.678765910] [basic_navigator]: [237.3s] dist=0.00m amcl=(0.21,-4.07 yaw=-0.90rad) odom=(3.06,-4.27 yaw=-1.02rad) nav=vx:0.000 wz:0.000 cmd=vx:0.000 wz:0.000
[INFO] [1783013182.882343684] [basic_navigator]: [237.5s] dist=0.00m amcl=(0.21,-4.07 yaw=-0.90rad) odom=(3.06,-4.27 yaw=-1.02rad) nav=vx:0.000 wz:0.000 cmd=vx:0.000 wz:0.000
[INFO] [1783013183.084569538] [basic_navigator]: [237.7s] dist=0.00m amcl=(0.21,-4.07 yaw=-0.90rad) odom=(3.06,-4.27 yaw=-1.02rad) nav=vx:0.000 wz:0.000 cmd=vx:0.000 wz:0.000
[INFO] [1783013183.290655684] [basic_navigator]: [237.9s] dist=0.00m amcl=(0.21,-4.07 yaw=-0.90rad) odom=(3.06,-4.27 yaw=-1.02rad) nav=vx:0.000 wz:0.000 cmd=vx:0.000 wz:0.000
[INFO] [1783013183.496665702] [basic_navigator]: [238.1s] dist=0.00m amcl=(0.21,-4.07 yaw=-0.90rad) odom=(3.06,-4.27 yaw=-1.02rad) nav=vx:0.000 wz:0.000 cmd=vx:0.000 wz:0.000
[INFO] [1783013183.700615012] [basic_navigator]: [238.3s] dist=0.00m amcl=(0.21,-4.07 yaw=-0.90rad) odom=(3.06,-4.27 yaw=-1.02rad) nav=vx:0.000 wz:0.000 cmd=vx:0.000 wz:0.000
[INFO] [1783013183.903229589] [basic_navigator]: [238.5s] dist=0.00m amcl=(0.21,-4.07 yaw=-0.90rad) odom=(3.06,-4.27 yaw=-1.02rad) nav=vx:0.000 wz:0.000 cmd=vx:0.000 wz:0.000
[INFO] [1783013184.106848483] [basic_navigator]: [238.7s] dist=0.00m amcl=(0.21,-4.07 yaw=-0.90rad) odom=(3.06,-4.27 yaw=-1.02rad) nav=vx:0.000 wz:0.000 cmd=vx:0.000 wz:0.000
[INFO] [1783013184.311422282] [basic_navigator]: [238.9s] dist=0.00m amcl=(0.21,-4.07 yaw=-0.90rad) odom=(3.06,-4.27 yaw=-1.01rad) nav=vx:0.000 wz:1.000 cmd=vx:0.000 wz:0.320
[INFO] [1783013184.515334899] [basic_navigator]: [239.1s] dist=0.00m amcl=(0.21,-4.07 yaw=-0.85rad) odom=(3.06,-4.27 yaw=-0.97rad) nav=vx:0.000 wz:0.000 cmd=vx:0.000 wz:0.480
[INFO] [1783013184.725476581] [basic_navigator]: [239.3s] dist=0.00m amcl=(0.21,-4.07 yaw=-0.83rad) odom=(3.06,-4.27 yaw=-0.94rad) nav=vx:0.000 wz:0.000 cmd=vx:0.000 wz:0.000
[INFO] [1783013184.929220203] [basic_navigator]: [239.5s] dist=0.00m amcl=(0.21,-4.07 yaw=-0.83rad) odom=(3.06,-4.27 yaw=-0.94rad) nav=vx:0.000 wz:0.000 cmd=vx:0.000 wz:0.000
[INFO] [1783013185.133752919] [basic_navigator]: [239.8s] dist=0.00m amcl=(0.21,-4.07 yaw=-0.83rad) odom=(3.06,-4.27 yaw=-0.94rad) nav=vx:0.000 wz:0.000 cmd=vx:0.000 wz:0.000
[INFO] [1783013185.338014148] [basic_navigator]: [240.0s] dist=0.00m amcl=(0.21,-4.07 yaw=-0.83rad) odom=(3.06,-4.27 yaw=-0.94rad) nav=vx:0.000 wz:0.000 cmd=vx:0.000 wz:0.000
[INFO] [1783013185.542103731] [basic_navigator]: [240.2s] dist=0.00m amcl=(0.21,-4.07 yaw=-0.83rad) odom=(3.06,-4.27 yaw=-0.94rad) nav=vx:0.000 wz:0.000 cmd=vx:0.000 wz:0.000
[INFO] [1783013185.748480019] [basic_navigator]: [240.4s] dist=0.00m amcl=(0.21,-4.07 yaw=-0.83rad) odom=(3.06,-4.27 yaw=-0.94rad) nav=vx:0.000 wz:0.000 cmd=vx:0.000 wz:0.000
[INFO] [1783013185.953646830] [basic_navigator]: [240.6s] dist=0.00m amcl=(0.21,-4.07 yaw=-0.83rad) odom=(3.06,-4.27 yaw=-0.94rad) nav=vx:0.000 wz:0.000 cmd=vx:0.000 wz:0.000
[INFO] [1783013186.156698525] [basic_navigator]: [240.8s] dist=0.00m amcl=(0.21,-4.07 yaw=-0.83rad) odom=(3.06,-4.27 yaw=-0.94rad) nav=vx:0.000 wz:0.000 cmd=vx:0.000 wz:0.000
[INFO] [1783013186.361957692] [basic_navigator]: [241.0s] dist=0.00m amcl=(0.21,-4.07 yaw=-0.82rad) odom=(3.06,-4.27 yaw=-0.94rad) nav=vx:0.000 wz:0.000 cmd=vx:0.000 wz:0.000
[INFO] [1783013186.565983103] [basic_navigator]: [241.2s] dist=0.00m amcl=(0.21,-4.07 yaw=-0.82rad) odom=(3.06,-4.27 yaw=-0.94rad) nav=vx:0.000 wz:0.000 cmd=vx:0.000 wz:0.000
[INFO] [1783013186.771213373] [basic_navigator]: [241.4s] dist=0.00m amcl=(0.21,-4.07 yaw=-0.82rad) odom=(3.06,-4.27 yaw=-0.94rad) nav=vx:0.000 wz:0.000 cmd=vx:0.000 wz:0.000
[INFO] [1783013186.974077317] [basic_navigator]: [241.6s] dist=0.00m amcl=(0.21,-4.07 yaw=-0.82rad) odom=(3.06,-4.27 yaw=-0.94rad) nav=vx:0.000 wz:0.000 cmd=vx:0.000 wz:0.000
[INFO] [1783013187.177695576] [basic_navigator]: [241.8s] dist=0.00m amcl=(0.21,-4.07 yaw=-0.82rad) odom=(3.06,-4.27 yaw=-0.94rad) nav=vx:0.000 wz:0.000 cmd=vx:0.000 wz:0.000
[INFO] [1783013187.383854846] [basic_navigator]: [242.0s] dist=0.00m amcl=(0.21,-4.07 yaw=-0.82rad) odom=(3.06,-4.27 yaw=-0.94rad) nav=vx:0.000 wz:0.000 cmd=vx:0.000 wz:0.000
[INFO] [1783013187.587836235] [basic_navigator]: [242.2s] dist=0.00m amcl=(0.21,-4.07 yaw=-0.82rad) odom=(3.06,-4.27 yaw=-0.94rad) nav=vx:0.000 wz:0.000 cmd=vx:0.000 wz:0.000
[INFO] [1783013187.794027837] [basic_navigator]: [242.4s] dist=0.00m amcl=(0.21,-4.07 yaw=-0.82rad) odom=(3.06,-4.27 yaw=-0.94rad) nav=vx:0.000 wz:0.000 cmd=vx:0.000 wz:0.000
[INFO] [1783013188.003388985] [basic_navigator]: [242.6s] dist=0.00m amcl=(0.21,-4.07 yaw=-0.82rad) odom=(3.06,-4.27 yaw=-0.94rad) nav=vx:0.000 wz:0.000 cmd=vx:0.000 wz:0.000
[INFO] [1783013188.207632767] [basic_navigator]: [242.8s] dist=0.00m amcl=(0.21,-4.07 yaw=-0.82rad) odom=(3.06,-4.27 yaw=-0.94rad) nav=vx:0.000 wz:0.000 cmd=vx:0.000 wz:0.000
[INFO] [1783013188.414417223] [basic_navigator]: [243.0s] dist=0.00m amcl=(0.21,-4.07 yaw=-0.82rad) odom=(3.06,-4.27 yaw=-0.94rad) nav=vx:0.000 wz:0.000 cmd=vx:0.000 wz:0.000
[INFO] [1783013188.620272209] [basic_navigator]: [243.2s] dist=0.00m amcl=(0.21,-4.07 yaw=-0.82rad) odom=(3.06,-4.27 yaw=-0.94rad) nav=vx:0.000 wz:0.000 cmd=vx:0.000 wz:0.000
[INFO] [1783013188.822248727] [basic_navigator]: [243.4s] dist=0.00m amcl=(0.21,-4.07 yaw=-0.82rad) odom=(3.06,-4.27 yaw=-0.94rad) nav=vx:0.000 wz:0.000 cmd=vx:0.000 wz:0.000
[INFO] [1783013189.031117901] [basic_navigator]: [243.6s] dist=0.00m amcl=(0.21,-4.07 yaw=-0.82rad) odom=(3.06,-4.27 yaw=-0.94rad) nav=vx:0.000 wz:0.000 cmd=vx:0.000 wz:0.000
[INFO] [1783013189.242625093] [basic_navigator]: [243.9s] dist=0.00m amcl=(0.21,-4.07 yaw=-0.82rad) odom=(3.06,-4.27 yaw=-0.94rad) nav=vx:0.000 wz:0.000 cmd=vx:0.000 wz:0.000
[INFO] [1783013189.447176680] [basic_navigator]: [244.1s] dist=0.00m amcl=(0.21,-4.07 yaw=-0.82rad) odom=(3.06,-4.27 yaw=-0.94rad) nav=vx:0.000 wz:0.000 cmd=vx:0.000 wz:0.000
[INFO] [1783013189.657324119] [basic_navigator]: [244.3s] dist=0.00m amcl=(0.21,-4.07 yaw=-0.82rad) odom=(3.06,-4.27 yaw=-0.94rad) nav=vx:0.000 wz:0.000 cmd=vx:0.000 wz:0.000
[INFO] [1783013189.864092954] [basic_navigator]: [244.5s] dist=0.00m amcl=(0.21,-4.07 yaw=-0.82rad) odom=(3.06,-4.27 yaw=-0.94rad) nav=vx:0.000 wz:0.000 cmd=vx:0.000 wz:0.000
[INFO] [1783013190.072557138] [basic_navigator]: [244.7s] dist=0.00m amcl=(0.21,-4.07 yaw=-0.82rad) odom=(3.06,-4.27 yaw=-0.94rad) nav=vx:0.000 wz:0.000 cmd=vx:0.000 wz:0.000
[INFO] [1783013190.275214572] [basic_navigator]: [244.9s] dist=0.00m amcl=(0.21,-4.07 yaw=-0.82rad) odom=(3.06,-4.27 yaw=-0.94rad) nav=vx:0.000 wz:0.000 cmd=vx:0.000 wz:0.000
[INFO] [1783013190.485328601] [basic_navigator]: [245.1s] dist=0.00m amcl=(0.21,-4.07 yaw=-0.82rad) odom=(3.06,-4.27 yaw=-0.94rad) nav=vx:0.000 wz:0.000 cmd=vx:0.000 wz:0.000
[INFO] [1783013190.689618031] [basic_navigator]: [245.3s] dist=0.00m amcl=(0.21,-4.07 yaw=-0.82rad) odom=(3.06,-4.27 yaw=-0.94rad) nav=vx:0.000 wz:0.000 cmd=vx:0.000 wz:0.000
[INFO] [1783013190.898091088] [basic_navigator]: [245.5s] dist=0.00m amcl=(0.21,-4.07 yaw=-0.82rad) odom=(3.06,-4.27 yaw=-0.94rad) nav=vx:0.000 wz:0.000 cmd=vx:0.000 wz:0.000
[INFO] [1783013191.102887932] [basic_navigator]: [245.7s] dist=0.00m amcl=(0.21,-4.07 yaw=-0.82rad) odom=(3.06,-4.27 yaw=-0.94rad) nav=vx:0.000 wz:0.000 cmd=vx:0.000 wz:0.000
[INFO] [1783013191.308544712] [basic_navigator]: [245.9s] dist=0.00m amcl=(0.21,-4.07 yaw=-0.82rad) odom=(3.06,-4.27 yaw=-0.94rad) nav=vx:0.000 wz:0.000 cmd=vx:0.000 wz:0.000
[INFO] [1783013191.512329027] [basic_navigator]: [246.1s] dist=0.00m amcl=(0.21,-4.07 yaw=-0.82rad) odom=(3.06,-4.27 yaw=-0.94rad) nav=vx:0.000 wz:0.000 cmd=vx:0.000 wz:0.000
[INFO] [1783013191.715467400] [basic_navigator]: [246.3s] dist=0.00m amcl=(0.21,-4.07 yaw=-0.82rad) odom=(3.06,-4.27 yaw=-0.94rad) nav=vx:0.000 wz:0.000 cmd=vx:0.000 wz:0.000
[INFO] [1783013191.920755160] [basic_navigator]: [246.5s] dist=0.00m amcl=(0.21,-4.07 yaw=-0.82rad) odom=(3.06,-4.27 yaw=-0.94rad) nav=vx:0.000 wz:0.000 cmd=vx:0.000 wz:0.000
[INFO] [1783013192.127173169] [basic_navigator]: [246.7s] dist=0.00m amcl=(0.21,-4.07 yaw=-0.82rad) odom=(3.06,-4.27 yaw=-0.94rad) nav=vx:0.000 wz:0.000 cmd=vx:0.000 wz:0.000
[INFO] [1783013192.330941440] [basic_navigator]: [246.9s] dist=0.00m amcl=(0.21,-4.07 yaw=-0.82rad) odom=(3.06,-4.27 yaw=-0.94rad) nav=vx:0.000 wz:0.000 cmd=vx:0.000 wz:0.000
[INFO] [1783013192.536686549] [basic_navigator]: [247.2s] dist=0.00m amcl=(0.21,-4.07 yaw=-0.82rad) odom=(3.06,-4.27 yaw=-0.94rad) nav=vx:0.000 wz:0.000 cmd=vx:0.000 wz:0.000
[INFO] [1783013192.745270684] [basic_navigator]: [247.4s] dist=0.00m amcl=(0.21,-4.07 yaw=-0.82rad) odom=(3.06,-4.27 yaw=-0.94rad) nav=vx:0.000 wz:0.000 cmd=vx:0.000 wz:0.000
[INFO] [1783013192.952783497] [basic_navigator]: [247.6s] dist=0.00m amcl=(0.21,-4.07 yaw=-0.82rad) odom=(3.06,-4.27 yaw=-0.94rad) nav=vx:0.000 wz:0.000 cmd=vx:0.000 wz:0.000
[INFO] [1783013193.162555894] [basic_navigator]: [247.8s] dist=0.00m amcl=(0.21,-4.07 yaw=-0.82rad) odom=(3.06,-4.27 yaw=-0.94rad) nav=vx:0.000 wz:0.000 cmd=vx:0.000 wz:0.000
[INFO] [1783013193.366698749] [basic_navigator]: [248.0s] dist=0.00m amcl=(0.21,-4.07 yaw=-0.82rad) odom=(3.06,-4.27 yaw=-0.94rad) nav=vx:0.000 wz:0.000 cmd=vx:0.000 wz:0.000
[INFO] [1783013193.571445513] [basic_navigator]: [248.2s] dist=0.00m amcl=(0.21,-4.07 yaw=-0.82rad) odom=(3.06,-4.27 yaw=-0.94rad) nav=vx:0.000 wz:0.000 cmd=vx:0.000 wz:0.000
[INFO] [1783013193.774508733] [basic_navigator]: [248.4s] dist=0.00m amcl=(0.21,-4.07 yaw=-0.82rad) odom=(3.06,-4.27 yaw=-0.94rad) nav=vx:0.000 wz:0.000 cmd=vx:0.000 wz:0.000
[INFO] [1783013193.979219772] [basic_navigator]: [248.6s] dist=0.00m amcl=(0.21,-4.07 yaw=-0.82rad) odom=(3.06,-4.27 yaw=-0.94rad) nav=vx:0.000 wz:0.000 cmd=vx:0.000 wz:0.000
[INFO] [1783013194.183437274] [basic_navigator]: [248.8s] dist=0.00m amcl=(0.21,-4.07 yaw=-0.82rad) odom=(3.06,-4.27 yaw=-0.94rad) nav=vx:0.000 wz:0.000 cmd=vx:0.000 wz:0.000
[INFO] [1783013194.386417425] [basic_navigator]: [249.0s] dist=0.00m amcl=(0.21,-4.07 yaw=-0.82rad) odom=(3.06,-4.27 yaw=-0.94rad) nav=vx:0.000 wz:0.000 cmd=vx:0.000 wz:0.000
[INFO] [1783013194.590790768] [basic_navigator]: [249.2s] dist=0.00m amcl=(0.21,-4.07 yaw=-0.82rad) odom=(3.06,-4.27 yaw=-0.94rad) nav=vx:0.000 wz:0.000 cmd=vx:0.000 wz:0.000
[INFO] [1783013194.792974100] [basic_navigator]: [249.4s] dist=0.00m amcl=(0.21,-4.07 yaw=-0.82rad) odom=(3.06,-4.27 yaw=-0.94rad) nav=vx:0.000 wz:0.000 cmd=vx:0.000 wz:0.000
[INFO] [1783013194.996275423] [basic_navigator]: [249.6s] dist=0.00m amcl=(0.21,-4.07 yaw=-0.82rad) odom=(3.06,-4.27 yaw=-0.94rad) nav=vx:0.000 wz:0.000 cmd=vx:0.000 wz:0.000
[INFO] [1783013195.203551406] [basic_navigator]: [249.8s] dist=0.00m amcl=(0.21,-4.07 yaw=-0.82rad) odom=(3.06,-4.27 yaw=-0.94rad) nav=vx:0.000 wz:0.000 cmd=vx:0.000 wz:0.000
[INFO] [1783013195.411449397] [basic_navigator]: [250.0s] dist=0.00m amcl=(0.21,-4.07 yaw=-0.82rad) odom=(3.06,-4.27 yaw=-0.94rad) nav=vx:0.000 wz:0.000 cmd=vx:0.000 wz:0.000
[INFO] [1783013195.613449140] [basic_navigator]: [250.2s] dist=0.00m amcl=(0.21,-4.07 yaw=-0.82rad) odom=(3.06,-4.27 yaw=-0.94rad) nav=vx:0.000 wz:0.000 cmd=vx:0.000 wz:0.000
[INFO] [1783013195.818941801] [basic_navigator]: [250.4s] dist=0.00m amcl=(0.21,-4.07 yaw=-0.82rad) odom=(3.06,-4.27 yaw=-0.94rad) nav=vx:0.000 wz:0.000 cmd=vx:0.000 wz:0.000
[INFO] [1783013196.023275288] [basic_navigator]: [250.6s] dist=0.00m amcl=(0.21,-4.07 yaw=-0.82rad) odom=(3.06,-4.27 yaw=-0.94rad) nav=vx:0.000 wz:0.000 cmd=vx:0.000 wz:0.000
[INFO] [1783013196.226357252] [basic_navigator]: [250.8s] dist=0.00m amcl=(0.21,-4.07 yaw=-0.82rad) odom=(3.06,-4.27 yaw=-0.94rad) nav=vx:-0.150 wz:0.000 cmd=vx:0.000 wz:0.000
[INFO] [1783013196.430703780] [basic_navigator]: [251.0s] dist=0.00m amcl=(0.20,-4.06 yaw=-0.82rad) odom=(3.05,-4.26 yaw=-0.94rad) nav=vx:-0.150 wz:0.000 cmd=vx:-0.150 wz:0.000
[INFO] [1783013196.632870917] [basic_navigator]: [251.3s] dist=0.00m amcl=(0.19,-4.05 yaw=-0.82rad) odom=(3.04,-4.25 yaw=-0.94rad) nav=vx:-0.150 wz:0.000 cmd=vx:-0.150 wz:0.000
[INFO] [1783013196.836968542] [basic_navigator]: [251.5s] dist=0.00m amcl=(0.18,-4.04 yaw=-0.82rad) odom=(3.03,-4.24 yaw=-0.94rad) nav=vx:0.000 wz:0.000 cmd=vx:-0.150 wz:0.000
[INFO] [1783013197.040594641] [basic_navigator]: [251.7s] dist=0.00m amcl=(0.17,-4.03 yaw=-0.82rad) odom=(3.03,-4.23 yaw=-0.94rad) nav=vx:0.000 wz:0.000 cmd=vx:0.000 wz:0.000
[INFO] [1783013197.246631463] [basic_navigator]: [251.9s] dist=0.00m amcl=(0.17,-4.03 yaw=-0.82rad) odom=(3.03,-4.23 yaw=-0.94rad) nav=vx:0.000 wz:0.000 cmd=vx:0.000 wz:0.000
[INFO] [1783013197.452458864] [basic_navigator]: [252.1s] dist=0.00m amcl=(0.17,-4.03 yaw=-0.82rad) odom=(3.03,-4.23 yaw=-0.94rad) nav=vx:0.000 wz:0.000 cmd=vx:0.000 wz:0.000
[INFO] [1783013197.655041495] [basic_navigator]: [252.3s] dist=0.00m amcl=(0.17,-4.03 yaw=-0.82rad) odom=(3.03,-4.23 yaw=-0.94rad) nav=vx:0.000 wz:0.000 cmd=vx:0.000 wz:0.000
[INFO] [1783013197.859355925] [basic_navigator]: [252.5s] dist=0.00m amcl=(0.17,-4.03 yaw=-0.82rad) odom=(3.03,-4.23 yaw=-0.94rad) nav=vx:0.000 wz:0.000 cmd=vx:0.000 wz:0.000
[INFO] [1783013198.062286879] [basic_navigator]: [252.7s] dist=0.00m amcl=(0.17,-4.03 yaw=-0.82rad) odom=(3.03,-4.23 yaw=-0.94rad) nav=vx:0.000 wz:0.000 cmd=vx:0.000 wz:0.000
[INFO] [1783013198.266532374] [basic_navigator]: [252.9s] dist=0.00m amcl=(0.17,-4.03 yaw=-0.82rad) odom=(3.03,-4.23 yaw=-0.94rad) nav=vx:0.000 wz:0.000 cmd=vx:0.000 wz:0.000
[INFO] [1783013198.474881422] [basic_navigator]: [253.1s] dist=0.00m amcl=(0.17,-4.03 yaw=-0.82rad) odom=(3.03,-4.23 yaw=-0.94rad) nav=vx:0.000 wz:0.000 cmd=vx:0.000 wz:0.000
[INFO] [1783013198.678020244] [basic_navigator]: [253.3s] dist=0.00m amcl=(0.17,-4.03 yaw=-0.82rad) odom=(3.03,-4.23 yaw=-0.94rad) nav=vx:0.000 wz:0.000 cmd=vx:0.000 wz:0.000
[INFO] [1783013198.882320243] [basic_navigator]: [253.5s] dist=0.00m amcl=(0.17,-4.03 yaw=-0.82rad) odom=(3.03,-4.23 yaw=-0.94rad) nav=vx:0.000 wz:0.000 cmd=vx:0.000 wz:0.000
[INFO] [1783013199.085228028] [basic_navigator]: [253.7s] dist=0.00m amcl=(0.17,-4.03 yaw=-0.82rad) odom=(3.03,-4.23 yaw=-0.94rad) nav=vx:0.000 wz:0.000 cmd=vx:0.000 wz:0.000
[INFO] [1783013199.287991348] [basic_navigator]: [253.9s] dist=0.00m amcl=(0.17,-4.03 yaw=-0.82rad) odom=(3.03,-4.23 yaw=-0.94rad) nav=vx:0.000 wz:0.000 cmd=vx:0.000 wz:0.000
[INFO] [1783013199.492507202] [basic_navigator]: [254.1s] dist=0.00m amcl=(0.17,-4.03 yaw=-0.82rad) odom=(3.03,-4.23 yaw=-0.94rad) nav=vx:0.000 wz:0.000 cmd=vx:0.000 wz:0.000
[INFO] [1783013199.702125416] [basic_navigator]: [254.3s] dist=0.00m amcl=(0.17,-4.03 yaw=-0.82rad) odom=(3.03,-4.23 yaw=-0.94rad) nav=vx:0.000 wz:0.000 cmd=vx:0.000 wz:0.000
[INFO] [1783013199.906345238] [basic_navigator]: [254.5s] dist=0.00m amcl=(0.17,-4.03 yaw=-0.82rad) odom=(3.03,-4.23 yaw=-0.94rad) nav=vx:0.000 wz:0.000 cmd=vx:0.000 wz:0.000
[INFO] [1783013200.109939636] [basic_navigator]: [254.7s] dist=0.00m amcl=(0.17,-4.03 yaw=-0.82rad) odom=(3.03,-4.23 yaw=-0.94rad) nav=vx:0.000 wz:0.000 cmd=vx:0.000 wz:0.000
SMOKE_RESULT=TaskResult.FAILED
