[INFO] [1783013370.615816289] [basic_navigator]: AMCL localizer: keeping current pose belief.
[INFO] [1783013377.271512076] [basic_navigator]: Nav2 is ready for use!
[INFO] [1783013377.272511245] [basic_navigator]: Nav2 active. Sending goal (3.0, 0.0).
[INFO] [1783013377.294865933] [basic_navigator]: Navigating to goal: 3.0 0.0...
[INFO] [1783013377.351636647] [basic_navigator]: NAVFN_PATH total=118 first5=['(0.00,0.00)', '(0.05,0.00)', '(0.08,0.00)', '(0.10,0.00)', '(0.13,0.00)'] last5=['(2.85,0.00)', '(2.88,0.00)', '(2.90,0.00)', '(2.95,0.00)', '(3.00,0.00)']
[INFO] [1783013377.549274530] [basic_navigator]: [  0.2s] dist=3.00m amcl=(0.00,0.00 yaw=0.00rad) odom=(0.00,0.00 yaw=0.00rad) nav=vx:0.102 wz:0.010 cmd=vx:0.086 wz:0.002
[INFO] [1783013377.752687120] [basic_navigator]: [  0.4s] dist=3.00m amcl=(0.01,0.00 yaw=0.00rad) odom=(0.01,0.00 yaw=0.00rad) nav=vx:0.109 wz:0.003 cmd=vx:0.114 wz:0.005
[INFO] [1783013377.955754511] [basic_navigator]: [  0.6s] dist=3.00m amcl=(0.01,0.00 yaw=0.00rad) odom=(0.01,0.00 yaw=0.00rad) nav=vx:0.103 wz:-0.008 cmd=vx:0.109 wz:0.003
[INFO] [1783013378.163213187] [basic_navigator]: [  0.8s] dist=3.00m amcl=(0.02,0.00 yaw=0.00rad) odom=(0.02,0.00 yaw=0.00rad) nav=vx:0.105 wz:-0.007 cmd=vx:0.102 wz:-0.008
[INFO] [1783013378.367110956] [basic_navigator]: [  1.0s] dist=2.95m amcl=(0.03,0.00 yaw=0.00rad) odom=(0.03,0.00 yaw=0.00rad) nav=vx:0.104 wz:0.002 cmd=vx:0.104 wz:-0.008
[INFO] [1783013378.582916238] [basic_navigator]: [  1.2s] dist=2.95m amcl=(0.04,0.00 yaw=0.00rad) odom=(0.04,0.00 yaw=0.00rad) nav=vx:0.102 wz:0.001 cmd=vx:0.102 wz:0.002
[INFO] [1783013378.791513727] [basic_navigator]: [  1.4s] dist=2.95m amcl=(0.04,0.00 yaw=0.00rad) odom=(0.04,0.00 yaw=0.00rad) nav=vx:0.102 wz:0.005 cmd=vx:0.108 wz:0.004
[INFO] [1783013378.997582004] [basic_navigator]: [  1.7s] dist=2.95m amcl=(0.05,0.00 yaw=0.00rad) odom=(0.05,0.00 yaw=0.00rad) nav=vx:0.103 wz:0.010 cmd=vx:0.108 wz:0.004
[INFO] [1783013379.200851265] [basic_navigator]: [  1.9s] dist=2.95m amcl=(0.05,0.00 yaw=0.00rad) odom=(0.06,0.00 yaw=0.00rad) nav=vx:0.105 wz:0.012 cmd=vx:0.103 wz:0.010
[INFO] [1783013379.406806770] [basic_navigator]: [  2.1s] dist=2.95m amcl=(0.06,0.00 yaw=0.00rad) odom=(0.06,0.00 yaw=0.00rad) nav=vx:0.106 wz:0.012 cmd=vx:0.105 wz:0.012
[INFO] [1783013379.611042590] [basic_navigator]: [  2.3s] dist=2.95m amcl=(0.07,0.00 yaw=0.00rad) odom=(0.07,0.00 yaw=0.00rad) nav=vx:0.102 wz:0.009 cmd=vx:0.106 wz:0.012
[INFO] [1783013379.815343931] [basic_navigator]: [  2.5s] dist=2.90m amcl=(0.08,0.00 yaw=0.00rad) odom=(0.08,0.00 yaw=0.00rad) nav=vx:0.103 wz:0.005 cmd=vx:0.102 wz:0.009
[INFO] [1783013380.029705773] [basic_navigator]: [  2.7s] dist=2.90m amcl=(0.09,0.00 yaw=0.00rad) odom=(0.09,0.00 yaw=0.00rad) nav=vx:0.103 wz:0.002 cmd=vx:0.103 wz:0.005
[INFO] [1783013380.234880930] [basic_navigator]: [  2.9s] dist=2.90m amcl=(0.09,0.00 yaw=0.00rad) odom=(0.09,0.00 yaw=0.00rad) nav=vx:0.100 wz:-0.007 cmd=vx:0.101 wz:-0.009
[INFO] [1783013380.445011272] [basic_navigator]: [  3.1s] dist=2.90m amcl=(0.10,0.00 yaw=0.00rad) odom=(0.10,0.00 yaw=0.00rad) nav=vx:0.102 wz:-0.014 cmd=vx:0.100 wz:-0.007
[INFO] [1783013380.650245190] [basic_navigator]: [  3.3s] dist=2.90m amcl=(0.11,0.00 yaw=0.00rad) odom=(0.11,0.00 yaw=0.00rad) nav=vx:0.103 wz:-0.016 cmd=vx:0.100 wz:-0.020
[INFO] [1783013380.858483975] [basic_navigator]: [  3.5s] dist=2.90m amcl=(0.12,0.00 yaw=0.00rad) odom=(0.12,0.00 yaw=0.00rad) nav=vx:0.101 wz:-0.020 cmd=vx:0.101 wz:-0.011
[INFO] [1783013381.070400716] [basic_navigator]: [  3.7s] dist=2.90m amcl=(0.12,0.00 yaw=0.00rad) odom=(0.12,0.00 yaw=0.00rad) nav=vx:0.105 wz:-0.033 cmd=vx:0.101 wz:-0.011
[INFO] [1783013381.280275414] [basic_navigator]: [  3.9s] dist=2.90m amcl=(0.12,0.00 yaw=0.00rad) odom=(0.12,0.00 yaw=0.00rad) nav=vx:0.108 wz:-0.022 cmd=vx:0.102 wz:-0.025
[INFO] [1783013381.482923892] [basic_navigator]: [  4.1s] dist=2.85m amcl=(0.13,0.00 yaw=-0.00rad) odom=(0.13,0.00 yaw=-0.00rad) nav=vx:0.106 wz:-0.018 cmd=vx:0.105 wz:-0.033
[INFO] [1783013381.690191750] [basic_navigator]: [  4.3s] dist=2.85m amcl=(0.13,0.00 yaw=-0.00rad) odom=(0.13,0.00 yaw=-0.00rad) nav=vx:0.106 wz:-0.030 cmd=vx:0.104 wz:-0.031
[INFO] [1783013381.893512127] [basic_navigator]: [  4.5s] dist=2.85m amcl=(0.14,0.00 yaw=-0.00rad) odom=(0.14,0.00 yaw=-0.00rad) nav=vx:0.103 wz:-0.019 cmd=vx:0.105 wz:-0.024
[INFO] [1783013382.106265150] [basic_navigator]: [  4.8s] dist=2.85m amcl=(0.15,0.00 yaw=-0.01rad) odom=(0.15,0.00 yaw=-0.01rad) nav=vx:0.101 wz:-0.019 cmd=vx:0.103 wz:-0.019
[INFO] [1783013382.315733810] [basic_navigator]: [  5.0s] dist=2.85m amcl=(0.16,0.00 yaw=-0.01rad) odom=(0.16,0.00 yaw=-0.01rad) nav=vx:0.105 wz:-0.022 cmd=vx:0.105 wz:-0.019
[INFO] [1783013382.523836811] [basic_navigator]: [  5.2s] dist=2.85m amcl=(0.16,0.00 yaw=-0.01rad) odom=(0.17,0.00 yaw=-0.01rad) nav=vx:0.101 wz:-0.028 cmd=vx:0.105 wz:-0.022
[INFO] [1783013382.727145968] [basic_navigator]: [  5.4s] dist=2.85m amcl=(0.17,-0.00 yaw=-0.01rad) odom=(0.17,-0.00 yaw=-0.01rad) nav=vx:0.104 wz:-0.021 cmd=vx:0.101 wz:-0.028
[INFO] [1783013382.936472554] [basic_navigator]: [  5.6s] dist=2.80m amcl=(0.18,-0.00 yaw=-0.01rad) odom=(0.18,-0.00 yaw=-0.01rad) nav=vx:0.105 wz:-0.016 cmd=vx:0.108 wz:-0.017
[INFO] [1783013383.144001377] [basic_navigator]: [  5.8s] dist=2.80m amcl=(0.19,-0.00 yaw=-0.01rad) odom=(0.19,-0.00 yaw=-0.01rad) nav=vx:0.101 wz:-0.014 cmd=vx:0.101 wz:-0.014
[INFO] [1783013383.350381462] [basic_navigator]: [  6.0s] dist=2.80m amcl=(0.19,-0.00 yaw=-0.01rad) odom=(0.19,-0.00 yaw=-0.01rad) nav=vx:0.101 wz:-0.038 cmd=vx:0.100 wz:-0.019
[INFO] [1783013383.562606559] [basic_navigator]: [  6.2s] dist=2.80m amcl=(0.20,-0.00 yaw=-0.02rad) odom=(0.20,-0.00 yaw=-0.02rad) nav=vx:0.102 wz:-0.051 cmd=vx:0.104 wz:-0.041
[INFO] [1783013383.767283209] [basic_navigator]: [  6.4s] dist=2.80m amcl=(0.21,-0.00 yaw=-0.02rad) odom=(0.21,-0.00 yaw=-0.02rad) nav=vx:0.103 wz:-0.049 cmd=vx:0.104 wz:-0.046
[INFO] [1783013383.972447158] [basic_navigator]: [  6.6s] dist=2.80m amcl=(0.22,-0.00 yaw=-0.02rad) odom=(0.22,-0.00 yaw=-0.02rad) nav=vx:0.102 wz:-0.030 cmd=vx:0.105 wz:-0.042
[INFO] [1783013384.183179305] [basic_navigator]: [  6.8s] dist=2.75m amcl=(0.23,-0.00 yaw=-0.03rad) odom=(0.23,-0.00 yaw=-0.03rad) nav=vx:0.100 wz:-0.022 cmd=vx:0.102 wz:-0.030
[INFO] [1783013384.390726495] [basic_navigator]: [  7.0s] dist=2.75m amcl=(0.24,-0.00 yaw=-0.03rad) odom=(0.24,-0.00 yaw=-0.03rad) nav=vx:0.103 wz:-0.026 cmd=vx:0.102 wz:-0.029
[INFO] [1783013384.595225587] [basic_navigator]: [  7.2s] dist=2.75m amcl=(0.24,-0.00 yaw=-0.03rad) odom=(0.25,-0.00 yaw=-0.03rad) nav=vx:0.104 wz:-0.032 cmd=vx:0.103 wz:-0.026
[INFO] [1783013384.799179210] [basic_navigator]: [  7.5s] dist=2.75m amcl=(0.25,-0.00 yaw=-0.03rad) odom=(0.25,-0.00 yaw=-0.03rad) nav=vx:0.104 wz:-0.042 cmd=vx:0.102 wz:-0.041
[INFO] [1783013385.004090346] [basic_navigator]: [  7.7s] dist=2.75m amcl=(0.26,-0.00 yaw=-0.03rad) odom=(0.26,-0.00 yaw=-0.04rad) nav=vx:0.102 wz:-0.051 cmd=vx:0.104 wz:-0.042
[INFO] [1783013385.211364764] [basic_navigator]: [  7.9s] dist=2.75m amcl=(0.26,-0.00 yaw=-0.04rad) odom=(0.27,-0.00 yaw=-0.04rad) nav=vx:0.106 wz:-0.057 cmd=vx:0.102 wz:-0.051
[INFO] [1783013385.417027772] [basic_navigator]: [  8.1s] dist=2.75m amcl=(0.27,-0.00 yaw=-0.04rad) odom=(0.27,-0.00 yaw=-0.04rad) nav=vx:0.102 wz:-0.046 cmd=vx:0.107 wz:-0.050
[INFO] [1783013385.620992157] [basic_navigator]: [  8.3s] dist=2.70m amcl=(0.28,-0.00 yaw=-0.04rad) odom=(0.28,-0.00 yaw=-0.04rad) nav=vx:0.109 wz:-0.056 cmd=vx:0.102 wz:-0.046
[INFO] [1783013385.828104037] [basic_navigator]: [  8.5s] dist=2.70m amcl=(0.28,-0.00 yaw=-0.05rad) odom=(0.28,-0.00 yaw=-0.05rad) nav=vx:0.107 wz:-0.067 cmd=vx:0.109 wz:-0.056
[INFO] [1783013386.030621091] [basic_navigator]: [  8.7s] dist=2.70m amcl=(0.29,-0.00 yaw=-0.05rad) odom=(0.29,-0.00 yaw=-0.05rad) nav=vx:0.113 wz:-0.101 cmd=vx:0.108 wz:-0.099
[INFO] [1783013386.241671375] [basic_navigator]: [  8.9s] dist=2.70m amcl=(0.30,-0.00 yaw=-0.05rad) odom=(0.30,-0.00 yaw=-0.06rad) nav=vx:0.114 wz:-0.097 cmd=vx:0.114 wz:0.059
[INFO] [1783013386.444280730] [basic_navigator]: [  9.1s] dist=2.70m amcl=(0.30,-0.00 yaw=-0.06rad) odom=(0.30,-0.00 yaw=-0.06rad) nav=vx:0.113 wz:-0.107 cmd=vx:0.113 wz:-0.125
[INFO] [1783013386.657489572] [basic_navigator]: [  9.3s] dist=2.70m amcl=(0.31,-0.00 yaw=-0.06rad) odom=(0.31,-0.00 yaw=-0.06rad) nav=vx:0.111 wz:-0.144 cmd=vx:0.111 wz:-0.132
[INFO] [1783013386.861076039] [basic_navigator]: [  9.5s] dist=2.70m amcl=(0.32,-0.00 yaw=-0.07rad) odom=(0.32,-0.01 yaw=-0.07rad) nav=vx:0.125 wz:-0.297 cmd=vx:0.112 wz:-0.219
[INFO] [1783013387.063464930] [basic_navigator]: [  9.7s] dist=2.65m amcl=(0.33,-0.01 yaw=-0.10rad) odom=(0.33,-0.01 yaw=-0.10rad) nav=vx:0.163 wz:-0.458 cmd=vx:0.139 wz:-0.404
[INFO] [1783013387.271554135] [basic_navigator]: [  9.9s] dist=2.65m amcl=(0.35,-0.01 yaw=-0.14rad) odom=(0.35,-0.01 yaw=-0.14rad) nav=vx:0.189 wz:-0.471 cmd=vx:0.189 wz:-0.471
[INFO] [1783013387.475002066] [basic_navigator]: [ 10.1s] dist=2.65m amcl=(0.36,-0.01 yaw=-0.17rad) odom=(0.36,-0.01 yaw=-0.18rad) nav=vx:0.237 wz:-0.461 cmd=vx:0.000 wz:-0.151
[INFO] [1783013387.683362405] [basic_navigator]: [ 10.3s] dist=2.65m amcl=(0.37,-0.01 yaw=-0.22rad) odom=(0.37,-0.01 yaw=-0.22rad) nav=vx:0.261 wz:-0.416 cmd=vx:0.240 wz:-0.427
[INFO] [1783013387.891437888] [basic_navigator]: [ 10.5s] dist=2.60m amcl=(0.39,-0.02 yaw=-0.25rad) odom=(0.39,-0.02 yaw=-0.25rad) nav=vx:0.000 wz:1.900 cmd=vx:0.261 wz:-0.416
[INFO] [1783013388.094317353] [basic_navigator]: [ 10.7s] dist=2.60m amcl=(0.41,-0.02 yaw=-0.27rad) odom=(0.41,-0.02 yaw=-0.28rad) nav=vx:0.318 wz:-0.367 cmd=vx:0.149 wz:-0.248
[INFO] [1783013388.297136081] [basic_navigator]: [ 11.0s] dist=2.58m amcl=(0.42,-0.03 yaw=-0.30rad) odom=(0.42,-0.03 yaw=-0.30rad) nav=vx:0.337 wz:-0.330 cmd=vx:0.318 wz:-0.367
[INFO] [1783013388.510115748] [basic_navigator]: [ 11.2s] dist=2.55m amcl=(0.45,-0.03 yaw=-0.32rad) odom=(0.45,-0.03 yaw=-0.32rad) nav=vx:0.366 wz:-0.301 cmd=vx:0.346 wz:-0.327
[INFO] [1783013388.713902716] [basic_navigator]: [ 11.4s] dist=2.57m amcl=(0.47,-0.04 yaw=-0.34rad) odom=(0.47,-0.04 yaw=-0.34rad) nav=vx:0.387 wz:-0.271 cmd=vx:0.366 wz:-0.301
[INFO] [1783013388.918114382] [basic_navigator]: [ 11.6s] dist=2.52m amcl=(0.49,-0.05 yaw=-0.36rad) odom=(0.50,-0.05 yaw=-0.37rad) nav=vx:0.000 wz:1.900 cmd=vx:0.387 wz:-0.271
[INFO] [1783013389.123642344] [basic_navigator]: [ 11.8s] dist=2.50m amcl=(0.52,-0.06 yaw=-0.38rad) odom=(0.52,-0.06 yaw=-0.38rad) nav=vx:0.417 wz:-0.164 cmd=vx:0.277 wz:-0.092
[INFO] [1783013389.327299515] [basic_navigator]: [ 12.0s] dist=2.47m amcl=(0.54,-0.07 yaw=-0.39rad) odom=(0.56,-0.08 yaw=-0.39rad) nav=vx:0.000 wz:1.900 cmd=vx:0.417 wz:-0.164
[INFO] [1783013389.534523481] [basic_navigator]: [ 12.2s] dist=2.45m amcl=(0.58,-0.09 yaw=-0.40rad) odom=(0.59,-0.09 yaw=-0.40rad) nav=vx:0.000 wz:0.000 cmd=vx:0.301 wz:0.010
[INFO] [1783013389.739943178] [basic_navigator]: [ 12.4s] dist=2.42m amcl=(0.61,-0.10 yaw=-0.40rad) odom=(0.61,-0.10 yaw=-0.40rad) nav=vx:0.126 wz:0.031 cmd=vx:0.051 wz:0.000
[INFO] [1783013389.943115925] [basic_navigator]: [ 12.6s] dist=2.40m amcl=(0.62,-0.10 yaw=-0.40rad) odom=(0.62,-0.10 yaw=-0.40rad) nav=vx:0.306 wz:0.072 cmd=vx:0.231 wz:0.056
[INFO] [1783013390.146184700] [basic_navigator]: [ 12.8s] dist=2.40m amcl=(0.64,-0.11 yaw=-0.40rad) odom=(0.64,-0.11 yaw=-0.40rad) nav=vx:0.000 wz:0.000 cmd=vx:0.352 wz:0.070
[INFO] [1783013390.349334742] [basic_navigator]: [ 13.0s] dist=2.37m amcl=(0.65,-0.11 yaw=-0.39rad) odom=(0.66,-0.12 yaw=-0.39rad) nav=vx:0.000 wz:1.900 cmd=vx:0.227 wz:0.000
[INFO] [1783013390.554487602] [basic_navigator]: [ 13.2s] dist=2.37m amcl=(0.66,-0.12 yaw=-0.38rad) odom=(0.66,-0.12 yaw=-0.38rad) nav=vx:0.276 wz:-0.043 cmd=vx:0.223 wz:0.000
[INFO] [1783013390.760129014] [basic_navigator]: [ 13.4s] dist=2.35m amcl=(0.66,-0.12 yaw=-0.38rad) odom=(0.66,-0.12 yaw=-0.38rad) nav=vx:0.344 wz:-0.034 cmd=vx:0.276 wz:-0.043
[INFO] [1783013390.969074287] [basic_navigator]: [ 13.6s] dist=2.35m amcl=(0.68,-0.13 yaw=-0.38rad) odom=(0.68,-0.13 yaw=-0.38rad) nav=vx:0.435 wz:-0.079 cmd=vx:0.344 wz:-0.034
[INFO] [1783013391.173249038] [basic_navigator]: [ 13.8s] dist=2.32m amcl=(0.70,-0.14 yaw=-0.39rad) odom=(0.70,-0.14 yaw=-0.39rad) nav=vx:0.000 wz:1.900 cmd=vx:0.185 wz:0.000
[INFO] [1783013391.383859628] [basic_navigator]: [ 14.0s] dist=2.32m amcl=(0.71,-0.14 yaw=-0.38rad) odom=(0.71,-0.14 yaw=-0.38rad) nav=vx:0.272 wz:0.033 cmd=vx:0.125 wz:0.160
[INFO] [1783013391.587180635] [basic_navigator]: [ 14.2s] dist=2.30m amcl=(0.72,-0.14 yaw=-0.37rad) odom=(0.72,-0.15 yaw=-0.37rad) nav=vx:0.408 wz:-0.077 cmd=vx:0.314 wz:0.024
[INFO] [1783013391.793902729] [basic_navigator]: [ 14.4s] dist=2.28m amcl=(0.74,-0.15 yaw=-0.38rad) odom=(0.74,-0.15 yaw=-0.38rad) nav=vx:0.000 wz:0.000 cmd=vx:0.189 wz:-0.077
[INFO] [1783013391.996976685] [basic_navigator]: [ 14.7s] dist=2.28m amcl=(0.76,-0.16 yaw=-0.38rad) odom=(0.76,-0.16 yaw=-0.38rad) nav=vx:0.000 wz:0.000 cmd=vx:0.000 wz:0.000
[INFO] [1783013392.211350784] [basic_navigator]: [ 14.9s] dist=2.28m amcl=(0.76,-0.16 yaw=-0.38rad) odom=(0.76,-0.16 yaw=-0.38rad) nav=vx:0.223 wz:-0.056 cmd=vx:0.000 wz:0.000
[INFO] [1783013392.416485923] [basic_navigator]: [ 15.1s] dist=2.25m amcl=(0.77,-0.16 yaw=-0.38rad) odom=(0.77,-0.16 yaw=-0.38rad) nav=vx:0.413 wz:-0.158 cmd=vx:0.332 wz:-0.082
[INFO] [1783013392.625294072] [basic_navigator]: [ 15.3s] dist=2.25m amcl=(0.79,-0.17 yaw=-0.39rad) odom=(0.79,-0.17 yaw=-0.39rad) nav=vx:0.000 wz:0.000 cmd=vx:0.413 wz:-0.158
[INFO] [1783013392.828939470] [basic_navigator]: [ 15.5s] dist=2.24m amcl=(0.82,-0.18 yaw=-0.40rad) odom=(0.82,-0.18 yaw=-0.40rad) nav=vx:0.220 wz:0.000 cmd=vx:0.000 wz:-0.160
[INFO] [1783013393.035429852] [basic_navigator]: [ 15.7s] dist=2.24m amcl=(0.82,-0.18 yaw=-0.41rad) odom=(0.82,-0.18 yaw=-0.41rad) nav=vx:0.316 wz:-0.030 cmd=vx:0.220 wz:0.000
[INFO] [1783013393.240006569] [basic_navigator]: [ 15.9s] dist=2.20m amcl=(0.84,-0.19 yaw=-0.41rad) odom=(0.84,-0.19 yaw=-0.41rad) nav=vx:0.417 wz:-0.103 cmd=vx:0.191 wz:-0.190
[INFO] [1783013393.445187896] [basic_navigator]: [ 16.1s] dist=2.17m amcl=(0.86,-0.20 yaw=-0.42rad) odom=(0.86,-0.20 yaw=-0.42rad) nav=vx:0.445 wz:-0.111 cmd=vx:0.441 wz:-0.112
[INFO] [1783013393.649154009] [basic_navigator]: [ 16.3s] dist=2.15m amcl=(0.90,-0.22 yaw=-0.43rad) odom=(0.90,-0.22 yaw=-0.43rad) nav=vx:0.000 wz:0.000 cmd=vx:0.195 wz:-0.431
[INFO] [1783013393.853549342] [basic_navigator]: [ 16.5s] dist=2.14m amcl=(0.91,-0.22 yaw=-0.44rad) odom=(0.91,-0.22 yaw=-0.44rad) nav=vx:0.217 wz:-0.054 cmd=vx:0.000 wz:-0.271
[INFO] [1783013394.058549137] [basic_navigator]: [ 16.7s] dist=2.14m amcl=(0.91,-0.23 yaw=-0.46rad) odom=(0.91,-0.23 yaw=-0.46rad) nav=vx:0.319 wz:-0.062 cmd=vx:0.217 wz:-0.111
[INFO] [1783013394.271407366] [basic_navigator]: [ 16.9s] dist=2.10m amcl=(0.94,-0.24 yaw=-0.47rad) odom=(0.94,-0.24 yaw=-0.47rad) nav=vx:0.000 wz:0.000 cmd=vx:0.069 wz:0.000
[INFO] [1783013394.474973814] [basic_navigator]: [ 17.1s] dist=2.10m amcl=(0.94,-0.24 yaw=-0.47rad) odom=(0.94,-0.24 yaw=-0.47rad) nav=vx:0.208 wz:-0.005 cmd=vx:0.104 wz:0.038
[INFO] [1783013394.678213516] [basic_navigator]: [ 17.3s] dist=2.10m amcl=(0.95,-0.24 yaw=-0.47rad) odom=(0.95,-0.24 yaw=-0.47rad) nav=vx:0.130 wz:-0.017 cmd=vx:0.083 wz:-0.165
[INFO] [1783013394.886279232] [basic_navigator]: [ 17.5s] dist=2.11m amcl=(0.95,-0.24 yaw=-0.48rad) odom=(0.95,-0.24 yaw=-0.48rad) nav=vx:0.000 wz:0.000 cmd=vx:0.125 wz:-0.017
[INFO] [1783013395.091477747] [basic_navigator]: [ 17.7s] dist=2.11m amcl=(0.96,-0.25 yaw=-0.48rad) odom=(0.96,-0.25 yaw=-0.48rad) nav=vx:0.107 wz:0.031 cmd=vx:0.107 wz:0.031
[INFO] [1783013395.299410086] [basic_navigator]: [ 18.0s] dist=2.11m amcl=(0.96,-0.25 yaw=-0.48rad) odom=(0.96,-0.25 yaw=-0.48rad) nav=vx:0.000 wz:0.000 cmd=vx:0.000 wz:0.000
[INFO] [1783013395.508656350] [basic_navigator]: [ 18.2s] dist=2.11m amcl=(0.96,-0.25 yaw=-0.48rad) odom=(0.96,-0.25 yaw=-0.48rad) nav=vx:0.000 wz:0.000 cmd=vx:0.000 wz:0.000
[INFO] [1783013395.715268697] [basic_navigator]: [ 18.4s] dist=2.11m amcl=(0.96,-0.25 yaw=-0.48rad) odom=(0.96,-0.25 yaw=-0.48rad) nav=vx:0.000 wz:0.000 cmd=vx:0.000 wz:0.000
[INFO] [1783013395.918731649] [basic_navigator]: [ 18.6s] dist=2.11m amcl=(0.96,-0.25 yaw=-0.48rad) odom=(0.96,-0.25 yaw=-0.48rad) nav=vx:0.000 wz:0.000 cmd=vx:0.000 wz:0.000
[INFO] [1783013396.123759564] [basic_navigator]: [ 18.8s] dist=2.11m amcl=(0.96,-0.25 yaw=-0.48rad) odom=(0.96,-0.25 yaw=-0.48rad) nav=vx:0.000 wz:0.000 cmd=vx:0.000 wz:0.000
[INFO] [1783013396.328126797] [basic_navigator]: [ 19.0s] dist=2.11m amcl=(0.96,-0.25 yaw=-0.48rad) odom=(0.96,-0.25 yaw=-0.48rad) nav=vx:0.000 wz:0.000 cmd=vx:0.000 wz:0.000
[INFO] [1783013396.532088255] [basic_navigator]: [ 19.2s] dist=2.11m amcl=(0.96,-0.25 yaw=-0.48rad) odom=(0.96,-0.25 yaw=-0.48rad) nav=vx:0.000 wz:0.000 cmd=vx:0.000 wz:0.000
[INFO] [1783013396.735002338] [basic_navigator]: [ 19.4s] dist=2.11m amcl=(0.96,-0.25 yaw=-0.48rad) odom=(0.96,-0.25 yaw=-0.48rad) nav=vx:0.000 wz:0.000 cmd=vx:0.000 wz:0.000
[INFO] [1783013396.938042474] [basic_navigator]: [ 19.6s] dist=2.11m amcl=(0.96,-0.25 yaw=-0.48rad) odom=(0.96,-0.25 yaw=-0.48rad) nav=vx:0.000 wz:0.000 cmd=vx:0.000 wz:0.000
[INFO] [1783013397.141255736] [basic_navigator]: [ 19.8s] dist=2.11m amcl=(0.96,-0.25 yaw=-0.48rad) odom=(0.96,-0.25 yaw=-0.48rad) nav=vx:0.000 wz:0.000 cmd=vx:0.000 wz:0.000
[INFO] [1783013397.347804441] [basic_navigator]: [ 20.0s] dist=2.11m amcl=(0.96,-0.25 yaw=-0.48rad) odom=(0.96,-0.25 yaw=-0.48rad) nav=vx:0.000 wz:0.000 cmd=vx:0.000 wz:0.000
[INFO] [1783013397.551342245] [basic_navigator]: [ 20.2s] dist=2.11m amcl=(0.96,-0.25 yaw=-0.48rad) odom=(0.96,-0.25 yaw=-0.48rad) nav=vx:0.000 wz:0.000 cmd=vx:0.000 wz:0.000
[INFO] [1783013397.755289386] [basic_navigator]: [ 20.4s] dist=2.11m amcl=(0.96,-0.25 yaw=-0.48rad) odom=(0.96,-0.25 yaw=-0.48rad) nav=vx:0.000 wz:0.000 cmd=vx:0.000 wz:0.000
[INFO] [1783013397.960681892] [basic_navigator]: [ 20.6s] dist=2.11m amcl=(0.96,-0.25 yaw=-0.48rad) odom=(0.96,-0.25 yaw=-0.48rad) nav=vx:0.000 wz:0.000 cmd=vx:0.000 wz:0.000
[INFO] [1783013398.164548130] [basic_navigator]: [ 20.8s] dist=2.11m amcl=(0.96,-0.25 yaw=-0.48rad) odom=(0.96,-0.25 yaw=-0.48rad) nav=vx:0.000 wz:0.000 cmd=vx:0.000 wz:0.000
[INFO] [1783013398.368917488] [basic_navigator]: [ 21.0s] dist=2.11m amcl=(0.96,-0.25 yaw=-0.48rad) odom=(0.96,-0.25 yaw=-0.48rad) nav=vx:0.000 wz:0.000 cmd=vx:0.000 wz:0.000
[INFO] [1783013398.572368089] [basic_navigator]: [ 21.2s] dist=2.11m amcl=(0.96,-0.25 yaw=-0.48rad) odom=(0.96,-0.25 yaw=-0.48rad) nav=vx:0.000 wz:0.000 cmd=vx:0.000 wz:0.000
[INFO] [1783013398.777646512] [basic_navigator]: [ 21.4s] dist=2.11m amcl=(0.96,-0.25 yaw=-0.48rad) odom=(0.96,-0.25 yaw=-0.48rad) nav=vx:0.000 wz:0.000 cmd=vx:0.000 wz:0.000
[INFO] [1783013398.983606989] [basic_navigator]: [ 21.6s] dist=2.11m amcl=(0.96,-0.25 yaw=-0.48rad) odom=(0.96,-0.25 yaw=-0.48rad) nav=vx:0.000 wz:0.000 cmd=vx:0.000 wz:0.000
[INFO] [1783013399.189560492] [basic_navigator]: [ 21.8s] dist=2.11m amcl=(0.96,-0.25 yaw=-0.48rad) odom=(0.96,-0.25 yaw=-0.48rad) nav=vx:0.000 wz:0.000 cmd=vx:0.000 wz:0.000
[INFO] [1783013399.406631612] [basic_navigator]: [ 22.1s] dist=2.11m amcl=(0.96,-0.25 yaw=-0.48rad) odom=(0.96,-0.25 yaw=-0.48rad) nav=vx:0.000 wz:0.000 cmd=vx:0.000 wz:0.000
[INFO] [1783013399.610011384] [basic_navigator]: [ 22.3s] dist=2.11m amcl=(0.96,-0.25 yaw=-0.48rad) odom=(0.96,-0.25 yaw=-0.48rad) nav=vx:0.000 wz:0.000 cmd=vx:0.000 wz:0.000
[INFO] [1783013399.816156676] [basic_navigator]: [ 22.5s] dist=2.11m amcl=(0.96,-0.25 yaw=-0.48rad) odom=(0.96,-0.25 yaw=-0.48rad) nav=vx:0.000 wz:0.000 cmd=vx:0.000 wz:0.000
[INFO] [1783013400.021565178] [basic_navigator]: [ 22.7s] dist=2.11m amcl=(0.96,-0.25 yaw=-0.48rad) odom=(0.96,-0.25 yaw=-0.48rad) nav=vx:0.000 wz:0.000 cmd=vx:0.000 wz:0.000
[INFO] [1783013400.224966808] [basic_navigator]: [ 22.9s] dist=2.11m amcl=(0.96,-0.25 yaw=-0.48rad) odom=(0.96,-0.25 yaw=-0.48rad) nav=vx:0.000 wz:0.000 cmd=vx:0.000 wz:0.000
[INFO] [1783013400.428982490] [basic_navigator]: [ 23.1s] dist=2.11m amcl=(0.96,-0.25 yaw=-0.48rad) odom=(0.96,-0.25 yaw=-0.48rad) nav=vx:0.000 wz:0.000 cmd=vx:0.000 wz:0.000
[INFO] [1783013400.639174055] [basic_navigator]: [ 23.3s] dist=2.11m amcl=(0.96,-0.25 yaw=-0.48rad) odom=(0.96,-0.25 yaw=-0.48rad) nav=vx:0.000 wz:0.000 cmd=vx:0.000 wz:0.000
[INFO] [1783013400.842266481] [basic_navigator]: [ 23.5s] dist=2.11m amcl=(0.96,-0.25 yaw=-0.48rad) odom=(0.96,-0.25 yaw=-0.48rad) nav=vx:0.000 wz:0.000 cmd=vx:0.000 wz:0.000
[INFO] [1783013401.045622545] [basic_navigator]: [ 23.7s] dist=2.11m amcl=(0.96,-0.25 yaw=-0.48rad) odom=(0.96,-0.25 yaw=-0.48rad) nav=vx:0.000 wz:0.000 cmd=vx:0.000 wz:0.000
[INFO] [1783013401.248855608] [basic_navigator]: [ 23.9s] dist=2.11m amcl=(0.96,-0.25 yaw=-0.48rad) odom=(0.96,-0.25 yaw=-0.48rad) nav=vx:0.000 wz:0.000 cmd=vx:0.000 wz:0.000
[INFO] [1783013401.452352728] [basic_navigator]: [ 24.1s] dist=2.11m amcl=(0.96,-0.25 yaw=-0.48rad) odom=(0.96,-0.25 yaw=-0.48rad) nav=vx:0.000 wz:0.000 cmd=vx:0.000 wz:0.000
[INFO] [1783013401.657277022] [basic_navigator]: [ 24.3s] dist=2.11m amcl=(0.96,-0.25 yaw=-0.48rad) odom=(0.96,-0.25 yaw=-0.48rad) nav=vx:0.000 wz:0.000 cmd=vx:0.000 wz:0.000
[INFO] [1783013401.862182728] [basic_navigator]: [ 24.5s] dist=2.11m amcl=(0.96,-0.25 yaw=-0.48rad) odom=(0.96,-0.25 yaw=-0.48rad) nav=vx:0.000 wz:0.000 cmd=vx:0.000 wz:0.000
[INFO] [1783013402.069337078] [basic_navigator]: [ 24.7s] dist=2.11m amcl=(0.96,-0.25 yaw=-0.48rad) odom=(0.96,-0.25 yaw=-0.48rad) nav=vx:0.000 wz:0.000 cmd=vx:0.000 wz:0.000
[INFO] [1783013402.273813089] [basic_navigator]: [ 24.9s] dist=2.11m amcl=(0.96,-0.25 yaw=-0.48rad) odom=(0.96,-0.25 yaw=-0.48rad) nav=vx:0.000 wz:0.000 cmd=vx:0.000 wz:0.000
[INFO] [1783013402.477121911] [basic_navigator]: [ 25.1s] dist=2.11m amcl=(0.96,-0.25 yaw=-0.48rad) odom=(0.96,-0.25 yaw=-0.48rad) nav=vx:0.000 wz:0.000 cmd=vx:0.000 wz:0.000
[INFO] [1783013402.682355306] [basic_navigator]: [ 25.3s] dist=2.11m amcl=(0.96,-0.25 yaw=-0.48rad) odom=(0.96,-0.25 yaw=-0.48rad) nav=vx:0.000 wz:0.000 cmd=vx:0.000 wz:0.000
[INFO] [1783013402.888150809] [basic_navigator]: [ 25.5s] dist=2.11m amcl=(0.96,-0.25 yaw=-0.48rad) odom=(0.96,-0.25 yaw=-0.48rad) nav=vx:0.000 wz:0.000 cmd=vx:0.000 wz:0.000
[INFO] [1783013403.092683299] [basic_navigator]: [ 25.7s] dist=2.11m amcl=(0.96,-0.25 yaw=-0.48rad) odom=(0.96,-0.25 yaw=-0.48rad) nav=vx:0.000 wz:0.000 cmd=vx:0.000 wz:0.000
[INFO] [1783013403.297764655] [basic_navigator]: [ 26.0s] dist=2.11m amcl=(0.96,-0.25 yaw=-0.48rad) odom=(0.96,-0.25 yaw=-0.48rad) nav=vx:0.000 wz:0.000 cmd=vx:0.000 wz:0.000
[INFO] [1783013403.500968833] [basic_navigator]: [ 26.2s] dist=2.11m amcl=(0.96,-0.25 yaw=-0.48rad) odom=(0.96,-0.25 yaw=-0.48rad) nav=vx:0.000 wz:0.000 cmd=vx:0.000 wz:0.000
[INFO] [1783013403.707564597] [basic_navigator]: [ 26.4s] dist=2.11m amcl=(0.96,-0.25 yaw=-0.48rad) odom=(0.96,-0.25 yaw=-0.48rad) nav=vx:0.000 wz:0.000 cmd=vx:0.000 wz:0.000
[INFO] [1783013403.911250798] [basic_navigator]: [ 26.6s] dist=2.11m amcl=(0.96,-0.25 yaw=-0.48rad) odom=(0.96,-0.25 yaw=-0.48rad) nav=vx:0.000 wz:0.000 cmd=vx:0.000 wz:0.000
[INFO] [1783013404.118215036] [basic_navigator]: [ 26.8s] dist=2.11m amcl=(0.96,-0.25 yaw=-0.48rad) odom=(0.96,-0.25 yaw=-0.48rad) nav=vx:0.000 wz:0.000 cmd=vx:0.000 wz:0.000
[INFO] [1783013404.321204608] [basic_navigator]: [ 27.0s] dist=2.11m amcl=(0.96,-0.25 yaw=-0.48rad) odom=(0.96,-0.25 yaw=-0.48rad) nav=vx:0.000 wz:0.000 cmd=vx:0.000 wz:0.000
[INFO] [1783013404.526773780] [basic_navigator]: [ 27.2s] dist=2.11m amcl=(0.96,-0.25 yaw=-0.48rad) odom=(0.96,-0.25 yaw=-0.48rad) nav=vx:0.000 wz:0.000 cmd=vx:0.000 wz:0.000
[INFO] [1783013404.729469916] [basic_navigator]: [ 27.4s] dist=2.11m amcl=(0.96,-0.25 yaw=-0.48rad) odom=(0.96,-0.25 yaw=-0.48rad) nav=vx:0.000 wz:0.000 cmd=vx:0.000 wz:0.000
[INFO] [1783013404.933209458] [basic_navigator]: [ 27.6s] dist=2.11m amcl=(0.96,-0.25 yaw=-0.48rad) odom=(0.96,-0.25 yaw=-0.48rad) nav=vx:0.000 wz:0.000 cmd=vx:0.000 wz:0.000
[INFO] [1783013405.137745031] [basic_navigator]: [ 27.8s] dist=2.11m amcl=(0.96,-0.25 yaw=-0.48rad) odom=(0.96,-0.25 yaw=-0.48rad) nav=vx:0.000 wz:0.000 cmd=vx:0.000 wz:0.000
[INFO] [1783013405.343369006] [basic_navigator]: [ 28.0s] dist=2.11m amcl=(0.96,-0.25 yaw=-0.48rad) odom=(0.96,-0.25 yaw=-0.48rad) nav=vx:0.000 wz:0.000 cmd=vx:0.000 wz:0.000
[INFO] [1783013405.549965906] [basic_navigator]: [ 28.2s] dist=2.11m amcl=(0.96,-0.25 yaw=-0.48rad) odom=(0.96,-0.25 yaw=-0.48rad) nav=vx:0.000 wz:0.000 cmd=vx:0.000 wz:0.000
[INFO] [1783013405.761555813] [basic_navigator]: [ 28.4s] dist=2.11m amcl=(0.96,-0.25 yaw=-0.48rad) odom=(0.96,-0.25 yaw=-0.48rad) nav=vx:0.000 wz:0.000 cmd=vx:0.000 wz:0.000
[INFO] [1783013405.968567753] [basic_navigator]: [ 28.6s] dist=2.11m amcl=(0.96,-0.25 yaw=-0.48rad) odom=(0.96,-0.25 yaw=-0.48rad) nav=vx:0.000 wz:0.000 cmd=vx:0.000 wz:0.000
[INFO] [1783013406.172660084] [basic_navigator]: [ 28.8s] dist=2.11m amcl=(0.96,-0.25 yaw=-0.48rad) odom=(0.96,-0.25 yaw=-0.48rad) nav=vx:0.000 wz:0.000 cmd=vx:0.000 wz:0.000
[INFO] [1783013406.376252813] [basic_navigator]: [ 29.0s] dist=2.11m amcl=(0.96,-0.25 yaw=-0.48rad) odom=(0.96,-0.25 yaw=-0.48rad) nav=vx:0.000 wz:0.000 cmd=vx:0.000 wz:0.000
[INFO] [1783013406.583312046] [basic_navigator]: [ 29.2s] dist=2.11m amcl=(0.96,-0.25 yaw=-0.48rad) odom=(0.96,-0.25 yaw=-0.48rad) nav=vx:0.000 wz:0.000 cmd=vx:0.000 wz:0.000
[INFO] [1783013406.796483274] [basic_navigator]: [ 29.4s] dist=2.11m amcl=(0.96,-0.25 yaw=-0.48rad) odom=(0.96,-0.25 yaw=-0.48rad) nav=vx:0.000 wz:0.000 cmd=vx:0.000 wz:0.000
[INFO] [1783013407.001657913] [basic_navigator]: [ 29.7s] dist=2.11m amcl=(0.96,-0.25 yaw=-0.48rad) odom=(0.96,-0.25 yaw=-0.48rad) nav=vx:0.000 wz:0.000 cmd=vx:0.000 wz:0.000
[INFO] [1783013407.206653902] [basic_navigator]: [ 29.9s] dist=2.11m amcl=(0.96,-0.25 yaw=-0.48rad) odom=(0.96,-0.25 yaw=-0.48rad) nav=vx:0.000 wz:0.000 cmd=vx:0.000 wz:0.000
[INFO] [1783013407.412892101] [basic_navigator]: [ 30.1s] dist=2.11m amcl=(0.96,-0.25 yaw=-0.48rad) odom=(0.96,-0.25 yaw=-0.48rad) nav=vx:0.000 wz:0.000 cmd=vx:0.000 wz:0.000
[INFO] [1783013407.619987006] [basic_navigator]: [ 30.3s] dist=2.11m amcl=(0.96,-0.25 yaw=-0.48rad) odom=(0.96,-0.25 yaw=-0.48rad) nav=vx:0.000 wz:0.000 cmd=vx:0.000 wz:0.000
[INFO] [1783013407.825910163] [basic_navigator]: [ 30.5s] dist=2.11m amcl=(0.96,-0.25 yaw=-0.48rad) odom=(0.96,-0.25 yaw=-0.48rad) nav=vx:0.000 wz:0.000 cmd=vx:0.000 wz:0.000
[INFO] [1783013408.031381376] [basic_navigator]: [ 30.7s] dist=2.11m amcl=(0.96,-0.25 yaw=-0.48rad) odom=(0.96,-0.25 yaw=-0.48rad) nav=vx:0.000 wz:0.000 cmd=vx:0.000 wz:0.000
[INFO] [1783013408.237364326] [basic_navigator]: [ 30.9s] dist=2.11m amcl=(0.96,-0.25 yaw=-0.48rad) odom=(0.96,-0.25 yaw=-0.48rad) nav=vx:0.000 wz:0.000 cmd=vx:0.000 wz:0.000
[INFO] [1783013408.440512540] [basic_navigator]: [ 31.1s] dist=2.11m amcl=(0.96,-0.25 yaw=-0.48rad) odom=(0.96,-0.25 yaw=-0.48rad) nav=vx:0.000 wz:0.000 cmd=vx:0.000 wz:0.000
[INFO] [1783013408.649194670] [basic_navigator]: [ 31.3s] dist=2.11m amcl=(0.96,-0.25 yaw=-0.48rad) odom=(0.96,-0.25 yaw=-0.48rad) nav=vx:0.000 wz:0.000 cmd=vx:0.000 wz:0.000
[INFO] [1783013408.855787708] [basic_navigator]: [ 31.5s] dist=2.11m amcl=(0.96,-0.25 yaw=-0.48rad) odom=(0.96,-0.25 yaw=-0.48rad) nav=vx:0.000 wz:0.000 cmd=vx:0.000 wz:0.000
[INFO] [1783013409.058768174] [basic_navigator]: [ 31.7s] dist=2.11m amcl=(0.96,-0.25 yaw=-0.48rad) odom=(0.96,-0.25 yaw=-0.48rad) nav=vx:0.000 wz:0.000 cmd=vx:0.000 wz:0.000
[INFO] [1783013409.266883547] [basic_navigator]: [ 31.9s] dist=2.11m amcl=(0.96,-0.25 yaw=-0.48rad) odom=(0.96,-0.25 yaw=-0.48rad) nav=vx:0.000 wz:0.000 cmd=vx:0.000 wz:0.000
[INFO] [1783013409.476298569] [basic_navigator]: [ 32.1s] dist=2.11m amcl=(0.96,-0.25 yaw=-0.48rad) odom=(0.96,-0.25 yaw=-0.48rad) nav=vx:0.000 wz:0.000 cmd=vx:0.000 wz:0.000
[INFO] [1783013409.680339410] [basic_navigator]: [ 32.3s] dist=2.11m amcl=(0.96,-0.25 yaw=-0.48rad) odom=(0.96,-0.25 yaw=-0.48rad) nav=vx:0.000 wz:0.000 cmd=vx:0.000 wz:0.000
[INFO] [1783013409.887293215] [basic_navigator]: [ 32.5s] dist=2.11m amcl=(0.96,-0.25 yaw=-0.48rad) odom=(0.96,-0.25 yaw=-0.48rad) nav=vx:0.000 wz:0.000 cmd=vx:0.000 wz:0.000
[INFO] [1783013410.094080884] [basic_navigator]: [ 32.7s] dist=2.11m amcl=(0.96,-0.25 yaw=-0.48rad) odom=(0.96,-0.25 yaw=-0.48rad) nav=vx:0.000 wz:0.000 cmd=vx:0.000 wz:0.000
[INFO] [1783013410.297811886] [basic_navigator]: [ 33.0s] dist=2.11m amcl=(0.96,-0.25 yaw=-0.48rad) odom=(0.96,-0.25 yaw=-0.48rad) nav=vx:0.000 wz:0.000 cmd=vx:0.000 wz:0.000
[INFO] [1783013410.506274715] [basic_navigator]: [ 33.2s] dist=2.11m amcl=(0.96,-0.25 yaw=-0.48rad) odom=(0.96,-0.25 yaw=-0.48rad) nav=vx:0.000 wz:0.000 cmd=vx:0.000 wz:0.000
[INFO] [1783013410.708414259] [basic_navigator]: [ 33.4s] dist=2.11m amcl=(0.96,-0.25 yaw=-0.48rad) odom=(0.96,-0.25 yaw=-0.48rad) nav=vx:0.000 wz:0.000 cmd=vx:0.000 wz:0.000
[INFO] [1783013410.911836399] [basic_navigator]: [ 33.6s] dist=2.11m amcl=(0.96,-0.25 yaw=-0.48rad) odom=(0.96,-0.25 yaw=-0.48rad) nav=vx:0.000 wz:0.000 cmd=vx:0.000 wz:0.000
[INFO] [1783013411.122580682] [basic_navigator]: [ 33.8s] dist=2.11m amcl=(0.96,-0.25 yaw=-0.48rad) odom=(0.96,-0.25 yaw=-0.48rad) nav=vx:0.000 wz:0.000 cmd=vx:0.000 wz:0.000
[INFO] [1783013411.327575770] [basic_navigator]: [ 34.0s] dist=2.11m amcl=(0.96,-0.25 yaw=-0.48rad) odom=(0.96,-0.25 yaw=-0.48rad) nav=vx:0.000 wz:0.000 cmd=vx:0.000 wz:0.000
[INFO] [1783013411.534933671] [basic_navigator]: [ 34.2s] dist=2.11m amcl=(0.96,-0.25 yaw=-0.48rad) odom=(0.96,-0.25 yaw=-0.48rad) nav=vx:0.000 wz:0.000 cmd=vx:0.000 wz:0.000
[INFO] [1783013411.742043454] [basic_navigator]: [ 34.4s] dist=2.11m amcl=(0.96,-0.25 yaw=-0.48rad) odom=(0.96,-0.25 yaw=-0.48rad) nav=vx:0.000 wz:0.000 cmd=vx:0.000 wz:0.000
[INFO] [1783013411.953365096] [basic_navigator]: [ 34.6s] dist=2.11m amcl=(0.96,-0.25 yaw=-0.48rad) odom=(0.96,-0.25 yaw=-0.48rad) nav=vx:0.000 wz:0.000 cmd=vx:0.000 wz:0.000
[INFO] [1783013412.159730286] [basic_navigator]: [ 34.8s] dist=2.11m amcl=(0.96,-0.25 yaw=-0.48rad) odom=(0.96,-0.25 yaw=-0.48rad) nav=vx:0.000 wz:0.000 cmd=vx:0.000 wz:0.000
[INFO] [1783013412.375495008] [basic_navigator]: [ 35.0s] dist=2.11m amcl=(0.96,-0.25 yaw=-0.48rad) odom=(0.96,-0.25 yaw=-0.48rad) nav=vx:0.000 wz:0.000 cmd=vx:0.000 wz:0.000
[INFO] [1783013412.584005785] [basic_navigator]: [ 35.2s] dist=2.11m amcl=(0.96,-0.25 yaw=-0.48rad) odom=(0.96,-0.25 yaw=-0.48rad) nav=vx:0.000 wz:0.000 cmd=vx:0.000 wz:0.000
[INFO] [1783013412.799051940] [basic_navigator]: [ 35.4s] dist=2.11m amcl=(0.96,-0.25 yaw=-0.48rad) odom=(0.96,-0.25 yaw=-0.48rad) nav=vx:0.000 wz:0.000 cmd=vx:0.000 wz:0.000
[INFO] [1783013413.002753402] [basic_navigator]: [ 35.7s] dist=2.11m amcl=(0.96,-0.25 yaw=-0.48rad) odom=(0.96,-0.25 yaw=-0.48rad) nav=vx:0.000 wz:0.000 cmd=vx:0.000 wz:0.000
[INFO] [1783013413.206274726] [basic_navigator]: [ 35.9s] dist=2.11m amcl=(0.96,-0.25 yaw=-0.48rad) odom=(0.96,-0.25 yaw=-0.48rad) nav=vx:0.000 wz:0.000 cmd=vx:0.000 wz:0.000
[INFO] [1783013413.414993284] [basic_navigator]: [ 36.1s] dist=2.11m amcl=(0.96,-0.25 yaw=-0.48rad) odom=(0.96,-0.25 yaw=-0.48rad) nav=vx:0.000 wz:0.000 cmd=vx:0.000 wz:0.000
[INFO] [1783013413.625729304] [basic_navigator]: [ 36.3s] dist=2.11m amcl=(0.96,-0.25 yaw=-0.48rad) odom=(0.96,-0.25 yaw=-0.48rad) nav=vx:0.000 wz:0.000 cmd=vx:0.000 wz:0.000
[INFO] [1783013413.828900903] [basic_navigator]: [ 36.5s] dist=2.11m amcl=(0.96,-0.25 yaw=-0.48rad) odom=(0.96,-0.25 yaw=-0.48rad) nav=vx:0.000 wz:0.000 cmd=vx:0.000 wz:0.000
[INFO] [1783013414.037900586] [basic_navigator]: [ 36.7s] dist=2.11m amcl=(0.96,-0.25 yaw=-0.48rad) odom=(0.96,-0.25 yaw=-0.48rad) nav=vx:0.000 wz:0.000 cmd=vx:0.000 wz:0.000
[INFO] [1783013414.245268462] [basic_navigator]: [ 36.9s] dist=2.11m amcl=(0.96,-0.25 yaw=-0.48rad) odom=(0.96,-0.25 yaw=-0.48rad) nav=vx:0.000 wz:0.000 cmd=vx:0.000 wz:0.000
[INFO] [1783013414.449719356] [basic_navigator]: [ 37.1s] dist=2.11m amcl=(0.96,-0.25 yaw=-0.48rad) odom=(0.96,-0.25 yaw=-0.48rad) nav=vx:0.000 wz:0.000 cmd=vx:0.000 wz:0.000
[INFO] [1783013414.655926838] [basic_navigator]: [ 37.3s] dist=2.11m amcl=(0.96,-0.25 yaw=-0.48rad) odom=(0.96,-0.25 yaw=-0.48rad) nav=vx:0.000 wz:0.000 cmd=vx:0.000 wz:0.000
[INFO] [1783013414.859236834] [basic_navigator]: [ 37.5s] dist=2.11m amcl=(0.96,-0.25 yaw=-0.48rad) odom=(0.96,-0.25 yaw=-0.48rad) nav=vx:0.000 wz:0.000 cmd=vx:0.000 wz:0.000
[INFO] [1783013415.062421743] [basic_navigator]: [ 37.7s] dist=2.11m amcl=(0.96,-0.25 yaw=-0.48rad) odom=(0.96,-0.25 yaw=-0.48rad) nav=vx:0.000 wz:0.000 cmd=vx:0.000 wz:0.000
[INFO] [1783013415.265075382] [basic_navigator]: [ 37.9s] dist=2.11m amcl=(0.96,-0.25 yaw=-0.48rad) odom=(0.96,-0.25 yaw=-0.48rad) nav=vx:0.000 wz:0.000 cmd=vx:0.000 wz:0.000
[INFO] [1783013415.470091500] [basic_navigator]: [ 38.1s] dist=2.11m amcl=(0.96,-0.25 yaw=-0.48rad) odom=(0.96,-0.25 yaw=-0.48rad) nav=vx:0.000 wz:0.000 cmd=vx:0.000 wz:0.000
[INFO] [1783013415.675025445] [basic_navigator]: [ 38.3s] dist=2.11m amcl=(0.96,-0.25 yaw=-0.48rad) odom=(0.96,-0.25 yaw=-0.48rad) nav=vx:0.000 wz:0.000 cmd=vx:0.000 wz:0.000
[INFO] [1783013415.880926534] [basic_navigator]: [ 38.5s] dist=2.11m amcl=(0.96,-0.25 yaw=-0.48rad) odom=(0.96,-0.25 yaw=-0.48rad) nav=vx:0.000 wz:0.000 cmd=vx:0.000 wz:0.000
[INFO] [1783013416.087377473] [basic_navigator]: [ 38.7s] dist=2.11m amcl=(0.96,-0.25 yaw=-0.48rad) odom=(0.96,-0.25 yaw=-0.48rad) nav=vx:0.000 wz:0.000 cmd=vx:0.000 wz:0.000
[INFO] [1783013416.289281616] [basic_navigator]: [ 38.9s] dist=2.11m amcl=(0.96,-0.25 yaw=-0.48rad) odom=(0.96,-0.25 yaw=-0.48rad) nav=vx:0.000 wz:0.000 cmd=vx:0.000 wz:0.000
[INFO] [1783013416.491851781] [basic_navigator]: [ 39.1s] dist=2.11m amcl=(0.96,-0.25 yaw=-0.48rad) odom=(0.96,-0.25 yaw=-0.48rad) nav=vx:0.000 wz:0.000 cmd=vx:0.000 wz:0.000
[INFO] [1783013416.697826307] [basic_navigator]: [ 39.4s] dist=2.11m amcl=(0.96,-0.25 yaw=-0.48rad) odom=(0.96,-0.25 yaw=-0.48rad) nav=vx:0.000 wz:0.000 cmd=vx:0.000 wz:0.000
[INFO] [1783013416.901998814] [basic_navigator]: [ 39.6s] dist=2.11m amcl=(0.96,-0.25 yaw=-0.48rad) odom=(0.96,-0.25 yaw=-0.48rad) nav=vx:0.000 wz:0.000 cmd=vx:0.000 wz:0.000
[INFO] [1783013417.109111915] [basic_navigator]: [ 39.8s] dist=2.11m amcl=(0.96,-0.25 yaw=-0.48rad) odom=(0.96,-0.25 yaw=-0.48rad) nav=vx:0.000 wz:0.000 cmd=vx:0.000 wz:0.000
[INFO] [1783013417.316291115] [basic_navigator]: [ 40.0s] dist=2.11m amcl=(0.96,-0.25 yaw=-0.48rad) odom=(0.96,-0.25 yaw=-0.48rad) nav=vx:0.000 wz:0.000 cmd=vx:0.000 wz:0.000
[INFO] [1783013417.521242260] [basic_navigator]: [ 40.2s] dist=2.11m amcl=(0.96,-0.25 yaw=-0.48rad) odom=(0.96,-0.25 yaw=-0.48rad) nav=vx:0.000 wz:0.000 cmd=vx:0.000 wz:0.000
[INFO] [1783013417.727609437] [basic_navigator]: [ 40.4s] dist=2.11m amcl=(0.96,-0.25 yaw=-0.48rad) odom=(0.96,-0.25 yaw=-0.48rad) nav=vx:0.000 wz:0.000 cmd=vx:0.000 wz:0.000
[INFO] [1783013417.932676061] [basic_navigator]: [ 40.6s] dist=2.11m amcl=(0.96,-0.25 yaw=-0.48rad) odom=(0.96,-0.25 yaw=-0.48rad) nav=vx:0.000 wz:0.000 cmd=vx:0.000 wz:0.000
[INFO] [1783013418.146469441] [basic_navigator]: [ 40.8s] dist=2.11m amcl=(0.96,-0.25 yaw=-0.48rad) odom=(0.96,-0.25 yaw=-0.48rad) nav=vx:0.000 wz:0.000 cmd=vx:0.000 wz:0.000
[INFO] [1783013418.349504985] [basic_navigator]: [ 41.0s] dist=2.11m amcl=(0.96,-0.25 yaw=-0.48rad) odom=(0.96,-0.25 yaw=-0.48rad) nav=vx:0.000 wz:0.000 cmd=vx:0.000 wz:0.000
[INFO] [1783013418.554489033] [basic_navigator]: [ 41.2s] dist=2.11m amcl=(0.96,-0.25 yaw=-0.48rad) odom=(0.96,-0.25 yaw=-0.48rad) nav=vx:0.000 wz:0.000 cmd=vx:0.000 wz:0.000
[INFO] [1783013418.761704322] [basic_navigator]: [ 41.4s] dist=2.11m amcl=(0.96,-0.25 yaw=-0.48rad) odom=(0.96,-0.25 yaw=-0.48rad) nav=vx:0.000 wz:0.000 cmd=vx:0.000 wz:0.000
[INFO] [1783013418.966794171] [basic_navigator]: [ 41.6s] dist=2.11m amcl=(0.96,-0.25 yaw=-0.48rad) odom=(0.96,-0.25 yaw=-0.48rad) nav=vx:0.000 wz:0.000 cmd=vx:0.000 wz:0.000
[INFO] [1783013419.169908852] [basic_navigator]: [ 41.8s] dist=2.11m amcl=(0.96,-0.25 yaw=-0.48rad) odom=(0.96,-0.25 yaw=-0.48rad) nav=vx:0.000 wz:0.000 cmd=vx:0.000 wz:0.000
[INFO] [1783013419.373189359] [basic_navigator]: [ 42.0s] dist=2.11m amcl=(0.96,-0.25 yaw=-0.48rad) odom=(0.96,-0.25 yaw=-0.48rad) nav=vx:0.000 wz:0.000 cmd=vx:0.000 wz:0.000
[INFO] [1783013419.576670801] [basic_navigator]: [ 42.2s] dist=2.11m amcl=(0.96,-0.25 yaw=-0.48rad) odom=(0.96,-0.25 yaw=-0.48rad) nav=vx:0.000 wz:0.000 cmd=vx:0.000 wz:0.000
[INFO] [1783013419.785714312] [basic_navigator]: [ 42.4s] dist=2.11m amcl=(0.96,-0.25 yaw=-0.48rad) odom=(0.96,-0.25 yaw=-0.48rad) nav=vx:0.000 wz:0.000 cmd=vx:0.000 wz:0.000
[INFO] [1783013419.992379364] [basic_navigator]: [ 42.6s] dist=2.11m amcl=(0.96,-0.25 yaw=-0.48rad) odom=(0.96,-0.25 yaw=-0.48rad) nav=vx:0.000 wz:0.000 cmd=vx:0.000 wz:0.000
[INFO] [1783013420.196493575] [basic_navigator]: [ 42.8s] dist=2.11m amcl=(0.96,-0.25 yaw=-0.48rad) odom=(0.96,-0.25 yaw=-0.48rad) nav=vx:0.000 wz:0.000 cmd=vx:0.000 wz:0.000
[INFO] [1783013420.400383269] [basic_navigator]: [ 43.1s] dist=2.11m amcl=(0.96,-0.25 yaw=-0.48rad) odom=(0.96,-0.25 yaw=-0.48rad) nav=vx:0.000 wz:0.000 cmd=vx:0.000 wz:0.000
[INFO] [1783013420.603831473] [basic_navigator]: [ 43.3s] dist=2.11m amcl=(0.96,-0.25 yaw=-0.48rad) odom=(0.96,-0.25 yaw=-0.48rad) nav=vx:0.000 wz:0.000 cmd=vx:0.000 wz:0.000
[INFO] [1783013420.809348718] [basic_navigator]: [ 43.5s] dist=2.11m amcl=(0.96,-0.25 yaw=-0.48rad) odom=(0.96,-0.25 yaw=-0.48rad) nav=vx:0.000 wz:0.000 cmd=vx:0.000 wz:0.000
[INFO] [1783013421.012755479] [basic_navigator]: [ 43.7s] dist=2.11m amcl=(0.96,-0.25 yaw=-0.48rad) odom=(0.96,-0.25 yaw=-0.48rad) nav=vx:0.000 wz:0.000 cmd=vx:0.000 wz:0.000
[INFO] [1783013421.231417327] [basic_navigator]: [ 43.9s] dist=2.11m amcl=(0.96,-0.25 yaw=-0.48rad) odom=(0.96,-0.25 yaw=-0.48rad) nav=vx:0.000 wz:0.000 cmd=vx:0.000 wz:0.000
[INFO] [1783013421.440765052] [basic_navigator]: [ 44.1s] dist=2.11m amcl=(0.96,-0.25 yaw=-0.48rad) odom=(0.96,-0.25 yaw=-0.48rad) nav=vx:0.000 wz:0.000 cmd=vx:0.000 wz:0.000
[INFO] [1783013421.653852462] [basic_navigator]: [ 44.3s] dist=2.11m amcl=(0.96,-0.25 yaw=-0.48rad) odom=(0.96,-0.25 yaw=-0.48rad) nav=vx:0.000 wz:0.000 cmd=vx:0.000 wz:0.000
[INFO] [1783013421.858268582] [basic_navigator]: [ 44.5s] dist=2.11m amcl=(0.96,-0.25 yaw=-0.48rad) odom=(0.96,-0.25 yaw=-0.48rad) nav=vx:0.000 wz:0.000 cmd=vx:0.000 wz:0.000
[INFO] [1783013422.061008046] [basic_navigator]: [ 44.7s] dist=2.11m amcl=(0.96,-0.25 yaw=-0.48rad) odom=(0.96,-0.25 yaw=-0.48rad) nav=vx:0.000 wz:0.000 cmd=vx:0.000 wz:0.000
[INFO] [1783013422.264436117] [basic_navigator]: [ 44.9s] dist=2.11m amcl=(0.96,-0.25 yaw=-0.48rad) odom=(0.96,-0.25 yaw=-0.48rad) nav=vx:0.000 wz:0.000 cmd=vx:0.000 wz:0.000
[INFO] [1783013422.474714414] [basic_navigator]: [ 45.1s] dist=2.11m amcl=(0.96,-0.25 yaw=-0.48rad) odom=(0.96,-0.25 yaw=-0.48rad) nav=vx:0.000 wz:0.000 cmd=vx:0.000 wz:0.000
[INFO] [1783013422.682049053] [basic_navigator]: [ 45.3s] dist=2.11m amcl=(0.96,-0.25 yaw=-0.48rad) odom=(0.96,-0.25 yaw=-0.48rad) nav=vx:0.000 wz:0.000 cmd=vx:0.000 wz:0.000
[INFO] [1783013422.884554608] [basic_navigator]: [ 45.5s] dist=2.11m amcl=(0.96,-0.25 yaw=-0.48rad) odom=(0.96,-0.25 yaw=-0.48rad) nav=vx:0.000 wz:0.000 cmd=vx:0.000 wz:0.000
[INFO] [1783013423.087126022] [basic_navigator]: [ 45.7s] dist=2.11m amcl=(0.96,-0.25 yaw=-0.48rad) odom=(0.96,-0.25 yaw=-0.48rad) nav=vx:0.000 wz:0.000 cmd=vx:0.000 wz:0.000
[INFO] [1783013423.297446584] [basic_navigator]: [ 46.0s] dist=2.11m amcl=(0.96,-0.25 yaw=-0.48rad) odom=(0.96,-0.25 yaw=-0.48rad) nav=vx:0.000 wz:0.000 cmd=vx:0.000 wz:0.000
[INFO] [1783013423.503753873] [basic_navigator]: [ 46.2s] dist=2.11m amcl=(0.96,-0.25 yaw=-0.48rad) odom=(0.96,-0.25 yaw=-0.48rad) nav=vx:0.000 wz:0.000 cmd=vx:0.000 wz:0.000
[INFO] [1783013423.707710408] [basic_navigator]: [ 46.4s] dist=2.11m amcl=(0.96,-0.25 yaw=-0.48rad) odom=(0.96,-0.25 yaw=-0.48rad) nav=vx:0.000 wz:0.000 cmd=vx:0.000 wz:0.000
[INFO] [1783013423.910752372] [basic_navigator]: [ 46.6s] dist=2.11m amcl=(0.96,-0.25 yaw=-0.48rad) odom=(0.96,-0.25 yaw=-0.48rad) nav=vx:0.000 wz:0.000 cmd=vx:0.000 wz:0.000
[INFO] [1783013424.116371901] [basic_navigator]: [ 46.8s] dist=2.11m amcl=(0.96,-0.25 yaw=-0.48rad) odom=(0.96,-0.25 yaw=-0.48rad) nav=vx:0.000 wz:0.000 cmd=vx:0.000 wz:0.000
[INFO] [1783013424.319732082] [basic_navigator]: [ 47.0s] dist=2.11m amcl=(0.96,-0.25 yaw=-0.48rad) odom=(0.96,-0.25 yaw=-0.48rad) nav=vx:0.000 wz:0.000 cmd=vx:0.000 wz:0.000
[INFO] [1783013424.522388506] [basic_navigator]: [ 47.2s] dist=2.11m amcl=(0.96,-0.25 yaw=-0.48rad) odom=(0.96,-0.25 yaw=-0.48rad) nav=vx:0.000 wz:0.000 cmd=vx:0.000 wz:0.000
[INFO] [1783013424.727782565] [basic_navigator]: [ 47.4s] dist=2.11m amcl=(0.96,-0.25 yaw=-0.48rad) odom=(0.96,-0.25 yaw=-0.48rad) nav=vx:0.000 wz:0.000 cmd=vx:0.000 wz:0.000
[INFO] [1783013424.931379256] [basic_navigator]: [ 47.6s] dist=2.11m amcl=(0.96,-0.25 yaw=-0.48rad) odom=(0.96,-0.25 yaw=-0.48rad) nav=vx:0.000 wz:0.000 cmd=vx:0.000 wz:0.000
[INFO] [1783013425.142407433] [basic_navigator]: [ 47.8s] dist=2.11m amcl=(0.96,-0.25 yaw=-0.48rad) odom=(0.96,-0.25 yaw=-0.48rad) nav=vx:0.000 wz:0.000 cmd=vx:0.000 wz:0.000
[INFO] [1783013425.345772001] [basic_navigator]: [ 48.0s] dist=2.11m amcl=(0.96,-0.25 yaw=-0.48rad) odom=(0.96,-0.25 yaw=-0.48rad) nav=vx:0.000 wz:0.000 cmd=vx:0.000 wz:0.000
[INFO] [1783013425.551220647] [basic_navigator]: [ 48.2s] dist=2.11m amcl=(0.96,-0.25 yaw=-0.48rad) odom=(0.96,-0.25 yaw=-0.48rad) nav=vx:0.000 wz:0.000 cmd=vx:0.000 wz:0.000
[INFO] [1783013425.761638115] [basic_navigator]: [ 48.4s] dist=2.11m amcl=(0.96,-0.25 yaw=-0.48rad) odom=(0.96,-0.25 yaw=-0.48rad) nav=vx:0.000 wz:0.000 cmd=vx:0.000 wz:0.000
[INFO] [1783013425.965576039] [basic_navigator]: [ 48.6s] dist=2.11m amcl=(0.96,-0.25 yaw=-0.48rad) odom=(0.96,-0.25 yaw=-0.48rad) nav=vx:0.000 wz:0.000 cmd=vx:0.000 wz:0.000
[INFO] [1783013426.169017574] [basic_navigator]: [ 48.8s] dist=2.11m amcl=(0.96,-0.25 yaw=-0.48rad) odom=(0.96,-0.25 yaw=-0.48rad) nav=vx:0.000 wz:0.000 cmd=vx:0.000 wz:0.000
[INFO] [1783013426.372160743] [basic_navigator]: [ 49.0s] dist=2.11m amcl=(0.96,-0.25 yaw=-0.48rad) odom=(0.96,-0.25 yaw=-0.48rad) nav=vx:0.000 wz:0.000 cmd=vx:0.000 wz:0.000
[INFO] [1783013426.582644730] [basic_navigator]: [ 49.2s] dist=2.11m amcl=(0.96,-0.25 yaw=-0.48rad) odom=(0.96,-0.25 yaw=-0.48rad) nav=vx:0.000 wz:0.000 cmd=vx:0.000 wz:0.000
[INFO] [1783013426.791203486] [basic_navigator]: [ 49.4s] dist=2.11m amcl=(0.96,-0.25 yaw=-0.48rad) odom=(0.96,-0.25 yaw=-0.48rad) nav=vx:0.000 wz:0.000 cmd=vx:0.000 wz:0.000
[INFO] [1783013426.994699275] [basic_navigator]: [ 49.6s] dist=2.11m amcl=(0.96,-0.25 yaw=-0.48rad) odom=(0.96,-0.25 yaw=-0.48rad) nav=vx:0.000 wz:0.000 cmd=vx:0.000 wz:0.000
[INFO] [1783013427.198663050] [basic_navigator]: [ 49.9s] dist=2.11m amcl=(0.96,-0.25 yaw=-0.48rad) odom=(0.96,-0.25 yaw=-0.48rad) nav=vx:0.000 wz:0.000 cmd=vx:0.000 wz:0.000
[INFO] [1783013427.403098586] [basic_navigator]: [ 50.1s] dist=2.11m amcl=(0.96,-0.25 yaw=-0.48rad) odom=(0.96,-0.25 yaw=-0.48rad) nav=vx:0.000 wz:0.000 cmd=vx:0.000 wz:0.000
[INFO] [1783013427.607536496] [basic_navigator]: [ 50.3s] dist=2.11m amcl=(0.96,-0.25 yaw=-0.48rad) odom=(0.96,-0.25 yaw=-0.48rad) nav=vx:0.000 wz:0.000 cmd=vx:0.000 wz:0.000
[INFO] [1783013427.812056432] [basic_navigator]: [ 50.5s] dist=2.11m amcl=(0.96,-0.25 yaw=-0.48rad) odom=(0.96,-0.25 yaw=-0.48rad) nav=vx:0.000 wz:0.000 cmd=vx:0.000 wz:0.000
[INFO] [1783013428.021913730] [basic_navigator]: [ 50.7s] dist=2.11m amcl=(0.96,-0.25 yaw=-0.48rad) odom=(0.96,-0.25 yaw=-0.48rad) nav=vx:0.000 wz:0.000 cmd=vx:0.000 wz:0.000
[INFO] [1783013428.227816443] [basic_navigator]: [ 50.9s] dist=2.11m amcl=(0.96,-0.25 yaw=-0.48rad) odom=(0.96,-0.25 yaw=-0.48rad) nav=vx:0.000 wz:0.000 cmd=vx:0.000 wz:0.000
[INFO] [1783013428.435399468] [basic_navigator]: [ 51.1s] dist=2.11m amcl=(0.96,-0.25 yaw=-0.48rad) odom=(0.96,-0.25 yaw=-0.48rad) nav=vx:0.000 wz:0.000 cmd=vx:0.000 wz:0.000
[INFO] [1783013428.642778265] [basic_navigator]: [ 51.3s] dist=2.11m amcl=(0.96,-0.25 yaw=-0.48rad) odom=(0.96,-0.25 yaw=-0.48rad) nav=vx:0.000 wz:0.000 cmd=vx:0.000 wz:0.000
[INFO] [1783013428.855108198] [basic_navigator]: [ 51.5s] dist=2.11m amcl=(0.96,-0.25 yaw=-0.48rad) odom=(0.96,-0.25 yaw=-0.48rad) nav=vx:0.000 wz:0.000 cmd=vx:0.000 wz:0.000
[INFO] [1783013429.059319494] [basic_navigator]: [ 51.7s] dist=2.11m amcl=(0.96,-0.25 yaw=-0.48rad) odom=(0.96,-0.25 yaw=-0.48rad) nav=vx:0.000 wz:0.000 cmd=vx:0.000 wz:0.000
[INFO] [1783013429.274223124] [basic_navigator]: [ 51.9s] dist=2.11m amcl=(0.96,-0.25 yaw=-0.48rad) odom=(0.96,-0.25 yaw=-0.48rad) nav=vx:0.000 wz:0.000 cmd=vx:0.000 wz:0.000
[INFO] [1783013429.478731558] [basic_navigator]: [ 52.1s] dist=2.11m amcl=(0.96,-0.25 yaw=-0.48rad) odom=(0.96,-0.25 yaw=-0.48rad) nav=vx:0.000 wz:0.000 cmd=vx:0.000 wz:0.000
[INFO] [1783013429.685470518] [basic_navigator]: [ 52.3s] dist=2.11m amcl=(0.96,-0.25 yaw=-0.48rad) odom=(0.96,-0.25 yaw=-0.48rad) nav=vx:0.000 wz:0.000 cmd=vx:0.000 wz:0.000
[INFO] [1783013429.887708169] [basic_navigator]: [ 52.5s] dist=2.11m amcl=(0.96,-0.25 yaw=-0.48rad) odom=(0.96,-0.25 yaw=-0.48rad) nav=vx:0.000 wz:0.000 cmd=vx:0.000 wz:0.000
[INFO] [1783013430.092856362] [basic_navigator]: [ 52.7s] dist=2.11m amcl=(0.96,-0.25 yaw=-0.48rad) odom=(0.96,-0.25 yaw=-0.48rad) nav=vx:0.000 wz:0.000 cmd=vx:0.000 wz:0.000
[INFO] [1783013430.296393345] [basic_navigator]: [ 52.9s] dist=2.11m amcl=(0.96,-0.25 yaw=-0.48rad) odom=(0.96,-0.25 yaw=-0.48rad) nav=vx:0.000 wz:0.000 cmd=vx:0.000 wz:0.000
[INFO] [1783013430.499897774] [basic_navigator]: [ 53.2s] dist=2.11m amcl=(0.96,-0.25 yaw=-0.48rad) odom=(0.96,-0.25 yaw=-0.48rad) nav=vx:0.000 wz:0.000 cmd=vx:0.000 wz:0.000
[INFO] [1783013430.703453239] [basic_navigator]: [ 53.4s] dist=2.11m amcl=(0.96,-0.25 yaw=-0.48rad) odom=(0.96,-0.25 yaw=-0.48rad) nav=vx:0.000 wz:0.000 cmd=vx:0.000 wz:0.000
[INFO] [1783013430.906602415] [basic_navigator]: [ 53.6s] dist=2.11m amcl=(0.96,-0.25 yaw=-0.48rad) odom=(0.96,-0.25 yaw=-0.48rad) nav=vx:0.000 wz:0.000 cmd=vx:0.000 wz:0.000
[INFO] [1783013431.110270583] [basic_navigator]: [ 53.8s] dist=2.11m amcl=(0.96,-0.25 yaw=-0.48rad) odom=(0.96,-0.25 yaw=-0.48rad) nav=vx:0.000 wz:0.000 cmd=vx:0.000 wz:0.000
[INFO] [1783013431.315255531] [basic_navigator]: [ 54.0s] dist=2.11m amcl=(0.96,-0.25 yaw=-0.48rad) odom=(0.96,-0.25 yaw=-0.48rad) nav=vx:0.000 wz:0.000 cmd=vx:0.000 wz:0.000
[INFO] [1783013431.519054315] [basic_navigator]: [ 54.2s] dist=2.11m amcl=(0.96,-0.25 yaw=-0.48rad) odom=(0.96,-0.25 yaw=-0.48rad) nav=vx:0.000 wz:0.000 cmd=vx:0.000 wz:0.000
[INFO] [1783013431.724058736] [basic_navigator]: [ 54.4s] dist=2.11m amcl=(0.96,-0.25 yaw=-0.48rad) odom=(0.96,-0.25 yaw=-0.48rad) nav=vx:0.000 wz:0.000 cmd=vx:0.000 wz:0.000
[INFO] [1783013431.927502643] [basic_navigator]: [ 54.6s] dist=2.11m amcl=(0.96,-0.25 yaw=-0.48rad) odom=(0.96,-0.25 yaw=-0.48rad) nav=vx:0.000 wz:0.000 cmd=vx:0.000 wz:0.000
[INFO] [1783013432.130683670] [basic_navigator]: [ 54.8s] dist=2.11m amcl=(0.96,-0.25 yaw=-0.48rad) odom=(0.96,-0.25 yaw=-0.48rad) nav=vx:0.000 wz:0.000 cmd=vx:0.000 wz:0.000
[INFO] [1783013432.341382343] [basic_navigator]: [ 55.0s] dist=2.11m amcl=(0.96,-0.25 yaw=-0.48rad) odom=(0.96,-0.25 yaw=-0.48rad) nav=vx:0.000 wz:0.000 cmd=vx:0.000 wz:0.000
[INFO] [1783013432.549122192] [basic_navigator]: [ 55.2s] dist=2.11m amcl=(0.96,-0.25 yaw=-0.48rad) odom=(0.96,-0.25 yaw=-0.48rad) nav=vx:0.000 wz:0.000 cmd=vx:0.000 wz:0.000
[INFO] [1783013432.755183427] [basic_navigator]: [ 55.4s] dist=2.11m amcl=(0.96,-0.25 yaw=-0.48rad) odom=(0.96,-0.25 yaw=-0.48rad) nav=vx:0.000 wz:0.000 cmd=vx:0.000 wz:0.000
[INFO] [1783013432.965588908] [basic_navigator]: [ 55.6s] dist=2.11m amcl=(0.96,-0.25 yaw=-0.48rad) odom=(0.96,-0.25 yaw=-0.48rad) nav=vx:0.000 wz:0.000 cmd=vx:0.000 wz:0.000
[INFO] [1783013433.180718396] [basic_navigator]: [ 55.8s] dist=2.11m amcl=(0.96,-0.25 yaw=-0.48rad) odom=(0.96,-0.25 yaw=-0.48rad) nav=vx:0.000 wz:0.000 cmd=vx:0.000 wz:0.000
[INFO] [1783013433.384339009] [basic_navigator]: [ 56.0s] dist=2.11m amcl=(0.96,-0.25 yaw=-0.48rad) odom=(0.96,-0.25 yaw=-0.48rad) nav=vx:0.000 wz:0.000 cmd=vx:0.000 wz:0.000
[INFO] [1783013433.592856988] [basic_navigator]: [ 56.2s] dist=2.11m amcl=(0.96,-0.25 yaw=-0.48rad) odom=(0.96,-0.25 yaw=-0.48rad) nav=vx:0.000 wz:0.000 cmd=vx:0.000 wz:0.000
[INFO] [1783013433.796835264] [basic_navigator]: [ 56.5s] dist=2.11m amcl=(0.96,-0.25 yaw=-0.48rad) odom=(0.96,-0.25 yaw=-0.48rad) nav=vx:0.000 wz:0.000 cmd=vx:0.000 wz:0.000
[INFO] [1783013434.000278726] [basic_navigator]: [ 56.7s] dist=2.11m amcl=(0.96,-0.25 yaw=-0.48rad) odom=(0.96,-0.25 yaw=-0.48rad) nav=vx:0.000 wz:0.000 cmd=vx:0.000 wz:0.000
[INFO] [1783013434.205822552] [basic_navigator]: [ 56.9s] dist=2.11m amcl=(0.96,-0.25 yaw=-0.48rad) odom=(0.96,-0.25 yaw=-0.48rad) nav=vx:0.000 wz:0.000 cmd=vx:0.000 wz:0.000
[INFO] [1783013434.411296682] [basic_navigator]: [ 57.1s] dist=2.11m amcl=(0.96,-0.25 yaw=-0.48rad) odom=(0.96,-0.25 yaw=-0.48rad) nav=vx:0.000 wz:0.000 cmd=vx:0.000 wz:0.000
[INFO] [1783013434.620540941] [basic_navigator]: [ 57.3s] dist=2.11m amcl=(0.96,-0.25 yaw=-0.48rad) odom=(0.96,-0.25 yaw=-0.48rad) nav=vx:0.000 wz:0.000 cmd=vx:0.000 wz:0.000
[INFO] [1783013434.823680235] [basic_navigator]: [ 57.5s] dist=2.11m amcl=(0.96,-0.25 yaw=-0.48rad) odom=(0.96,-0.25 yaw=-0.48rad) nav=vx:0.000 wz:0.000 cmd=vx:0.000 wz:0.000
[INFO] [1783013435.026740196] [basic_navigator]: [ 57.7s] dist=2.11m amcl=(0.96,-0.25 yaw=-0.48rad) odom=(0.96,-0.25 yaw=-0.48rad) nav=vx:0.000 wz:0.000 cmd=vx:0.000 wz:0.000
[INFO] [1783013435.230631173] [basic_navigator]: [ 57.9s] dist=2.11m amcl=(0.96,-0.25 yaw=-0.48rad) odom=(0.96,-0.25 yaw=-0.48rad) nav=vx:0.000 wz:0.000 cmd=vx:0.000 wz:0.000
[INFO] [1783013435.439697751] [basic_navigator]: [ 58.1s] dist=2.11m amcl=(0.96,-0.25 yaw=-0.48rad) odom=(0.96,-0.25 yaw=-0.48rad) nav=vx:0.000 wz:0.000 cmd=vx:0.000 wz:0.000
[INFO] [1783013435.643150228] [basic_navigator]: [ 58.3s] dist=2.11m amcl=(0.96,-0.25 yaw=-0.48rad) odom=(0.96,-0.25 yaw=-0.48rad) nav=vx:0.000 wz:0.000 cmd=vx:0.000 wz:0.000
[INFO] [1783013435.846843462] [basic_navigator]: [ 58.5s] dist=2.11m amcl=(0.96,-0.25 yaw=-0.48rad) odom=(0.96,-0.25 yaw=-0.48rad) nav=vx:0.000 wz:0.000 cmd=vx:0.000 wz:0.000
[INFO] [1783013436.052094314] [basic_navigator]: [ 58.7s] dist=2.11m amcl=(0.96,-0.25 yaw=-0.48rad) odom=(0.96,-0.25 yaw=-0.48rad) nav=vx:0.000 wz:0.000 cmd=vx:0.000 wz:0.000
[INFO] [1783013436.255476223] [basic_navigator]: [ 58.9s] dist=2.11m amcl=(0.96,-0.25 yaw=-0.48rad) odom=(0.96,-0.25 yaw=-0.48rad) nav=vx:0.000 wz:0.000 cmd=vx:0.000 wz:0.000
[INFO] [1783013436.461036145] [basic_navigator]: [ 59.1s] dist=2.11m amcl=(0.96,-0.25 yaw=-0.48rad) odom=(0.96,-0.25 yaw=-0.48rad) nav=vx:0.000 wz:0.000 cmd=vx:0.000 wz:0.000
[INFO] [1783013436.666182066] [basic_navigator]: [ 59.3s] dist=2.11m amcl=(0.96,-0.25 yaw=-0.48rad) odom=(0.96,-0.25 yaw=-0.48rad) nav=vx:0.000 wz:0.000 cmd=vx:0.000 wz:0.000
[INFO] [1783013436.870276810] [basic_navigator]: [ 59.5s] dist=2.11m amcl=(0.96,-0.25 yaw=-0.48rad) odom=(0.96,-0.25 yaw=-0.48rad) nav=vx:0.000 wz:0.000 cmd=vx:0.000 wz:0.000
[INFO] [1783013437.074559120] [basic_navigator]: [ 59.7s] dist=2.11m amcl=(0.96,-0.25 yaw=-0.48rad) odom=(0.96,-0.25 yaw=-0.48rad) nav=vx:0.000 wz:0.000 cmd=vx:0.000 wz:0.000
[INFO] [1783013437.277620191] [basic_navigator]: [ 59.9s] dist=2.11m amcl=(0.96,-0.25 yaw=-0.48rad) odom=(0.96,-0.25 yaw=-0.48rad) nav=vx:0.000 wz:0.000 cmd=vx:0.000 wz:0.000
[INFO] [1783013437.484329310] [basic_navigator]: [ 60.1s] dist=2.11m amcl=(0.96,-0.25 yaw=-0.48rad) odom=(0.96,-0.25 yaw=-0.48rad) nav=vx:0.000 wz:0.000 cmd=vx:0.000 wz:0.000
[INFO] [1783013437.707832544] [basic_navigator]: [ 60.4s] dist=2.11m amcl=(0.96,-0.25 yaw=-0.48rad) odom=(0.96,-0.25 yaw=-0.48rad) nav=vx:0.000 wz:0.000 cmd=vx:0.000 wz:0.000
[INFO] [1783013437.919082799] [basic_navigator]: [ 60.6s] dist=2.11m amcl=(0.96,-0.25 yaw=-0.48rad) odom=(0.96,-0.25 yaw=-0.48rad) nav=vx:0.000 wz:0.000 cmd=vx:0.000 wz:0.000
[INFO] [1783013438.121994965] [basic_navigator]: [ 60.8s] dist=2.11m amcl=(0.96,-0.25 yaw=-0.48rad) odom=(0.96,-0.25 yaw=-0.48rad) nav=vx:0.000 wz:0.000 cmd=vx:0.000 wz:0.000
[INFO] [1783013438.334364042] [basic_navigator]: [ 61.0s] dist=2.11m amcl=(0.96,-0.25 yaw=-0.48rad) odom=(0.96,-0.25 yaw=-0.48rad) nav=vx:0.000 wz:0.000 cmd=vx:0.000 wz:0.000
[INFO] [1783013438.541818840] [basic_navigator]: [ 61.2s] dist=2.11m amcl=(0.96,-0.25 yaw=-0.48rad) odom=(0.96,-0.25 yaw=-0.48rad) nav=vx:0.000 wz:0.000 cmd=vx:0.000 wz:0.000
[INFO] [1783013438.750344489] [basic_navigator]: [ 61.4s] dist=2.11m amcl=(0.96,-0.25 yaw=-0.48rad) odom=(0.96,-0.25 yaw=-0.48rad) nav=vx:0.000 wz:0.000 cmd=vx:0.000 wz:0.000
[INFO] [1783013438.954640386] [basic_navigator]: [ 61.6s] dist=2.11m amcl=(0.96,-0.25 yaw=-0.48rad) odom=(0.96,-0.25 yaw=-0.48rad) nav=vx:0.000 wz:0.000 cmd=vx:0.000 wz:0.000
[INFO] [1783013439.158879117] [basic_navigator]: [ 61.8s] dist=2.11m amcl=(0.96,-0.25 yaw=-0.48rad) odom=(0.96,-0.25 yaw=-0.48rad) nav=vx:0.000 wz:0.000 cmd=vx:0.000 wz:0.000
[INFO] [1783013439.364636445] [basic_navigator]: [ 62.0s] dist=2.11m amcl=(0.96,-0.25 yaw=-0.48rad) odom=(0.96,-0.25 yaw=-0.48rad) nav=vx:0.000 wz:0.000 cmd=vx:0.000 wz:0.000
[INFO] [1783013439.569371863] [basic_navigator]: [ 62.2s] dist=2.11m amcl=(0.96,-0.25 yaw=-0.48rad) odom=(0.96,-0.25 yaw=-0.48rad) nav=vx:0.000 wz:0.000 cmd=vx:0.000 wz:0.000
[INFO] [1783013439.774870188] [basic_navigator]: [ 62.4s] dist=2.11m amcl=(0.96,-0.25 yaw=-0.48rad) odom=(0.96,-0.25 yaw=-0.48rad) nav=vx:0.000 wz:0.000 cmd=vx:0.000 wz:0.000
[INFO] [1783013439.979126290] [basic_navigator]: [ 62.6s] dist=2.11m amcl=(0.96,-0.25 yaw=-0.48rad) odom=(0.96,-0.25 yaw=-0.48rad) nav=vx:0.000 wz:0.000 cmd=vx:0.000 wz:0.000
[INFO] [1783013440.184818505] [basic_navigator]: [ 62.8s] dist=2.11m amcl=(0.96,-0.25 yaw=-0.48rad) odom=(0.96,-0.25 yaw=-0.48rad) nav=vx:0.000 wz:0.000 cmd=vx:0.000 wz:0.000
[INFO] [1783013440.394614052] [basic_navigator]: [ 63.0s] dist=2.11m amcl=(0.96,-0.25 yaw=-0.48rad) odom=(0.96,-0.25 yaw=-0.48rad) nav=vx:0.000 wz:0.000 cmd=vx:0.000 wz:0.000
[INFO] [1783013440.602525514] [basic_navigator]: [ 63.3s] dist=2.11m amcl=(0.96,-0.25 yaw=-0.48rad) odom=(0.96,-0.25 yaw=-0.48rad) nav=vx:0.000 wz:0.000 cmd=vx:0.000 wz:0.000
[INFO] [1783013440.812454449] [basic_navigator]: [ 63.5s] dist=2.11m amcl=(0.96,-0.25 yaw=-0.48rad) odom=(0.96,-0.25 yaw=-0.48rad) nav=vx:0.000 wz:0.000 cmd=vx:0.000 wz:0.000
[INFO] [1783013441.016792336] [basic_navigator]: [ 63.7s] dist=2.11m amcl=(0.96,-0.25 yaw=-0.48rad) odom=(0.96,-0.25 yaw=-0.48rad) nav=vx:0.000 wz:0.000 cmd=vx:0.000 wz:0.000
[INFO] [1783013441.220493241] [basic_navigator]: [ 63.9s] dist=2.11m amcl=(0.96,-0.25 yaw=-0.48rad) odom=(0.96,-0.25 yaw=-0.48rad) nav=vx:0.000 wz:0.000 cmd=vx:0.000 wz:0.000
[INFO] [1783013441.426252925] [basic_navigator]: [ 64.1s] dist=2.11m amcl=(0.96,-0.25 yaw=-0.48rad) odom=(0.96,-0.25 yaw=-0.48rad) nav=vx:0.000 wz:0.000 cmd=vx:0.000 wz:0.000
[INFO] [1783013441.630040240] [basic_navigator]: [ 64.3s] dist=2.11m amcl=(0.96,-0.25 yaw=-0.48rad) odom=(0.96,-0.25 yaw=-0.48rad) nav=vx:0.000 wz:0.000 cmd=vx:0.000 wz:0.000
[INFO] [1783013441.833644001] [basic_navigator]: [ 64.5s] dist=2.11m amcl=(0.96,-0.25 yaw=-0.48rad) odom=(0.96,-0.25 yaw=-0.48rad) nav=vx:0.000 wz:0.000 cmd=vx:0.000 wz:0.000
[INFO] [1783013442.037260286] [basic_navigator]: [ 64.7s] dist=2.11m amcl=(0.96,-0.25 yaw=-0.48rad) odom=(0.96,-0.25 yaw=-0.48rad) nav=vx:0.000 wz:0.000 cmd=vx:0.000 wz:0.000
[INFO] [1783013442.240918468] [basic_navigator]: [ 64.9s] dist=2.11m amcl=(0.96,-0.25 yaw=-0.48rad) odom=(0.96,-0.25 yaw=-0.48rad) nav=vx:0.000 wz:0.000 cmd=vx:0.000 wz:0.000
[INFO] [1783013442.448840889] [basic_navigator]: [ 65.1s] dist=2.11m amcl=(0.96,-0.25 yaw=-0.48rad) odom=(0.96,-0.25 yaw=-0.48rad) nav=vx:0.000 wz:0.000 cmd=vx:0.000 wz:0.000
[INFO] [1783013442.655566087] [basic_navigator]: [ 65.3s] dist=2.11m amcl=(0.96,-0.25 yaw=-0.48rad) odom=(0.96,-0.25 yaw=-0.48rad) nav=vx:0.000 wz:0.000 cmd=vx:0.000 wz:0.000
[INFO] [1783013442.862665121] [basic_navigator]: [ 65.5s] dist=2.11m amcl=(0.96,-0.25 yaw=-0.48rad) odom=(0.96,-0.25 yaw=-0.48rad) nav=vx:0.000 wz:0.000 cmd=vx:0.000 wz:0.000
[INFO] [1783013443.066372246] [basic_navigator]: [ 65.7s] dist=2.11m amcl=(0.96,-0.25 yaw=-0.48rad) odom=(0.96,-0.25 yaw=-0.48rad) nav=vx:0.000 wz:0.000 cmd=vx:0.000 wz:0.000
[INFO] [1783013443.269816785] [basic_navigator]: [ 65.9s] dist=2.11m amcl=(0.96,-0.25 yaw=-0.48rad) odom=(0.96,-0.25 yaw=-0.48rad) nav=vx:0.000 wz:0.000 cmd=vx:0.000 wz:0.000
[INFO] [1783013443.473064345] [basic_navigator]: [ 66.1s] dist=2.11m amcl=(0.96,-0.25 yaw=-0.48rad) odom=(0.96,-0.25 yaw=-0.48rad) nav=vx:0.000 wz:0.000 cmd=vx:0.000 wz:0.000
[INFO] [1783013443.676493885] [basic_navigator]: [ 66.3s] dist=2.11m amcl=(0.96,-0.25 yaw=-0.48rad) odom=(0.96,-0.25 yaw=-0.48rad) nav=vx:0.000 wz:0.000 cmd=vx:0.000 wz:0.000
[INFO] [1783013443.881024770] [basic_navigator]: [ 66.5s] dist=2.11m amcl=(0.96,-0.25 yaw=-0.48rad) odom=(0.96,-0.25 yaw=-0.48rad) nav=vx:0.000 wz:0.000 cmd=vx:0.000 wz:0.000
[INFO] [1783013444.085424218] [basic_navigator]: [ 66.7s] dist=2.11m amcl=(0.96,-0.25 yaw=-0.48rad) odom=(0.96,-0.25 yaw=-0.48rad) nav=vx:0.000 wz:0.000 cmd=vx:0.000 wz:0.000
[INFO] [1783013444.300438091] [basic_navigator]: [ 67.0s] dist=2.11m amcl=(0.96,-0.25 yaw=-0.48rad) odom=(0.96,-0.25 yaw=-0.48rad) nav=vx:0.000 wz:0.000 cmd=vx:0.000 wz:0.000
[INFO] [1783013444.507492860] [basic_navigator]: [ 67.2s] dist=2.11m amcl=(0.96,-0.25 yaw=-0.48rad) odom=(0.96,-0.25 yaw=-0.48rad) nav=vx:0.000 wz:0.000 cmd=vx:0.000 wz:0.000
[INFO] [1783013444.712532534] [basic_navigator]: [ 67.4s] dist=2.11m amcl=(0.96,-0.25 yaw=-0.48rad) odom=(0.96,-0.25 yaw=-0.48rad) nav=vx:0.000 wz:0.000 cmd=vx:0.000 wz:0.000
[INFO] [1783013444.915499197] [basic_navigator]: [ 67.6s] dist=2.11m amcl=(0.96,-0.25 yaw=-0.48rad) odom=(0.96,-0.25 yaw=-0.48rad) nav=vx:0.000 wz:0.000 cmd=vx:0.000 wz:0.000
[INFO] [1783013445.120456299] [basic_navigator]: [ 67.8s] dist=2.11m amcl=(0.96,-0.25 yaw=-0.48rad) odom=(0.96,-0.25 yaw=-0.48rad) nav=vx:0.000 wz:0.000 cmd=vx:0.000 wz:0.000
[INFO] [1783013445.323290058] [basic_navigator]: [ 68.0s] dist=2.11m amcl=(0.96,-0.25 yaw=-0.48rad) odom=(0.96,-0.25 yaw=-0.48rad) nav=vx:0.000 wz:0.000 cmd=vx:0.000 wz:0.000
[INFO] [1783013445.525884105] [basic_navigator]: [ 68.2s] dist=2.11m amcl=(0.96,-0.25 yaw=-0.48rad) odom=(0.96,-0.25 yaw=-0.48rad) nav=vx:0.000 wz:0.000 cmd=vx:0.000 wz:0.000
[INFO] [1783013445.729245033] [basic_navigator]: [ 68.4s] dist=2.11m amcl=(0.96,-0.25 yaw=-0.48rad) odom=(0.96,-0.25 yaw=-0.48rad) nav=vx:0.000 wz:0.000 cmd=vx:0.000 wz:0.000
[INFO] [1783013445.937335190] [basic_navigator]: [ 68.6s] dist=2.11m amcl=(0.96,-0.25 yaw=-0.48rad) odom=(0.96,-0.25 yaw=-0.48rad) nav=vx:0.000 wz:0.000 cmd=vx:0.000 wz:0.000
[INFO] [1783013446.142115041] [basic_navigator]: [ 68.8s] dist=2.11m amcl=(0.96,-0.25 yaw=-0.48rad) odom=(0.96,-0.25 yaw=-0.48rad) nav=vx:0.000 wz:0.000 cmd=vx:0.000 wz:0.000
[INFO] [1783013446.345398669] [basic_navigator]: [ 69.0s] dist=2.11m amcl=(0.96,-0.25 yaw=-0.48rad) odom=(0.96,-0.25 yaw=-0.48rad) nav=vx:0.000 wz:0.000 cmd=vx:0.000 wz:0.000
[INFO] [1783013446.549035093] [basic_navigator]: [ 69.2s] dist=2.11m amcl=(0.96,-0.25 yaw=-0.48rad) odom=(0.96,-0.25 yaw=-0.48rad) nav=vx:0.000 wz:0.000 cmd=vx:0.000 wz:0.000
[INFO] [1783013446.753426673] [basic_navigator]: [ 69.4s] dist=2.11m amcl=(0.96,-0.25 yaw=-0.48rad) odom=(0.96,-0.25 yaw=-0.48rad) nav=vx:0.000 wz:0.000 cmd=vx:0.000 wz:0.000
[INFO] [1783013446.959458402] [basic_navigator]: [ 69.6s] dist=2.11m amcl=(0.96,-0.25 yaw=-0.48rad) odom=(0.96,-0.25 yaw=-0.48rad) nav=vx:0.000 wz:0.000 cmd=vx:0.000 wz:0.000
[INFO] [1783013447.165372739] [basic_navigator]: [ 69.8s] dist=2.11m amcl=(0.96,-0.25 yaw=-0.48rad) odom=(0.96,-0.25 yaw=-0.48rad) nav=vx:0.000 wz:0.000 cmd=vx:0.000 wz:0.000
[INFO] [1783013447.375765556] [basic_navigator]: [ 70.0s] dist=2.11m amcl=(0.96,-0.25 yaw=-0.48rad) odom=(0.96,-0.25 yaw=-0.48rad) nav=vx:0.000 wz:0.000 cmd=vx:0.000 wz:0.000
[INFO] [1783013447.578935309] [basic_navigator]: [ 70.2s] dist=2.11m amcl=(0.96,-0.25 yaw=-0.48rad) odom=(0.96,-0.25 yaw=-0.48rad) nav=vx:0.000 wz:0.000 cmd=vx:0.000 wz:0.000
[INFO] [1783013447.783251068] [basic_navigator]: [ 70.4s] dist=2.11m amcl=(0.96,-0.25 yaw=-0.48rad) odom=(0.96,-0.25 yaw=-0.48rad) nav=vx:0.000 wz:0.000 cmd=vx:0.000 wz:0.000
[INFO] [1783013447.987572215] [basic_navigator]: [ 70.6s] dist=2.11m amcl=(0.96,-0.25 yaw=-0.48rad) odom=(0.96,-0.25 yaw=-0.48rad) nav=vx:0.000 wz:0.000 cmd=vx:0.000 wz:0.000
[INFO] [1783013448.190309149] [basic_navigator]: [ 70.8s] dist=2.11m amcl=(0.96,-0.25 yaw=-0.48rad) odom=(0.96,-0.25 yaw=-0.48rad) nav=vx:0.000 wz:0.000 cmd=vx:0.000 wz:0.000
[INFO] [1783013448.394891387] [basic_navigator]: [ 71.0s] dist=2.11m amcl=(0.96,-0.25 yaw=-0.48rad) odom=(0.96,-0.25 yaw=-0.48rad) nav=vx:0.000 wz:0.000 cmd=vx:0.000 wz:0.000
[INFO] [1783013448.602386619] [basic_navigator]: [ 71.3s] dist=2.11m amcl=(0.96,-0.25 yaw=-0.48rad) odom=(0.96,-0.25 yaw=-0.48rad) nav=vx:0.000 wz:0.000 cmd=vx:0.000 wz:0.000
[INFO] [1783013448.807405374] [basic_navigator]: [ 71.5s] dist=2.11m amcl=(0.96,-0.25 yaw=-0.48rad) odom=(0.96,-0.25 yaw=-0.48rad) nav=vx:0.000 wz:0.000 cmd=vx:0.000 wz:0.000
[INFO] [1783013449.010665546] [basic_navigator]: [ 71.7s] dist=2.11m amcl=(0.96,-0.25 yaw=-0.48rad) odom=(0.96,-0.25 yaw=-0.48rad) nav=vx:0.000 wz:0.000 cmd=vx:0.000 wz:0.000
[INFO] [1783013449.216353526] [basic_navigator]: [ 71.9s] dist=2.11m amcl=(0.96,-0.25 yaw=-0.48rad) odom=(0.96,-0.25 yaw=-0.48rad) nav=vx:0.000 wz:0.000 cmd=vx:0.000 wz:0.000
[INFO] [1783013449.419963203] [basic_navigator]: [ 72.1s] dist=2.11m amcl=(0.96,-0.25 yaw=-0.48rad) odom=(0.96,-0.25 yaw=-0.48rad) nav=vx:0.000 wz:0.000 cmd=vx:0.000 wz:0.000
[INFO] [1783013449.622967774] [basic_navigator]: [ 72.3s] dist=2.11m amcl=(0.96,-0.25 yaw=-0.48rad) odom=(0.96,-0.25 yaw=-0.48rad) nav=vx:0.000 wz:0.000 cmd=vx:0.000 wz:0.000
[INFO] [1783013449.826634895] [basic_navigator]: [ 72.5s] dist=2.11m amcl=(0.96,-0.25 yaw=-0.48rad) odom=(0.96,-0.25 yaw=-0.48rad) nav=vx:0.000 wz:0.000 cmd=vx:0.000 wz:0.000
[INFO] [1783013450.030696376] [basic_navigator]: [ 72.7s] dist=2.11m amcl=(0.96,-0.25 yaw=-0.48rad) odom=(0.96,-0.25 yaw=-0.48rad) nav=vx:0.000 wz:0.000 cmd=vx:0.000 wz:0.000
[INFO] [1783013450.238760759] [basic_navigator]: [ 72.9s] dist=2.11m amcl=(0.96,-0.25 yaw=-0.48rad) odom=(0.96,-0.25 yaw=-0.48rad) nav=vx:0.000 wz:0.000 cmd=vx:0.000 wz:0.000
[INFO] [1783013450.443408502] [basic_navigator]: [ 73.1s] dist=2.11m amcl=(0.96,-0.25 yaw=-0.48rad) odom=(0.96,-0.25 yaw=-0.48rad) nav=vx:0.000 wz:0.000 cmd=vx:0.000 wz:0.000
[INFO] [1783013450.648486207] [basic_navigator]: [ 73.3s] dist=2.11m amcl=(0.96,-0.25 yaw=-0.48rad) odom=(0.96,-0.25 yaw=-0.48rad) nav=vx:0.000 wz:0.000 cmd=vx:0.000 wz:0.000
[INFO] [1783013450.853820345] [basic_navigator]: [ 73.5s] dist=2.11m amcl=(0.96,-0.25 yaw=-0.48rad) odom=(0.96,-0.25 yaw=-0.48rad) nav=vx:0.000 wz:0.000 cmd=vx:0.000 wz:0.000
[INFO] [1783013451.057397955] [basic_navigator]: [ 73.7s] dist=2.11m amcl=(0.96,-0.25 yaw=-0.48rad) odom=(0.96,-0.25 yaw=-0.48rad) nav=vx:0.000 wz:0.000 cmd=vx:0.000 wz:0.000
[INFO] [1783013451.260942232] [basic_navigator]: [ 73.9s] dist=2.11m amcl=(0.96,-0.25 yaw=-0.48rad) odom=(0.96,-0.25 yaw=-0.48rad) nav=vx:0.000 wz:0.000 cmd=vx:0.000 wz:0.000
[INFO] [1783013451.467581725] [basic_navigator]: [ 74.1s] dist=2.11m amcl=(0.96,-0.25 yaw=-0.48rad) odom=(0.96,-0.25 yaw=-0.48rad) nav=vx:0.000 wz:0.000 cmd=vx:0.000 wz:0.000
[INFO] [1783013451.673967651] [basic_navigator]: [ 74.3s] dist=2.11m amcl=(0.96,-0.25 yaw=-0.48rad) odom=(0.96,-0.25 yaw=-0.48rad) nav=vx:0.000 wz:0.000 cmd=vx:0.000 wz:0.000
[INFO] [1783013451.876516944] [basic_navigator]: [ 74.5s] dist=2.11m amcl=(0.96,-0.25 yaw=-0.48rad) odom=(0.96,-0.25 yaw=-0.48rad) nav=vx:0.000 wz:0.000 cmd=vx:0.000 wz:0.000
[INFO] [1783013452.079459498] [basic_navigator]: [ 74.7s] dist=2.11m amcl=(0.96,-0.25 yaw=-0.48rad) odom=(0.96,-0.25 yaw=-0.48rad) nav=vx:0.000 wz:0.000 cmd=vx:0.000 wz:0.000
[INFO] [1783013452.283718662] [basic_navigator]: [ 74.9s] dist=2.11m amcl=(0.96,-0.25 yaw=-0.48rad) odom=(0.96,-0.25 yaw=-0.48rad) nav=vx:0.000 wz:0.000 cmd=vx:0.000 wz:0.000
[INFO] [1783013452.490885953] [basic_navigator]: [ 75.1s] dist=2.11m amcl=(0.96,-0.25 yaw=-0.48rad) odom=(0.96,-0.25 yaw=-0.48rad) nav=vx:0.000 wz:0.000 cmd=vx:0.000 wz:0.000
[INFO] [1783013452.694178914] [basic_navigator]: [ 75.3s] dist=2.11m amcl=(0.96,-0.25 yaw=-0.48rad) odom=(0.96,-0.25 yaw=-0.48rad) nav=vx:0.000 wz:0.000 cmd=vx:0.000 wz:0.000
[INFO] [1783013452.898064334] [basic_navigator]: [ 75.6s] dist=2.11m amcl=(0.96,-0.25 yaw=-0.48rad) odom=(0.96,-0.25 yaw=-0.48rad) nav=vx:0.000 wz:0.000 cmd=vx:0.000 wz:0.000
[INFO] [1783013453.102076756] [basic_navigator]: [ 75.8s] dist=2.11m amcl=(0.96,-0.25 yaw=-0.48rad) odom=(0.96,-0.25 yaw=-0.48rad) nav=vx:0.000 wz:0.000 cmd=vx:0.000 wz:0.000
[INFO] [1783013453.307516879] [basic_navigator]: [ 76.0s] dist=2.11m amcl=(0.96,-0.25 yaw=-0.48rad) odom=(0.96,-0.25 yaw=-0.48rad) nav=vx:0.000 wz:0.000 cmd=vx:0.000 wz:0.000
[INFO] [1783013453.514147966] [basic_navigator]: [ 76.2s] dist=2.11m amcl=(0.96,-0.25 yaw=-0.48rad) odom=(0.96,-0.25 yaw=-0.48rad) nav=vx:0.000 wz:0.000 cmd=vx:0.000 wz:0.000
[INFO] [1783013453.717158121] [basic_navigator]: [ 76.4s] dist=2.11m amcl=(0.96,-0.25 yaw=-0.48rad) odom=(0.96,-0.25 yaw=-0.48rad) nav=vx:0.000 wz:0.000 cmd=vx:0.000 wz:0.000
[INFO] [1783013453.922329306] [basic_navigator]: [ 76.6s] dist=2.11m amcl=(0.96,-0.25 yaw=-0.48rad) odom=(0.96,-0.25 yaw=-0.48rad) nav=vx:0.000 wz:0.000 cmd=vx:0.000 wz:0.000
[INFO] [1783013454.124728845] [basic_navigator]: [ 76.8s] dist=2.11m amcl=(0.96,-0.25 yaw=-0.48rad) odom=(0.96,-0.25 yaw=-0.48rad) nav=vx:0.000 wz:0.000 cmd=vx:0.000 wz:0.000
[INFO] [1783013454.328774886] [basic_navigator]: [ 77.0s] dist=2.11m amcl=(0.96,-0.25 yaw=-0.48rad) odom=(0.96,-0.25 yaw=-0.48rad) nav=vx:0.000 wz:0.000 cmd=vx:0.000 wz:0.000
[INFO] [1783013454.532175930] [basic_navigator]: [ 77.2s] dist=2.11m amcl=(0.96,-0.25 yaw=-0.48rad) odom=(0.96,-0.25 yaw=-0.48rad) nav=vx:0.000 wz:0.000 cmd=vx:0.000 wz:0.000
[INFO] [1783013454.737153589] [basic_navigator]: [ 77.4s] dist=2.11m amcl=(0.96,-0.25 yaw=-0.48rad) odom=(0.96,-0.25 yaw=-0.48rad) nav=vx:0.000 wz:0.000 cmd=vx:0.000 wz:0.000
[INFO] [1783013454.941636062] [basic_navigator]: [ 77.6s] dist=2.11m amcl=(0.96,-0.25 yaw=-0.48rad) odom=(0.96,-0.25 yaw=-0.48rad) nav=vx:0.000 wz:0.000 cmd=vx:0.000 wz:0.000
[INFO] [1783013455.143555656] [basic_navigator]: [ 77.8s] dist=2.11m amcl=(0.96,-0.25 yaw=-0.48rad) odom=(0.96,-0.25 yaw=-0.48rad) nav=vx:0.000 wz:0.000 cmd=vx:0.000 wz:0.000
[INFO] [1783013455.347370019] [basic_navigator]: [ 78.0s] dist=2.11m amcl=(0.96,-0.25 yaw=-0.48rad) odom=(0.96,-0.25 yaw=-0.48rad) nav=vx:0.000 wz:0.000 cmd=vx:0.000 wz:0.000
[INFO] [1783013455.556863110] [basic_navigator]: [ 78.2s] dist=2.11m amcl=(0.96,-0.25 yaw=-0.48rad) odom=(0.96,-0.25 yaw=-0.48rad) nav=vx:0.000 wz:0.000 cmd=vx:0.000 wz:0.000
[INFO] [1783013455.760313604] [basic_navigator]: [ 78.4s] dist=2.11m amcl=(0.96,-0.25 yaw=-0.48rad) odom=(0.96,-0.25 yaw=-0.48rad) nav=vx:0.000 wz:0.000 cmd=vx:0.000 wz:0.000
[INFO] [1783013455.966629883] [basic_navigator]: [ 78.6s] dist=2.11m amcl=(0.96,-0.25 yaw=-0.48rad) odom=(0.96,-0.25 yaw=-0.48rad) nav=vx:0.000 wz:0.000 cmd=vx:0.000 wz:0.000
[INFO] [1783013456.171047221] [basic_navigator]: [ 78.8s] dist=2.11m amcl=(0.96,-0.25 yaw=-0.48rad) odom=(0.96,-0.25 yaw=-0.48rad) nav=vx:0.000 wz:0.000 cmd=vx:0.000 wz:0.000
[INFO] [1783013456.376957647] [basic_navigator]: [ 79.0s] dist=2.11m amcl=(0.96,-0.25 yaw=-0.48rad) odom=(0.96,-0.25 yaw=-0.48rad) nav=vx:0.000 wz:0.000 cmd=vx:0.000 wz:0.000
[INFO] [1783013456.579152752] [basic_navigator]: [ 79.2s] dist=2.11m amcl=(0.96,-0.25 yaw=-0.48rad) odom=(0.96,-0.25 yaw=-0.48rad) nav=vx:0.000 wz:0.000 cmd=vx:0.000 wz:0.000
[INFO] [1783013456.782662153] [basic_navigator]: [ 79.4s] dist=2.11m amcl=(0.96,-0.25 yaw=-0.48rad) odom=(0.96,-0.25 yaw=-0.48rad) nav=vx:0.000 wz:0.000 cmd=vx:0.000 wz:0.000
[INFO] [1783013456.987315560] [basic_navigator]: [ 79.6s] dist=2.11m amcl=(0.96,-0.25 yaw=-0.48rad) odom=(0.96,-0.25 yaw=-0.48rad) nav=vx:0.000 wz:0.000 cmd=vx:0.000 wz:0.000
[INFO] [1783013457.190915776] [basic_navigator]: [ 79.8s] dist=2.11m amcl=(0.96,-0.25 yaw=-0.48rad) odom=(0.96,-0.25 yaw=-0.48rad) nav=vx:0.000 wz:0.000 cmd=vx:0.000 wz:0.000
[INFO] [1783013457.393342010] [basic_navigator]: [ 80.0s] dist=2.11m amcl=(0.96,-0.25 yaw=-0.48rad) odom=(0.96,-0.25 yaw=-0.48rad) nav=vx:0.000 wz:0.000 cmd=vx:0.000 wz:0.000
[INFO] [1783013457.603014167] [basic_navigator]: [ 80.3s] dist=2.11m amcl=(0.96,-0.25 yaw=-0.48rad) odom=(0.96,-0.25 yaw=-0.48rad) nav=vx:0.000 wz:0.000 cmd=vx:0.000 wz:0.000
[INFO] [1783013457.806082416] [basic_navigator]: [ 80.5s] dist=2.11m amcl=(0.96,-0.25 yaw=-0.48rad) odom=(0.96,-0.25 yaw=-0.48rad) nav=vx:0.000 wz:0.000 cmd=vx:0.000 wz:0.000
[INFO] [1783013458.010999309] [basic_navigator]: [ 80.7s] dist=2.11m amcl=(0.96,-0.25 yaw=-0.48rad) odom=(0.96,-0.25 yaw=-0.48rad) nav=vx:0.000 wz:0.000 cmd=vx:0.000 wz:0.000
[INFO] [1783013458.218157686] [basic_navigator]: [ 80.9s] dist=2.11m amcl=(0.96,-0.25 yaw=-0.48rad) odom=(0.96,-0.25 yaw=-0.48rad) nav=vx:0.000 wz:0.000 cmd=vx:0.000 wz:0.000
[INFO] [1783013458.421708833] [basic_navigator]: [ 81.1s] dist=2.11m amcl=(0.96,-0.25 yaw=-0.48rad) odom=(0.96,-0.25 yaw=-0.48rad) nav=vx:0.000 wz:0.000 cmd=vx:0.000 wz:0.000
[INFO] [1783013458.628819790] [basic_navigator]: [ 81.3s] dist=2.11m amcl=(0.96,-0.25 yaw=-0.48rad) odom=(0.96,-0.25 yaw=-0.48rad) nav=vx:0.000 wz:0.000 cmd=vx:0.000 wz:0.000
[INFO] [1783013458.832323580] [basic_navigator]: [ 81.5s] dist=2.11m amcl=(0.96,-0.25 yaw=-0.48rad) odom=(0.96,-0.25 yaw=-0.48rad) nav=vx:0.000 wz:0.000 cmd=vx:0.000 wz:0.000
[INFO] [1783013459.034266444] [basic_navigator]: [ 81.7s] dist=2.11m amcl=(0.96,-0.25 yaw=-0.48rad) odom=(0.96,-0.25 yaw=-0.48rad) nav=vx:0.000 wz:0.000 cmd=vx:0.000 wz:0.000
[INFO] [1783013459.238108132] [basic_navigator]: [ 81.9s] dist=2.11m amcl=(0.96,-0.25 yaw=-0.48rad) odom=(0.96,-0.25 yaw=-0.48rad) nav=vx:0.000 wz:0.000 cmd=vx:0.000 wz:0.000
[INFO] [1783013459.441274454] [basic_navigator]: [ 82.1s] dist=2.11m amcl=(0.96,-0.25 yaw=-0.48rad) odom=(0.96,-0.25 yaw=-0.48rad) nav=vx:0.000 wz:0.000 cmd=vx:0.000 wz:0.000
[INFO] [1783013459.645506839] [basic_navigator]: [ 82.3s] dist=2.11m amcl=(0.96,-0.25 yaw=-0.48rad) odom=(0.96,-0.25 yaw=-0.48rad) nav=vx:0.000 wz:0.000 cmd=vx:0.000 wz:0.000
[INFO] [1783013459.849729944] [basic_navigator]: [ 82.5s] dist=2.11m amcl=(0.96,-0.25 yaw=-0.48rad) odom=(0.96,-0.25 yaw=-0.48rad) nav=vx:0.000 wz:0.000 cmd=vx:0.000 wz:0.000
[INFO] [1783013460.052860373] [basic_navigator]: [ 82.7s] dist=2.11m amcl=(0.96,-0.25 yaw=-0.48rad) odom=(0.96,-0.25 yaw=-0.48rad) nav=vx:0.000 wz:0.000 cmd=vx:0.000 wz:0.000
[INFO] [1783013460.257036607] [basic_navigator]: [ 82.9s] dist=2.11m amcl=(0.96,-0.25 yaw=-0.48rad) odom=(0.96,-0.25 yaw=-0.48rad) nav=vx:0.000 wz:0.000 cmd=vx:0.000 wz:0.000
[INFO] [1783013460.463750942] [basic_navigator]: [ 83.1s] dist=2.11m amcl=(0.96,-0.25 yaw=-0.48rad) odom=(0.96,-0.25 yaw=-0.48rad) nav=vx:0.000 wz:0.000 cmd=vx:0.000 wz:0.000
[INFO] [1783013460.668991751] [basic_navigator]: [ 83.3s] dist=2.11m amcl=(0.96,-0.25 yaw=-0.48rad) odom=(0.96,-0.25 yaw=-0.48rad) nav=vx:0.000 wz:0.000 cmd=vx:0.000 wz:0.000
[INFO] [1783013460.874040512] [basic_navigator]: [ 83.5s] dist=2.11m amcl=(0.96,-0.25 yaw=-0.48rad) odom=(0.96,-0.25 yaw=-0.48rad) nav=vx:0.000 wz:0.000 cmd=vx:0.000 wz:0.000
[INFO] [1783013461.079140237] [basic_navigator]: [ 83.7s] dist=2.11m amcl=(0.96,-0.25 yaw=-0.48rad) odom=(0.96,-0.25 yaw=-0.48rad) nav=vx:0.000 wz:0.000 cmd=vx:0.000 wz:0.000
[INFO] [1783013461.283732321] [basic_navigator]: [ 83.9s] dist=2.11m amcl=(0.96,-0.25 yaw=-0.48rad) odom=(0.96,-0.25 yaw=-0.48rad) nav=vx:0.000 wz:0.000 cmd=vx:0.000 wz:0.000
[INFO] [1783013461.487342117] [basic_navigator]: [ 84.1s] dist=2.11m amcl=(0.96,-0.25 yaw=-0.48rad) odom=(0.96,-0.25 yaw=-0.48rad) nav=vx:0.000 wz:0.000 cmd=vx:0.000 wz:0.000
[INFO] [1783013461.694756649] [basic_navigator]: [ 84.3s] dist=2.11m amcl=(0.96,-0.25 yaw=-0.48rad) odom=(0.96,-0.25 yaw=-0.48rad) nav=vx:0.000 wz:0.000 cmd=vx:0.000 wz:0.000
[INFO] [1783013461.899351813] [basic_navigator]: [ 84.6s] dist=2.11m amcl=(0.96,-0.25 yaw=-0.48rad) odom=(0.96,-0.25 yaw=-0.48rad) nav=vx:0.000 wz:0.000 cmd=vx:0.000 wz:0.000
[INFO] [1783013462.105206278] [basic_navigator]: [ 84.8s] dist=2.11m amcl=(0.96,-0.25 yaw=-0.48rad) odom=(0.96,-0.25 yaw=-0.48rad) nav=vx:0.000 wz:0.000 cmd=vx:0.000 wz:0.000
[INFO] [1783013462.307709355] [basic_navigator]: [ 85.0s] dist=2.11m amcl=(0.96,-0.25 yaw=-0.48rad) odom=(0.96,-0.25 yaw=-0.48rad) nav=vx:0.000 wz:0.000 cmd=vx:0.000 wz:0.000
[INFO] [1783013462.511075362] [basic_navigator]: [ 85.2s] dist=2.11m amcl=(0.96,-0.25 yaw=-0.48rad) odom=(0.96,-0.25 yaw=-0.48rad) nav=vx:0.000 wz:0.000 cmd=vx:0.000 wz:0.000
[INFO] [1783013462.715722120] [basic_navigator]: [ 85.4s] dist=2.11m amcl=(0.96,-0.25 yaw=-0.48rad) odom=(0.96,-0.25 yaw=-0.48rad) nav=vx:0.000 wz:0.000 cmd=vx:0.000 wz:0.000
[INFO] [1783013462.921842811] [basic_navigator]: [ 85.6s] dist=2.11m amcl=(0.96,-0.25 yaw=-0.48rad) odom=(0.96,-0.25 yaw=-0.48rad) nav=vx:0.000 wz:0.000 cmd=vx:0.000 wz:0.000
[INFO] [1783013463.125328165] [basic_navigator]: [ 85.8s] dist=2.11m amcl=(0.96,-0.25 yaw=-0.48rad) odom=(0.96,-0.25 yaw=-0.48rad) nav=vx:0.000 wz:0.000 cmd=vx:0.000 wz:0.000
[INFO] [1783013463.330565392] [basic_navigator]: [ 86.0s] dist=2.11m amcl=(0.96,-0.25 yaw=-0.48rad) odom=(0.96,-0.25 yaw=-0.48rad) nav=vx:0.000 wz:0.000 cmd=vx:0.000 wz:0.000
[INFO] [1783013463.533208914] [basic_navigator]: [ 86.2s] dist=2.11m amcl=(0.96,-0.25 yaw=-0.48rad) odom=(0.96,-0.25 yaw=-0.48rad) nav=vx:0.000 wz:0.000 cmd=vx:0.000 wz:0.000
[INFO] [1783013463.736450477] [basic_navigator]: [ 86.4s] dist=2.11m amcl=(0.96,-0.25 yaw=-0.48rad) odom=(0.96,-0.25 yaw=-0.48rad) nav=vx:0.000 wz:0.000 cmd=vx:0.000 wz:0.000
[INFO] [1783013463.943722427] [basic_navigator]: [ 86.6s] dist=2.11m amcl=(0.96,-0.25 yaw=-0.48rad) odom=(0.96,-0.25 yaw=-0.48rad) nav=vx:0.000 wz:0.000 cmd=vx:0.000 wz:0.000
[INFO] [1783013464.150493308] [basic_navigator]: [ 86.8s] dist=2.11m amcl=(0.96,-0.25 yaw=-0.48rad) odom=(0.96,-0.25 yaw=-0.48rad) nav=vx:0.000 wz:0.000 cmd=vx:0.000 wz:0.000
[INFO] [1783013464.354004253] [basic_navigator]: [ 87.0s] dist=2.11m amcl=(0.96,-0.25 yaw=-0.48rad) odom=(0.96,-0.25 yaw=-0.48rad) nav=vx:0.000 wz:0.000 cmd=vx:0.000 wz:0.000
[INFO] [1783013464.558037436] [basic_navigator]: [ 87.2s] dist=2.11m amcl=(0.96,-0.25 yaw=-0.48rad) odom=(0.96,-0.25 yaw=-0.48rad) nav=vx:0.000 wz:0.000 cmd=vx:0.000 wz:0.000
[INFO] [1783013464.761839741] [basic_navigator]: [ 87.4s] dist=2.11m amcl=(0.96,-0.25 yaw=-0.48rad) odom=(0.96,-0.25 yaw=-0.48rad) nav=vx:0.000 wz:0.000 cmd=vx:0.000 wz:0.000
[INFO] [1783013464.970811625] [basic_navigator]: [ 87.6s] dist=2.11m amcl=(0.96,-0.25 yaw=-0.48rad) odom=(0.96,-0.25 yaw=-0.48rad) nav=vx:0.000 wz:0.000 cmd=vx:0.000 wz:0.000
[INFO] [1783013465.176003446] [basic_navigator]: [ 87.8s] dist=2.11m amcl=(0.96,-0.25 yaw=-0.48rad) odom=(0.96,-0.25 yaw=-0.48rad) nav=vx:0.000 wz:0.000 cmd=vx:0.000 wz:0.000
[INFO] [1783013465.380147693] [basic_navigator]: [ 88.0s] dist=2.11m amcl=(0.96,-0.25 yaw=-0.48rad) odom=(0.96,-0.25 yaw=-0.48rad) nav=vx:0.000 wz:0.000 cmd=vx:0.000 wz:0.000
[INFO] [1783013465.593229649] [basic_navigator]: [ 88.2s] dist=2.11m amcl=(0.96,-0.25 yaw=-0.48rad) odom=(0.96,-0.25 yaw=-0.48rad) nav=vx:0.000 wz:0.000 cmd=vx:0.000 wz:0.000
[INFO] [1783013465.798693116] [basic_navigator]: [ 88.5s] dist=2.11m amcl=(0.96,-0.25 yaw=-0.48rad) odom=(0.96,-0.25 yaw=-0.48rad) nav=vx:0.000 wz:0.000 cmd=vx:0.000 wz:0.000
[INFO] [1783013466.008373231] [basic_navigator]: [ 88.7s] dist=2.11m amcl=(0.96,-0.25 yaw=-0.48rad) odom=(0.96,-0.25 yaw=-0.48rad) nav=vx:0.000 wz:0.000 cmd=vx:0.000 wz:0.000
[INFO] [1783013466.216101799] [basic_navigator]: [ 88.9s] dist=2.11m amcl=(0.96,-0.25 yaw=-0.48rad) odom=(0.96,-0.25 yaw=-0.48rad) nav=vx:0.000 wz:0.000 cmd=vx:0.000 wz:0.000
[INFO] [1783013466.419700439] [basic_navigator]: [ 89.1s] dist=2.11m amcl=(0.96,-0.25 yaw=-0.48rad) odom=(0.96,-0.25 yaw=-0.48rad) nav=vx:0.000 wz:0.000 cmd=vx:0.000 wz:0.000
[INFO] [1783013466.624102724] [basic_navigator]: [ 89.3s] dist=2.11m amcl=(0.96,-0.25 yaw=-0.48rad) odom=(0.96,-0.25 yaw=-0.48rad) nav=vx:0.000 wz:0.000 cmd=vx:0.000 wz:0.000
[INFO] [1783013466.828338381] [basic_navigator]: [ 89.5s] dist=2.11m amcl=(0.96,-0.25 yaw=-0.48rad) odom=(0.96,-0.25 yaw=-0.48rad) nav=vx:0.000 wz:0.000 cmd=vx:0.000 wz:0.000
[INFO] [1783013467.035726177] [basic_navigator]: [ 89.7s] dist=2.11m amcl=(0.96,-0.25 yaw=-0.48rad) odom=(0.96,-0.25 yaw=-0.48rad) nav=vx:0.000 wz:0.000 cmd=vx:0.000 wz:0.000
[INFO] [1783013467.240635292] [basic_navigator]: [ 89.9s] dist=2.11m amcl=(0.96,-0.25 yaw=-0.48rad) odom=(0.96,-0.25 yaw=-0.48rad) nav=vx:0.000 wz:0.000 cmd=vx:0.000 wz:0.000
[INFO] [1783013467.462521027] [basic_navigator]: [ 90.1s] dist=2.11m amcl=(0.96,-0.25 yaw=-0.48rad) odom=(0.96,-0.25 yaw=-0.48rad) nav=vx:0.000 wz:0.000 cmd=vx:0.000 wz:0.000
[INFO] [1783013467.677597615] [basic_navigator]: [ 90.3s] dist=2.11m amcl=(0.96,-0.25 yaw=-0.48rad) odom=(0.96,-0.25 yaw=-0.48rad) nav=vx:0.000 wz:0.000 cmd=vx:0.000 wz:0.000
[INFO] [1783013467.879701405] [basic_navigator]: [ 90.5s] dist=2.11m amcl=(0.96,-0.25 yaw=-0.48rad) odom=(0.96,-0.25 yaw=-0.48rad) nav=vx:0.000 wz:0.000 cmd=vx:0.000 wz:0.000
[INFO] [1783013468.093257181] [basic_navigator]: [ 90.7s] dist=2.11m amcl=(0.96,-0.25 yaw=-0.48rad) odom=(0.96,-0.25 yaw=-0.48rad) nav=vx:0.000 wz:0.000 cmd=vx:0.000 wz:0.000
[INFO] [1783013468.297188429] [basic_navigator]: [ 91.0s] dist=2.11m amcl=(0.96,-0.25 yaw=-0.48rad) odom=(0.96,-0.25 yaw=-0.48rad) nav=vx:0.000 wz:0.000 cmd=vx:0.000 wz:0.000
[INFO] [1783013468.499219416] [basic_navigator]: [ 91.2s] dist=2.11m amcl=(0.96,-0.25 yaw=-0.48rad) odom=(0.96,-0.25 yaw=-0.48rad) nav=vx:0.000 wz:0.000 cmd=vx:0.000 wz:0.000
[INFO] [1783013468.702143770] [basic_navigator]: [ 91.4s] dist=2.11m amcl=(0.96,-0.25 yaw=-0.48rad) odom=(0.96,-0.25 yaw=-0.48rad) nav=vx:0.000 wz:0.000 cmd=vx:0.000 wz:0.000
[INFO] [1783013468.909485641] [basic_navigator]: [ 91.6s] dist=2.11m amcl=(0.96,-0.25 yaw=-0.48rad) odom=(0.96,-0.25 yaw=-0.48rad) nav=vx:0.000 wz:0.000 cmd=vx:0.000 wz:0.000
[INFO] [1783013469.120038847] [basic_navigator]: [ 91.8s] dist=2.11m amcl=(0.96,-0.25 yaw=-0.48rad) odom=(0.96,-0.25 yaw=-0.48rad) nav=vx:0.000 wz:0.000 cmd=vx:0.000 wz:0.000
[INFO] [1783013469.325252105] [basic_navigator]: [ 92.0s] dist=2.11m amcl=(0.96,-0.25 yaw=-0.48rad) odom=(0.96,-0.25 yaw=-0.48rad) nav=vx:0.000 wz:0.000 cmd=vx:0.000 wz:0.000
[INFO] [1783013469.534285918] [basic_navigator]: [ 92.2s] dist=2.11m amcl=(0.96,-0.25 yaw=-0.48rad) odom=(0.96,-0.25 yaw=-0.48rad) nav=vx:0.000 wz:0.000 cmd=vx:0.000 wz:0.000
[INFO] [1783013469.737643517] [basic_navigator]: [ 92.4s] dist=2.11m amcl=(0.96,-0.25 yaw=-0.48rad) odom=(0.96,-0.25 yaw=-0.48rad) nav=vx:0.000 wz:0.000 cmd=vx:0.000 wz:0.000
[INFO] [1783013469.942937762] [basic_navigator]: [ 92.6s] dist=2.11m amcl=(0.96,-0.25 yaw=-0.48rad) odom=(0.96,-0.25 yaw=-0.48rad) nav=vx:0.000 wz:0.000 cmd=vx:0.000 wz:0.000
[INFO] [1783013470.146782978] [basic_navigator]: [ 92.8s] dist=2.11m amcl=(0.96,-0.25 yaw=-0.48rad) odom=(0.96,-0.25 yaw=-0.48rad) nav=vx:0.000 wz:0.000 cmd=vx:0.000 wz:0.000
[INFO] [1783013470.350068708] [basic_navigator]: [ 93.0s] dist=2.11m amcl=(0.96,-0.25 yaw=-0.48rad) odom=(0.96,-0.25 yaw=-0.48rad) nav=vx:0.000 wz:0.000 cmd=vx:0.000 wz:0.000
[INFO] [1783013470.558381792] [basic_navigator]: [ 93.2s] dist=2.11m amcl=(0.96,-0.25 yaw=-0.48rad) odom=(0.96,-0.25 yaw=-0.48rad) nav=vx:0.000 wz:0.000 cmd=vx:0.000 wz:0.000
[INFO] [1783013470.761576326] [basic_navigator]: [ 93.4s] dist=2.11m amcl=(0.96,-0.25 yaw=-0.48rad) odom=(0.96,-0.25 yaw=-0.48rad) nav=vx:0.000 wz:0.000 cmd=vx:0.000 wz:0.000
[INFO] [1783013470.964786523] [basic_navigator]: [ 93.6s] dist=2.11m amcl=(0.96,-0.25 yaw=-0.48rad) odom=(0.96,-0.25 yaw=-0.48rad) nav=vx:0.000 wz:0.000 cmd=vx:0.000 wz:0.000
[INFO] [1783013471.173836997] [basic_navigator]: [ 93.8s] dist=2.11m amcl=(0.96,-0.25 yaw=-0.48rad) odom=(0.96,-0.25 yaw=-0.48rad) nav=vx:0.000 wz:0.000 cmd=vx:0.000 wz:0.000
[INFO] [1783013471.376957384] [basic_navigator]: [ 94.0s] dist=2.11m amcl=(0.96,-0.25 yaw=-0.48rad) odom=(0.96,-0.25 yaw=-0.48rad) nav=vx:0.000 wz:0.000 cmd=vx:0.000 wz:0.000
[INFO] [1783013471.587773582] [basic_navigator]: [ 94.2s] dist=2.11m amcl=(0.96,-0.25 yaw=-0.48rad) odom=(0.96,-0.25 yaw=-0.48rad) nav=vx:0.000 wz:0.000 cmd=vx:0.000 wz:0.000
[INFO] [1783013471.798513341] [basic_navigator]: [ 94.5s] dist=2.11m amcl=(0.96,-0.25 yaw=-0.48rad) odom=(0.96,-0.25 yaw=-0.48rad) nav=vx:0.000 wz:0.000 cmd=vx:0.000 wz:0.000
[INFO] [1783013472.001175580] [basic_navigator]: [ 94.7s] dist=2.11m amcl=(0.96,-0.25 yaw=-0.48rad) odom=(0.96,-0.25 yaw=-0.48rad) nav=vx:0.000 wz:0.000 cmd=vx:0.000 wz:0.000
[INFO] [1783013472.207117001] [basic_navigator]: [ 94.9s] dist=2.11m amcl=(0.96,-0.25 yaw=-0.48rad) odom=(0.96,-0.25 yaw=-0.48rad) nav=vx:0.000 wz:0.000 cmd=vx:0.000 wz:0.000
[INFO] [1783013472.408470845] [basic_navigator]: [ 95.1s] dist=2.11m amcl=(0.96,-0.25 yaw=-0.48rad) odom=(0.96,-0.25 yaw=-0.48rad) nav=vx:0.000 wz:0.000 cmd=vx:0.000 wz:0.000
[INFO] [1783013472.612464585] [basic_navigator]: [ 95.3s] dist=2.11m amcl=(0.96,-0.25 yaw=-0.48rad) odom=(0.96,-0.25 yaw=-0.48rad) nav=vx:0.000 wz:0.000 cmd=vx:0.000 wz:0.000
[INFO] [1783013472.815034776] [basic_navigator]: [ 95.5s] dist=2.11m amcl=(0.96,-0.25 yaw=-0.48rad) odom=(0.96,-0.25 yaw=-0.48rad) nav=vx:0.000 wz:0.000 cmd=vx:0.000 wz:0.000
[INFO] [1783013473.018332434] [basic_navigator]: [ 95.7s] dist=2.11m amcl=(0.96,-0.25 yaw=-0.48rad) odom=(0.96,-0.25 yaw=-0.48rad) nav=vx:0.000 wz:0.000 cmd=vx:0.000 wz:0.000
[INFO] [1783013473.229720453] [basic_navigator]: [ 95.9s] dist=2.11m amcl=(0.96,-0.25 yaw=-0.48rad) odom=(0.96,-0.25 yaw=-0.48rad) nav=vx:0.000 wz:0.000 cmd=vx:0.000 wz:0.000
[INFO] [1783013473.432836341] [basic_navigator]: [ 96.1s] dist=2.11m amcl=(0.96,-0.25 yaw=-0.48rad) odom=(0.96,-0.25 yaw=-0.48rad) nav=vx:0.000 wz:0.000 cmd=vx:0.000 wz:0.000
[INFO] [1783013473.638102458] [basic_navigator]: [ 96.3s] dist=2.11m amcl=(0.96,-0.25 yaw=-0.48rad) odom=(0.96,-0.25 yaw=-0.48rad) nav=vx:0.000 wz:0.000 cmd=vx:0.000 wz:0.000
[INFO] [1783013473.841130286] [basic_navigator]: [ 96.5s] dist=2.11m amcl=(0.96,-0.25 yaw=-0.48rad) odom=(0.96,-0.25 yaw=-0.48rad) nav=vx:0.000 wz:0.000 cmd=vx:0.000 wz:0.000
[INFO] [1783013474.046686327] [basic_navigator]: [ 96.7s] dist=2.11m amcl=(0.96,-0.25 yaw=-0.48rad) odom=(0.96,-0.25 yaw=-0.48rad) nav=vx:0.000 wz:0.000 cmd=vx:0.000 wz:0.000
[INFO] [1783013474.250292404] [basic_navigator]: [ 96.9s] dist=2.11m amcl=(0.96,-0.25 yaw=-0.48rad) odom=(0.96,-0.25 yaw=-0.48rad) nav=vx:0.000 wz:0.000 cmd=vx:0.000 wz:0.000
[INFO] [1783013474.454055755] [basic_navigator]: [ 97.1s] dist=2.11m amcl=(0.96,-0.25 yaw=-0.48rad) odom=(0.96,-0.25 yaw=-0.48rad) nav=vx:0.000 wz:0.000 cmd=vx:0.000 wz:0.000
[INFO] [1783013474.657326511] [basic_navigator]: [ 97.3s] dist=2.11m amcl=(0.96,-0.25 yaw=-0.48rad) odom=(0.96,-0.25 yaw=-0.48rad) nav=vx:0.000 wz:0.000 cmd=vx:0.000 wz:0.000
[INFO] [1783013474.862845579] [basic_navigator]: [ 97.5s] dist=2.11m amcl=(0.96,-0.25 yaw=-0.48rad) odom=(0.96,-0.25 yaw=-0.48rad) nav=vx:0.000 wz:0.000 cmd=vx:0.000 wz:0.000
[INFO] [1783013475.072943929] [basic_navigator]: [ 97.7s] dist=2.11m amcl=(0.96,-0.25 yaw=-0.48rad) odom=(0.96,-0.25 yaw=-0.48rad) nav=vx:0.000 wz:0.000 cmd=vx:0.000 wz:0.000
[INFO] [1783013475.283470717] [basic_navigator]: [ 97.9s] dist=2.11m amcl=(0.96,-0.25 yaw=-0.48rad) odom=(0.96,-0.25 yaw=-0.48rad) nav=vx:0.000 wz:0.000 cmd=vx:0.000 wz:0.000
[INFO] [1783013475.491007309] [basic_navigator]: [ 98.1s] dist=2.11m amcl=(0.96,-0.25 yaw=-0.48rad) odom=(0.96,-0.25 yaw=-0.48rad) nav=vx:0.000 wz:0.000 cmd=vx:0.000 wz:0.000
[INFO] [1783013475.695332222] [basic_navigator]: [ 98.3s] dist=2.11m amcl=(0.96,-0.25 yaw=-0.48rad) odom=(0.96,-0.25 yaw=-0.48rad) nav=vx:0.000 wz:0.000 cmd=vx:0.000 wz:0.000
[INFO] [1783013475.901154917] [basic_navigator]: [ 98.6s] dist=2.11m amcl=(0.96,-0.25 yaw=-0.48rad) odom=(0.96,-0.25 yaw=-0.48rad) nav=vx:0.000 wz:0.000 cmd=vx:0.000 wz:0.000
[INFO] [1783013476.105740250] [basic_navigator]: [ 98.8s] dist=2.11m amcl=(0.96,-0.25 yaw=-0.48rad) odom=(0.96,-0.25 yaw=-0.48rad) nav=vx:0.000 wz:0.000 cmd=vx:0.000 wz:0.000
[INFO] [1783013476.310435343] [basic_navigator]: [ 99.0s] dist=2.11m amcl=(0.96,-0.25 yaw=-0.48rad) odom=(0.96,-0.25 yaw=-0.48rad) nav=vx:0.000 wz:0.000 cmd=vx:0.000 wz:0.000
[INFO] [1783013476.513599757] [basic_navigator]: [ 99.2s] dist=2.11m amcl=(0.96,-0.25 yaw=-0.48rad) odom=(0.96,-0.25 yaw=-0.48rad) nav=vx:0.000 wz:0.000 cmd=vx:0.000 wz:0.000
[INFO] [1783013476.719102164] [basic_navigator]: [ 99.4s] dist=2.11m amcl=(0.96,-0.25 yaw=-0.48rad) odom=(0.96,-0.25 yaw=-0.48rad) nav=vx:0.000 wz:0.000 cmd=vx:0.000 wz:0.000
[INFO] [1783013476.925579493] [basic_navigator]: [ 99.6s] dist=2.11m amcl=(0.96,-0.25 yaw=-0.48rad) odom=(0.96,-0.25 yaw=-0.48rad) nav=vx:0.000 wz:0.000 cmd=vx:0.000 wz:0.000
[INFO] [1783013477.133144264] [basic_navigator]: [ 99.8s] dist=2.11m amcl=(0.96,-0.25 yaw=-0.48rad) odom=(0.96,-0.25 yaw=-0.48rad) nav=vx:0.000 wz:0.000 cmd=vx:0.000 wz:0.000
[INFO] [1783013477.335995222] [basic_navigator]: [100.0s] dist=2.11m amcl=(0.96,-0.25 yaw=-0.48rad) odom=(0.96,-0.25 yaw=-0.48rad) nav=vx:0.000 wz:0.000 cmd=vx:0.000 wz:0.000
[INFO] [1783013477.538777200] [basic_navigator]: [100.2s] dist=2.11m amcl=(0.96,-0.25 yaw=-0.48rad) odom=(0.96,-0.25 yaw=-0.48rad) nav=vx:0.000 wz:0.000 cmd=vx:0.000 wz:0.000
[INFO] [1783013477.741593457] [basic_navigator]: [100.4s] dist=2.11m amcl=(0.96,-0.25 yaw=-0.48rad) odom=(0.96,-0.25 yaw=-0.48rad) nav=vx:0.000 wz:0.000 cmd=vx:0.000 wz:0.000
[INFO] [1783013477.948052205] [basic_navigator]: [100.6s] dist=2.11m amcl=(0.96,-0.25 yaw=-0.48rad) odom=(0.96,-0.25 yaw=-0.48rad) nav=vx:0.000 wz:0.000 cmd=vx:0.000 wz:0.000
[INFO] [1783013478.150610172] [basic_navigator]: [100.8s] dist=2.11m amcl=(0.96,-0.25 yaw=-0.48rad) odom=(0.96,-0.25 yaw=-0.48rad) nav=vx:0.000 wz:0.000 cmd=vx:0.000 wz:0.000
[INFO] [1783013478.357425850] [basic_navigator]: [101.0s] dist=2.11m amcl=(0.96,-0.25 yaw=-0.48rad) odom=(0.96,-0.25 yaw=-0.48rad) nav=vx:0.000 wz:0.000 cmd=vx:0.000 wz:0.000
[INFO] [1783013478.563533065] [basic_navigator]: [101.2s] dist=2.11m amcl=(0.96,-0.25 yaw=-0.48rad) odom=(0.96,-0.25 yaw=-0.48rad) nav=vx:0.000 wz:0.000 cmd=vx:0.000 wz:0.000
[INFO] [1783013478.767765092] [basic_navigator]: [101.4s] dist=2.11m amcl=(0.96,-0.25 yaw=-0.48rad) odom=(0.96,-0.25 yaw=-0.48rad) nav=vx:0.000 wz:0.000 cmd=vx:0.000 wz:0.000
[INFO] [1783013478.971949374] [basic_navigator]: [101.6s] dist=2.11m amcl=(0.96,-0.25 yaw=-0.48rad) odom=(0.96,-0.25 yaw=-0.48rad) nav=vx:0.000 wz:0.000 cmd=vx:0.000 wz:0.000
[INFO] [1783013479.175682270] [basic_navigator]: [101.8s] dist=2.11m amcl=(0.96,-0.25 yaw=-0.48rad) odom=(0.96,-0.25 yaw=-0.48rad) nav=vx:0.000 wz:0.000 cmd=vx:0.000 wz:0.000
[INFO] [1783013479.381292415] [basic_navigator]: [102.0s] dist=2.11m amcl=(0.96,-0.25 yaw=-0.48rad) odom=(0.96,-0.25 yaw=-0.48rad) nav=vx:0.000 wz:0.000 cmd=vx:0.000 wz:0.000
[INFO] [1783013479.589272689] [basic_navigator]: [102.2s] dist=2.11m amcl=(0.96,-0.25 yaw=-0.48rad) odom=(0.96,-0.25 yaw=-0.48rad) nav=vx:0.000 wz:0.000 cmd=vx:0.000 wz:0.000
[INFO] [1783013479.794589527] [basic_navigator]: [102.4s] dist=2.11m amcl=(0.96,-0.25 yaw=-0.48rad) odom=(0.96,-0.25 yaw=-0.48rad) nav=vx:0.000 wz:0.000 cmd=vx:0.000 wz:0.000
[INFO] [1783013480.006621383] [basic_navigator]: [102.7s] dist=2.11m amcl=(0.96,-0.25 yaw=-0.48rad) odom=(0.96,-0.25 yaw=-0.48rad) nav=vx:0.000 wz:0.000 cmd=vx:0.000 wz:0.000
[INFO] [1783013480.211422397] [basic_navigator]: [102.9s] dist=2.11m amcl=(0.96,-0.25 yaw=-0.48rad) odom=(0.96,-0.25 yaw=-0.48rad) nav=vx:0.000 wz:0.000 cmd=vx:0.000 wz:0.000
[INFO] [1783013480.415383682] [basic_navigator]: [103.1s] dist=2.11m amcl=(0.96,-0.25 yaw=-0.48rad) odom=(0.96,-0.25 yaw=-0.48rad) nav=vx:0.000 wz:0.000 cmd=vx:0.000 wz:0.000
[INFO] [1783013480.620235330] [basic_navigator]: [103.3s] dist=2.11m amcl=(0.96,-0.25 yaw=-0.48rad) odom=(0.96,-0.25 yaw=-0.48rad) nav=vx:0.000 wz:0.000 cmd=vx:0.000 wz:0.000
[INFO] [1783013480.829031296] [basic_navigator]: [103.5s] dist=2.11m amcl=(0.96,-0.25 yaw=-0.48rad) odom=(0.96,-0.25 yaw=-0.48rad) nav=vx:0.000 wz:0.000 cmd=vx:0.000 wz:0.000
[INFO] [1783013481.031564932] [basic_navigator]: [103.7s] dist=2.11m amcl=(0.96,-0.25 yaw=-0.48rad) odom=(0.96,-0.25 yaw=-0.48rad) nav=vx:0.000 wz:0.000 cmd=vx:0.000 wz:0.000
[INFO] [1783013481.238089794] [basic_navigator]: [103.9s] dist=2.11m amcl=(0.96,-0.25 yaw=-0.48rad) odom=(0.96,-0.25 yaw=-0.48rad) nav=vx:0.000 wz:0.000 cmd=vx:0.000 wz:0.000
[INFO] [1783013481.442655725] [basic_navigator]: [104.1s] dist=2.11m amcl=(0.96,-0.25 yaw=-0.48rad) odom=(0.96,-0.25 yaw=-0.48rad) nav=vx:0.000 wz:0.000 cmd=vx:0.000 wz:0.000
[INFO] [1783013481.646012728] [basic_navigator]: [104.3s] dist=2.11m amcl=(0.96,-0.25 yaw=-0.48rad) odom=(0.96,-0.25 yaw=-0.48rad) nav=vx:0.000 wz:0.000 cmd=vx:0.000 wz:0.000
[INFO] [1783013481.849132481] [basic_navigator]: [104.5s] dist=2.11m amcl=(0.96,-0.25 yaw=-0.48rad) odom=(0.96,-0.25 yaw=-0.48rad) nav=vx:0.000 wz:0.000 cmd=vx:0.000 wz:0.000
[INFO] [1783013482.055413507] [basic_navigator]: [104.7s] dist=2.11m amcl=(0.96,-0.25 yaw=-0.48rad) odom=(0.96,-0.25 yaw=-0.48rad) nav=vx:0.000 wz:0.000 cmd=vx:0.000 wz:0.000
[INFO] [1783013482.258786860] [basic_navigator]: [104.9s] dist=2.11m amcl=(0.96,-0.25 yaw=-0.48rad) odom=(0.96,-0.25 yaw=-0.48rad) nav=vx:0.000 wz:0.000 cmd=vx:0.000 wz:0.000
[INFO] [1783013482.463383871] [basic_navigator]: [105.1s] dist=2.11m amcl=(0.96,-0.25 yaw=-0.48rad) odom=(0.96,-0.25 yaw=-0.48rad) nav=vx:0.000 wz:0.000 cmd=vx:0.000 wz:0.000
[INFO] [1783013482.666998769] [basic_navigator]: [105.3s] dist=2.11m amcl=(0.96,-0.25 yaw=-0.48rad) odom=(0.96,-0.25 yaw=-0.48rad) nav=vx:0.000 wz:0.000 cmd=vx:0.000 wz:0.000
[INFO] [1783013482.869043632] [basic_navigator]: [105.5s] dist=2.11m amcl=(0.96,-0.25 yaw=-0.48rad) odom=(0.96,-0.25 yaw=-0.48rad) nav=vx:0.000 wz:0.000 cmd=vx:0.000 wz:0.000
[INFO] [1783013483.072323147] [basic_navigator]: [105.7s] dist=2.11m amcl=(0.96,-0.25 yaw=-0.48rad) odom=(0.96,-0.25 yaw=-0.48rad) nav=vx:0.000 wz:0.000 cmd=vx:0.000 wz:0.000
[INFO] [1783013483.275291617] [basic_navigator]: [105.9s] dist=2.11m amcl=(0.96,-0.25 yaw=-0.48rad) odom=(0.96,-0.25 yaw=-0.48rad) nav=vx:0.000 wz:0.000 cmd=vx:0.000 wz:0.000
[INFO] [1783013483.478875444] [basic_navigator]: [106.1s] dist=2.11m amcl=(0.96,-0.25 yaw=-0.48rad) odom=(0.96,-0.25 yaw=-0.48rad) nav=vx:0.000 wz:0.000 cmd=vx:0.000 wz:0.000
[INFO] [1783013483.681691695] [basic_navigator]: [106.3s] dist=2.11m amcl=(0.96,-0.25 yaw=-0.48rad) odom=(0.96,-0.25 yaw=-0.48rad) nav=vx:0.000 wz:0.000 cmd=vx:0.000 wz:0.000
[INFO] [1783013483.887077383] [basic_navigator]: [106.5s] dist=2.11m amcl=(0.96,-0.25 yaw=-0.48rad) odom=(0.96,-0.25 yaw=-0.48rad) nav=vx:0.000 wz:0.000 cmd=vx:0.000 wz:0.000
[INFO] [1783013484.091880612] [basic_navigator]: [106.7s] dist=2.11m amcl=(0.96,-0.25 yaw=-0.48rad) odom=(0.96,-0.25 yaw=-0.48rad) nav=vx:0.000 wz:0.000 cmd=vx:0.000 wz:0.000
[INFO] [1783013484.297805555] [basic_navigator]: [107.0s] dist=2.11m amcl=(0.96,-0.25 yaw=-0.48rad) odom=(0.96,-0.25 yaw=-0.48rad) nav=vx:0.000 wz:0.000 cmd=vx:0.000 wz:0.000
[INFO] [1783013484.505853802] [basic_navigator]: [107.2s] dist=2.11m amcl=(0.96,-0.25 yaw=-0.48rad) odom=(0.96,-0.25 yaw=-0.48rad) nav=vx:0.000 wz:0.000 cmd=vx:0.000 wz:0.000
[INFO] [1783013484.709745225] [basic_navigator]: [107.4s] dist=2.11m amcl=(0.96,-0.25 yaw=-0.48rad) odom=(0.96,-0.25 yaw=-0.48rad) nav=vx:0.000 wz:0.000 cmd=vx:0.000 wz:0.000
[INFO] [1783013484.915910286] [basic_navigator]: [107.6s] dist=2.11m amcl=(0.96,-0.25 yaw=-0.48rad) odom=(0.96,-0.25 yaw=-0.48rad) nav=vx:0.000 wz:0.000 cmd=vx:0.000 wz:0.000
[INFO] [1783013485.119919567] [basic_navigator]: [107.8s] dist=2.11m amcl=(0.96,-0.25 yaw=-0.48rad) odom=(0.96,-0.25 yaw=-0.48rad) nav=vx:0.000 wz:0.000 cmd=vx:0.000 wz:0.000
[INFO] [1783013485.322973815] [basic_navigator]: [108.0s] dist=2.11m amcl=(0.96,-0.25 yaw=-0.48rad) odom=(0.96,-0.25 yaw=-0.48rad) nav=vx:0.000 wz:0.000 cmd=vx:0.000 wz:0.000
[INFO] [1783013485.528027312] [basic_navigator]: [108.2s] dist=2.11m amcl=(0.96,-0.25 yaw=-0.48rad) odom=(0.96,-0.25 yaw=-0.48rad) nav=vx:0.000 wz:0.000 cmd=vx:0.000 wz:0.000
[INFO] [1783013485.732316357] [basic_navigator]: [108.4s] dist=2.11m amcl=(0.96,-0.25 yaw=-0.48rad) odom=(0.96,-0.25 yaw=-0.48rad) nav=vx:0.000 wz:0.000 cmd=vx:0.000 wz:0.000
[INFO] [1783013485.937162976] [basic_navigator]: [108.6s] dist=2.11m amcl=(0.96,-0.25 yaw=-0.48rad) odom=(0.96,-0.25 yaw=-0.48rad) nav=vx:0.000 wz:0.000 cmd=vx:0.000 wz:0.000
[INFO] [1783013486.139421116] [basic_navigator]: [108.8s] dist=2.11m amcl=(0.96,-0.25 yaw=-0.48rad) odom=(0.96,-0.25 yaw=-0.48rad) nav=vx:0.000 wz:0.000 cmd=vx:0.000 wz:0.000
[INFO] [1783013486.343175494] [basic_navigator]: [109.0s] dist=2.11m amcl=(0.96,-0.25 yaw=-0.48rad) odom=(0.96,-0.25 yaw=-0.48rad) nav=vx:0.000 wz:0.000 cmd=vx:0.000 wz:0.000
[INFO] [1783013486.549960791] [basic_navigator]: [109.2s] dist=2.11m amcl=(0.96,-0.25 yaw=-0.48rad) odom=(0.96,-0.25 yaw=-0.48rad) nav=vx:0.000 wz:0.000 cmd=vx:0.000 wz:0.000
[INFO] [1783013486.756325299] [basic_navigator]: [109.4s] dist=2.11m amcl=(0.96,-0.25 yaw=-0.48rad) odom=(0.96,-0.25 yaw=-0.48rad) nav=vx:0.000 wz:0.000 cmd=vx:0.000 wz:0.000
[INFO] [1783013486.960130825] [basic_navigator]: [109.6s] dist=2.11m amcl=(0.96,-0.25 yaw=-0.48rad) odom=(0.96,-0.25 yaw=-0.48rad) nav=vx:0.000 wz:0.000 cmd=vx:0.000 wz:0.000
[INFO] [1783013487.163415440] [basic_navigator]: [109.8s] dist=2.11m amcl=(0.96,-0.25 yaw=-0.48rad) odom=(0.96,-0.25 yaw=-0.48rad) nav=vx:0.000 wz:0.000 cmd=vx:0.000 wz:0.000
[INFO] [1783013487.367903519] [basic_navigator]: [110.0s] dist=2.11m amcl=(0.96,-0.25 yaw=-0.48rad) odom=(0.96,-0.25 yaw=-0.48rad) nav=vx:0.000 wz:0.000 cmd=vx:0.000 wz:0.000
[INFO] [1783013487.575695566] [basic_navigator]: [110.2s] dist=2.11m amcl=(0.96,-0.25 yaw=-0.48rad) odom=(0.96,-0.25 yaw=-0.48rad) nav=vx:0.000 wz:0.000 cmd=vx:0.000 wz:0.000
[INFO] [1783013487.783493061] [basic_navigator]: [110.4s] dist=2.11m amcl=(0.96,-0.25 yaw=-0.48rad) odom=(0.96,-0.25 yaw=-0.48rad) nav=vx:0.000 wz:0.000 cmd=vx:0.000 wz:0.000
[INFO] [1783013487.986064739] [basic_navigator]: [110.6s] dist=2.11m amcl=(0.96,-0.25 yaw=-0.48rad) odom=(0.96,-0.25 yaw=-0.48rad) nav=vx:0.000 wz:0.000 cmd=vx:0.000 wz:0.000
[INFO] [1783013488.190397950] [basic_navigator]: [110.8s] dist=2.11m amcl=(0.96,-0.25 yaw=-0.48rad) odom=(0.96,-0.25 yaw=-0.48rad) nav=vx:0.000 wz:0.000 cmd=vx:0.000 wz:0.000
[INFO] [1783013488.396048686] [basic_navigator]: [111.0s] dist=2.11m amcl=(0.96,-0.25 yaw=-0.48rad) odom=(0.96,-0.25 yaw=-0.48rad) nav=vx:0.000 wz:0.000 cmd=vx:0.000 wz:0.000
[INFO] [1783013488.599152889] [basic_navigator]: [111.3s] dist=2.11m amcl=(0.96,-0.25 yaw=-0.48rad) odom=(0.96,-0.25 yaw=-0.48rad) nav=vx:0.000 wz:0.000 cmd=vx:0.000 wz:0.000
[INFO] [1783013488.803768372] [basic_navigator]: [111.5s] dist=2.11m amcl=(0.96,-0.25 yaw=-0.48rad) odom=(0.96,-0.25 yaw=-0.48rad) nav=vx:0.000 wz:0.000 cmd=vx:0.000 wz:0.000
[INFO] [1783013489.007815465] [basic_navigator]: [111.7s] dist=2.11m amcl=(0.96,-0.25 yaw=-0.48rad) odom=(0.96,-0.25 yaw=-0.48rad) nav=vx:0.000 wz:0.000 cmd=vx:0.000 wz:0.000
[INFO] [1783013489.213319743] [basic_navigator]: [111.9s] dist=2.11m amcl=(0.96,-0.25 yaw=-0.48rad) odom=(0.96,-0.25 yaw=-0.48rad) nav=vx:0.000 wz:0.000 cmd=vx:0.000 wz:0.000
[INFO] [1783013489.418266697] [basic_navigator]: [112.1s] dist=2.11m amcl=(0.96,-0.25 yaw=-0.48rad) odom=(0.96,-0.25 yaw=-0.48rad) nav=vx:0.000 wz:0.000 cmd=vx:0.000 wz:0.000
[INFO] [1783013489.625074091] [basic_navigator]: [112.3s] dist=2.11m amcl=(0.96,-0.25 yaw=-0.48rad) odom=(0.96,-0.25 yaw=-0.48rad) nav=vx:0.000 wz:0.000 cmd=vx:0.000 wz:0.000
[INFO] [1783013489.828650170] [basic_navigator]: [112.5s] dist=2.11m amcl=(0.96,-0.25 yaw=-0.48rad) odom=(0.96,-0.25 yaw=-0.48rad) nav=vx:0.000 wz:0.000 cmd=vx:0.000 wz:0.000
[INFO] [1783013490.038190636] [basic_navigator]: [112.7s] dist=2.11m amcl=(0.96,-0.25 yaw=-0.48rad) odom=(0.96,-0.25 yaw=-0.48rad) nav=vx:0.000 wz:0.000 cmd=vx:0.000 wz:0.000
[INFO] [1783013490.240787679] [basic_navigator]: [112.9s] dist=2.11m amcl=(0.96,-0.25 yaw=-0.48rad) odom=(0.96,-0.25 yaw=-0.48rad) nav=vx:0.000 wz:0.000 cmd=vx:0.000 wz:0.000
[INFO] [1783013490.443171327] [basic_navigator]: [113.1s] dist=2.11m amcl=(0.96,-0.25 yaw=-0.48rad) odom=(0.96,-0.25 yaw=-0.48rad) nav=vx:0.000 wz:0.000 cmd=vx:0.000 wz:0.000
[INFO] [1783013490.650225064] [basic_navigator]: [113.3s] dist=2.11m amcl=(0.96,-0.25 yaw=-0.48rad) odom=(0.96,-0.25 yaw=-0.48rad) nav=vx:0.000 wz:0.000 cmd=vx:0.000 wz:0.000
[INFO] [1783013490.855791195] [basic_navigator]: [113.5s] dist=2.11m amcl=(0.96,-0.25 yaw=-0.48rad) odom=(0.96,-0.25 yaw=-0.48rad) nav=vx:0.000 wz:0.000 cmd=vx:0.000 wz:0.000
[INFO] [1783013491.058332451] [basic_navigator]: [113.7s] dist=2.11m amcl=(0.96,-0.25 yaw=-0.48rad) odom=(0.96,-0.25 yaw=-0.48rad) nav=vx:0.000 wz:0.000 cmd=vx:0.000 wz:0.000
[INFO] [1783013491.265009126] [basic_navigator]: [113.9s] dist=2.11m amcl=(0.96,-0.25 yaw=-0.48rad) odom=(0.96,-0.25 yaw=-0.48rad) nav=vx:0.000 wz:0.000 cmd=vx:0.000 wz:0.000
[INFO] [1783013491.467718349] [basic_navigator]: [114.1s] dist=2.11m amcl=(0.96,-0.25 yaw=-0.48rad) odom=(0.96,-0.25 yaw=-0.48rad) nav=vx:0.000 wz:0.000 cmd=vx:0.000 wz:0.000
[INFO] [1783013491.672790624] [basic_navigator]: [114.3s] dist=2.11m amcl=(0.96,-0.25 yaw=-0.48rad) odom=(0.96,-0.25 yaw=-0.48rad) nav=vx:0.000 wz:0.000 cmd=vx:0.000 wz:0.000
[INFO] [1783013491.875677002] [basic_navigator]: [114.5s] dist=2.11m amcl=(0.96,-0.25 yaw=-0.48rad) odom=(0.96,-0.25 yaw=-0.48rad) nav=vx:0.000 wz:0.000 cmd=vx:0.000 wz:0.000
[INFO] [1783013492.082049937] [basic_navigator]: [114.7s] dist=2.11m amcl=(0.96,-0.25 yaw=-0.48rad) odom=(0.96,-0.25 yaw=-0.48rad) nav=vx:0.000 wz:0.000 cmd=vx:0.000 wz:0.000
[INFO] [1783013492.285865610] [basic_navigator]: [114.9s] dist=2.11m amcl=(0.96,-0.25 yaw=-0.48rad) odom=(0.96,-0.25 yaw=-0.48rad) nav=vx:0.000 wz:0.000 cmd=vx:0.000 wz:0.000
[INFO] [1783013492.489283447] [basic_navigator]: [115.1s] dist=2.11m amcl=(0.96,-0.25 yaw=-0.48rad) odom=(0.96,-0.25 yaw=-0.48rad) nav=vx:0.000 wz:0.000 cmd=vx:0.000 wz:0.000
[INFO] [1783013492.693518268] [basic_navigator]: [115.3s] dist=2.11m amcl=(0.96,-0.25 yaw=-0.48rad) odom=(0.96,-0.25 yaw=-0.48rad) nav=vx:0.000 wz:0.000 cmd=vx:0.000 wz:0.000
[INFO] [1783013492.901018479] [basic_navigator]: [115.6s] dist=2.11m amcl=(0.96,-0.25 yaw=-0.48rad) odom=(0.96,-0.25 yaw=-0.48rad) nav=vx:0.000 wz:0.000 cmd=vx:0.000 wz:0.000
[INFO] [1783013493.103994081] [basic_navigator]: [115.8s] dist=2.11m amcl=(0.96,-0.25 yaw=-0.48rad) odom=(0.96,-0.25 yaw=-0.48rad) nav=vx:0.000 wz:0.000 cmd=vx:0.000 wz:0.000
[INFO] [1783013493.314012231] [basic_navigator]: [116.0s] dist=2.11m amcl=(0.96,-0.25 yaw=-0.48rad) odom=(0.96,-0.25 yaw=-0.48rad) nav=vx:0.000 wz:0.000 cmd=vx:0.000 wz:0.000
[INFO] [1783013493.517261544] [basic_navigator]: [116.2s] dist=2.11m amcl=(0.96,-0.25 yaw=-0.48rad) odom=(0.96,-0.25 yaw=-0.48rad) nav=vx:0.000 wz:0.000 cmd=vx:0.000 wz:0.000
[INFO] [1783013493.721944049] [basic_navigator]: [116.4s] dist=2.11m amcl=(0.96,-0.25 yaw=-0.48rad) odom=(0.96,-0.25 yaw=-0.48rad) nav=vx:0.000 wz:0.000 cmd=vx:0.000 wz:0.000
[INFO] [1783013493.929941698] [basic_navigator]: [116.6s] dist=2.11m amcl=(0.96,-0.25 yaw=-0.48rad) odom=(0.96,-0.25 yaw=-0.48rad) nav=vx:0.000 wz:0.000 cmd=vx:0.000 wz:0.000
[INFO] [1783013494.135054803] [basic_navigator]: [116.8s] dist=2.11m amcl=(0.96,-0.25 yaw=-0.48rad) odom=(0.96,-0.25 yaw=-0.48rad) nav=vx:0.000 wz:0.000 cmd=vx:0.000 wz:0.000
[INFO] [1783013494.338191308] [basic_navigator]: [117.0s] dist=2.11m amcl=(0.96,-0.25 yaw=-0.48rad) odom=(0.96,-0.25 yaw=-0.48rad) nav=vx:0.000 wz:0.000 cmd=vx:0.000 wz:0.000
[INFO] [1783013494.546676455] [basic_navigator]: [117.2s] dist=2.11m amcl=(0.96,-0.25 yaw=-0.48rad) odom=(0.96,-0.25 yaw=-0.48rad) nav=vx:0.000 wz:0.000 cmd=vx:0.000 wz:0.000
[INFO] [1783013494.751380195] [basic_navigator]: [117.4s] dist=2.11m amcl=(0.96,-0.25 yaw=-0.48rad) odom=(0.96,-0.25 yaw=-0.48rad) nav=vx:0.000 wz:0.000 cmd=vx:0.000 wz:0.000
[INFO] [1783013494.955367232] [basic_navigator]: [117.6s] dist=2.11m amcl=(0.96,-0.25 yaw=-0.48rad) odom=(0.96,-0.25 yaw=-0.48rad) nav=vx:0.000 wz:0.000 cmd=vx:0.000 wz:0.000
[INFO] [1783013495.167808437] [basic_navigator]: [117.8s] dist=2.11m amcl=(0.96,-0.25 yaw=-0.48rad) odom=(0.96,-0.25 yaw=-0.48rad) nav=vx:0.000 wz:0.000 cmd=vx:0.000 wz:0.000
[INFO] [1783013495.371639569] [basic_navigator]: [118.0s] dist=2.11m amcl=(0.96,-0.25 yaw=-0.48rad) odom=(0.96,-0.25 yaw=-0.48rad) nav=vx:0.000 wz:0.000 cmd=vx:0.000 wz:0.000
[INFO] [1783013495.574791306] [basic_navigator]: [118.2s] dist=2.11m amcl=(0.96,-0.25 yaw=-0.48rad) odom=(0.96,-0.25 yaw=-0.48rad) nav=vx:0.000 wz:0.000 cmd=vx:0.000 wz:0.000
[INFO] [1783013495.779012937] [basic_navigator]: [118.4s] dist=2.11m amcl=(0.96,-0.25 yaw=-0.48rad) odom=(0.96,-0.25 yaw=-0.48rad) nav=vx:0.000 wz:0.000 cmd=vx:0.000 wz:0.000
[INFO] [1783013495.982545651] [basic_navigator]: [118.6s] dist=2.11m amcl=(0.96,-0.25 yaw=-0.48rad) odom=(0.96,-0.25 yaw=-0.48rad) nav=vx:0.000 wz:0.000 cmd=vx:0.000 wz:0.000
[INFO] [1783013496.185983708] [basic_navigator]: [118.8s] dist=2.11m amcl=(0.96,-0.25 yaw=-0.48rad) odom=(0.96,-0.25 yaw=-0.48rad) nav=vx:0.000 wz:0.000 cmd=vx:0.000 wz:0.000
[INFO] [1783013496.397529767] [basic_navigator]: [119.0s] dist=2.11m amcl=(0.96,-0.25 yaw=-0.48rad) odom=(0.96,-0.25 yaw=-0.48rad) nav=vx:0.000 wz:0.000 cmd=vx:0.000 wz:0.000
[INFO] [1783013496.600339487] [basic_navigator]: [119.3s] dist=2.11m amcl=(0.96,-0.25 yaw=-0.48rad) odom=(0.96,-0.25 yaw=-0.48rad) nav=vx:0.000 wz:0.000 cmd=vx:0.000 wz:0.000
[INFO] [1783013496.807394738] [basic_navigator]: [119.5s] dist=2.11m amcl=(0.96,-0.25 yaw=-0.48rad) odom=(0.96,-0.25 yaw=-0.48rad) nav=vx:0.000 wz:0.000 cmd=vx:0.000 wz:0.000
[INFO] [1783013497.010472931] [basic_navigator]: [119.7s] dist=2.11m amcl=(0.96,-0.25 yaw=-0.48rad) odom=(0.96,-0.25 yaw=-0.48rad) nav=vx:0.000 wz:0.000 cmd=vx:0.000 wz:0.000
[INFO] [1783013497.222776990] [basic_navigator]: [119.9s] dist=2.11m amcl=(0.96,-0.25 yaw=-0.48rad) odom=(0.96,-0.25 yaw=-0.48rad) nav=vx:0.000 wz:0.000 cmd=vx:0.000 wz:0.000
[INFO] [1783013497.425435883] [basic_navigator]: [120.1s] dist=2.11m amcl=(0.96,-0.25 yaw=-0.48rad) odom=(0.96,-0.25 yaw=-0.48rad) nav=vx:0.000 wz:0.000 cmd=vx:0.000 wz:0.000
[INFO] [1783013497.633061673] [basic_navigator]: [120.3s] dist=2.11m amcl=(0.96,-0.25 yaw=-0.48rad) odom=(0.96,-0.25 yaw=-0.48rad) nav=vx:0.000 wz:0.000 cmd=vx:0.000 wz:0.000
[INFO] [1783013497.835831429] [basic_navigator]: [120.5s] dist=2.11m amcl=(0.96,-0.25 yaw=-0.48rad) odom=(0.96,-0.25 yaw=-0.48rad) nav=vx:0.000 wz:0.000 cmd=vx:0.000 wz:0.000
[INFO] [1783013498.040368452] [basic_navigator]: [120.7s] dist=2.11m amcl=(0.96,-0.25 yaw=-0.48rad) odom=(0.96,-0.25 yaw=-0.48rad) nav=vx:0.000 wz:0.000 cmd=vx:0.000 wz:0.000
[INFO] [1783013498.243799191] [basic_navigator]: [120.9s] dist=2.11m amcl=(0.96,-0.25 yaw=-0.48rad) odom=(0.96,-0.25 yaw=-0.48rad) nav=vx:0.000 wz:0.000 cmd=vx:0.000 wz:0.000
[INFO] [1783013498.450685067] [basic_navigator]: [121.1s] dist=2.11m amcl=(0.96,-0.25 yaw=-0.48rad) odom=(0.96,-0.25 yaw=-0.48rad) nav=vx:0.000 wz:0.000 cmd=vx:0.000 wz:0.000
[INFO] [1783013498.662562284] [basic_navigator]: [121.3s] dist=2.11m amcl=(0.96,-0.25 yaw=-0.48rad) odom=(0.96,-0.25 yaw=-0.48rad) nav=vx:0.000 wz:0.000 cmd=vx:0.000 wz:0.000
[INFO] [1783013498.873494773] [basic_navigator]: [121.5s] dist=2.11m amcl=(0.96,-0.25 yaw=-0.48rad) odom=(0.96,-0.25 yaw=-0.48rad) nav=vx:0.000 wz:0.000 cmd=vx:0.000 wz:0.000
[INFO] [1783013499.081149563] [basic_navigator]: [121.7s] dist=2.11m amcl=(0.96,-0.25 yaw=-0.48rad) odom=(0.96,-0.25 yaw=-0.48rad) nav=vx:0.000 wz:0.000 cmd=vx:0.000 wz:0.000
[INFO] [1783013499.287416172] [basic_navigator]: [121.9s] dist=2.11m amcl=(0.96,-0.25 yaw=-0.48rad) odom=(0.96,-0.25 yaw=-0.48rad) nav=vx:0.000 wz:0.000 cmd=vx:0.000 wz:0.000
[INFO] [1783013499.491515652] [basic_navigator]: [122.1s] dist=2.11m amcl=(0.96,-0.25 yaw=-0.48rad) odom=(0.96,-0.25 yaw=-0.48rad) nav=vx:0.000 wz:0.000 cmd=vx:0.000 wz:0.000
[INFO] [1783013499.696915940] [basic_navigator]: [122.3s] dist=2.11m amcl=(0.96,-0.25 yaw=-0.48rad) odom=(0.96,-0.25 yaw=-0.48rad) nav=vx:0.000 wz:0.000 cmd=vx:0.000 wz:0.000
[INFO] [1783013499.900824163] [basic_navigator]: [122.6s] dist=2.11m amcl=(0.96,-0.25 yaw=-0.48rad) odom=(0.96,-0.25 yaw=-0.48rad) nav=vx:0.000 wz:0.000 cmd=vx:0.000 wz:0.000
[INFO] [1783013500.104224688] [basic_navigator]: [122.8s] dist=2.11m amcl=(0.96,-0.25 yaw=-0.48rad) odom=(0.96,-0.25 yaw=-0.48rad) nav=vx:0.000 wz:0.000 cmd=vx:0.000 wz:0.000
[INFO] [1783013500.306443697] [basic_navigator]: [123.0s] dist=2.11m amcl=(0.96,-0.25 yaw=-0.48rad) odom=(0.96,-0.25 yaw=-0.48rad) nav=vx:0.000 wz:0.000 cmd=vx:0.000 wz:0.000
[INFO] [1783013500.509907860] [basic_navigator]: [123.2s] dist=2.11m amcl=(0.96,-0.25 yaw=-0.48rad) odom=(0.96,-0.25 yaw=-0.48rad) nav=vx:0.000 wz:0.000 cmd=vx:0.000 wz:0.000
[INFO] [1783013500.713532211] [basic_navigator]: [123.4s] dist=2.11m amcl=(0.96,-0.25 yaw=-0.48rad) odom=(0.96,-0.25 yaw=-0.48rad) nav=vx:0.000 wz:0.000 cmd=vx:0.000 wz:0.000
[INFO] [1783013500.916596344] [basic_navigator]: [123.6s] dist=2.11m amcl=(0.96,-0.25 yaw=-0.48rad) odom=(0.96,-0.25 yaw=-0.48rad) nav=vx:0.000 wz:0.000 cmd=vx:0.000 wz:0.000
[INFO] [1783013501.120756142] [basic_navigator]: [123.8s] dist=2.11m amcl=(0.96,-0.25 yaw=-0.48rad) odom=(0.96,-0.25 yaw=-0.48rad) nav=vx:0.000 wz:0.000 cmd=vx:0.000 wz:0.000
[INFO] [1783013501.324975300] [basic_navigator]: [124.0s] dist=2.11m amcl=(0.96,-0.25 yaw=-0.48rad) odom=(0.96,-0.25 yaw=-0.48rad) nav=vx:0.000 wz:0.000 cmd=vx:0.000 wz:0.000
[INFO] [1783013501.534272631] [basic_navigator]: [124.2s] dist=2.11m amcl=(0.96,-0.25 yaw=-0.48rad) odom=(0.96,-0.25 yaw=-0.48rad) nav=vx:0.000 wz:0.000 cmd=vx:0.000 wz:0.000
[INFO] [1783013501.738779280] [basic_navigator]: [124.4s] dist=2.11m amcl=(0.96,-0.25 yaw=-0.48rad) odom=(0.96,-0.25 yaw=-0.48rad) nav=vx:0.000 wz:0.000 cmd=vx:0.000 wz:0.000
[INFO] [1783013501.946489105] [basic_navigator]: [124.6s] dist=2.11m amcl=(0.96,-0.25 yaw=-0.48rad) odom=(0.96,-0.25 yaw=-0.48rad) nav=vx:0.000 wz:0.000 cmd=vx:0.000 wz:0.000
[INFO] [1783013502.153790474] [basic_navigator]: [124.8s] dist=2.11m amcl=(0.96,-0.25 yaw=-0.48rad) odom=(0.96,-0.25 yaw=-0.48rad) nav=vx:0.000 wz:0.000 cmd=vx:0.000 wz:0.000
[INFO] [1783013502.358532298] [basic_navigator]: [125.0s] dist=2.11m amcl=(0.96,-0.25 yaw=-0.48rad) odom=(0.96,-0.25 yaw=-0.48rad) nav=vx:0.000 wz:0.000 cmd=vx:0.000 wz:0.000
[INFO] [1783013502.567498503] [basic_navigator]: [125.2s] dist=2.11m amcl=(0.96,-0.25 yaw=-0.48rad) odom=(0.96,-0.25 yaw=-0.48rad) nav=vx:0.000 wz:0.000 cmd=vx:0.000 wz:0.000
[INFO] [1783013502.769692539] [basic_navigator]: [125.4s] dist=2.11m amcl=(0.96,-0.25 yaw=-0.48rad) odom=(0.96,-0.25 yaw=-0.48rad) nav=vx:0.000 wz:0.000 cmd=vx:0.000 wz:0.000
[INFO] [1783013502.975108645] [basic_navigator]: [125.6s] dist=2.11m amcl=(0.96,-0.25 yaw=-0.48rad) odom=(0.96,-0.25 yaw=-0.48rad) nav=vx:0.000 wz:0.000 cmd=vx:0.000 wz:0.000
[INFO] [1783013503.177107289] [basic_navigator]: [125.8s] dist=2.11m amcl=(0.96,-0.25 yaw=-0.48rad) odom=(0.96,-0.25 yaw=-0.48rad) nav=vx:0.000 wz:0.000 cmd=vx:0.000 wz:0.000
[INFO] [1783013503.379638515] [basic_navigator]: [126.0s] dist=2.11m amcl=(0.96,-0.25 yaw=-0.48rad) odom=(0.96,-0.25 yaw=-0.48rad) nav=vx:0.000 wz:0.000 cmd=vx:0.000 wz:0.000
[INFO] [1783013503.582679259] [basic_navigator]: [126.2s] dist=2.11m amcl=(0.96,-0.25 yaw=-0.48rad) odom=(0.96,-0.25 yaw=-0.48rad) nav=vx:0.000 wz:0.000 cmd=vx:0.000 wz:0.000
[INFO] [1783013503.787500230] [basic_navigator]: [126.4s] dist=2.11m amcl=(0.96,-0.25 yaw=-0.48rad) odom=(0.96,-0.25 yaw=-0.48rad) nav=vx:0.000 wz:0.000 cmd=vx:0.000 wz:0.000
[INFO] [1783013503.999842567] [basic_navigator]: [126.6s] dist=2.11m amcl=(0.96,-0.25 yaw=-0.48rad) odom=(0.96,-0.25 yaw=-0.48rad) nav=vx:0.000 wz:0.000 cmd=vx:0.000 wz:0.000
[INFO] [1783013504.205510285] [basic_navigator]: [126.9s] dist=2.11m amcl=(0.96,-0.25 yaw=-0.48rad) odom=(0.96,-0.25 yaw=-0.48rad) nav=vx:0.000 wz:0.000 cmd=vx:0.000 wz:0.000
[INFO] [1783013504.412607144] [basic_navigator]: [127.1s] dist=2.11m amcl=(0.96,-0.25 yaw=-0.48rad) odom=(0.96,-0.25 yaw=-0.48rad) nav=vx:0.000 wz:0.000 cmd=vx:0.000 wz:0.000
[INFO] [1783013504.617263396] [basic_navigator]: [127.3s] dist=2.11m amcl=(0.96,-0.25 yaw=-0.48rad) odom=(0.96,-0.25 yaw=-0.48rad) nav=vx:0.000 wz:0.000 cmd=vx:0.000 wz:0.000
[INFO] [1783013504.823876947] [basic_navigator]: [127.5s] dist=2.11m amcl=(0.96,-0.25 yaw=-0.48rad) odom=(0.96,-0.25 yaw=-0.48rad) nav=vx:0.000 wz:0.000 cmd=vx:0.000 wz:0.000
[INFO] [1783013505.026447656] [basic_navigator]: [127.7s] dist=2.11m amcl=(0.96,-0.25 yaw=-0.48rad) odom=(0.96,-0.25 yaw=-0.48rad) nav=vx:0.000 wz:0.000 cmd=vx:0.000 wz:0.000
[INFO] [1783013505.230195343] [basic_navigator]: [127.9s] dist=2.11m amcl=(0.96,-0.25 yaw=-0.48rad) odom=(0.96,-0.25 yaw=-0.48rad) nav=vx:0.000 wz:0.000 cmd=vx:0.000 wz:0.000
[INFO] [1783013505.434962510] [basic_navigator]: [128.1s] dist=2.11m amcl=(0.96,-0.25 yaw=-0.48rad) odom=(0.96,-0.25 yaw=-0.48rad) nav=vx:0.000 wz:0.000 cmd=vx:0.000 wz:0.000
[INFO] [1783013505.638127224] [basic_navigator]: [128.3s] dist=2.11m amcl=(0.96,-0.25 yaw=-0.48rad) odom=(0.96,-0.25 yaw=-0.48rad) nav=vx:0.000 wz:0.000 cmd=vx:0.000 wz:0.000
[INFO] [1783013505.843024123] [basic_navigator]: [128.5s] dist=2.11m amcl=(0.96,-0.25 yaw=-0.48rad) odom=(0.96,-0.25 yaw=-0.48rad) nav=vx:0.000 wz:0.000 cmd=vx:0.000 wz:0.000
[INFO] [1783013506.045687929] [basic_navigator]: [128.7s] dist=2.11m amcl=(0.96,-0.25 yaw=-0.48rad) odom=(0.96,-0.25 yaw=-0.48rad) nav=vx:0.000 wz:0.000 cmd=vx:0.000 wz:0.000
[INFO] [1783013506.250211593] [basic_navigator]: [128.9s] dist=2.11m amcl=(0.96,-0.25 yaw=-0.48rad) odom=(0.96,-0.25 yaw=-0.48rad) nav=vx:0.000 wz:0.000 cmd=vx:0.000 wz:0.000
[INFO] [1783013506.455572510] [basic_navigator]: [129.1s] dist=2.11m amcl=(0.96,-0.25 yaw=-0.48rad) odom=(0.96,-0.25 yaw=-0.48rad) nav=vx:0.000 wz:0.000 cmd=vx:0.000 wz:0.000
[INFO] [1783013506.659096867] [basic_navigator]: [129.3s] dist=2.11m amcl=(0.96,-0.25 yaw=-0.48rad) odom=(0.96,-0.25 yaw=-0.48rad) nav=vx:0.000 wz:0.000 cmd=vx:0.000 wz:0.000
[INFO] [1783013506.862529043] [basic_navigator]: [129.5s] dist=2.11m amcl=(0.96,-0.25 yaw=-0.48rad) odom=(0.96,-0.25 yaw=-0.48rad) nav=vx:0.000 wz:0.000 cmd=vx:0.000 wz:0.000
[INFO] [1783013507.073147360] [basic_navigator]: [129.7s] dist=2.11m amcl=(0.96,-0.25 yaw=-0.48rad) odom=(0.96,-0.25 yaw=-0.48rad) nav=vx:0.000 wz:0.000 cmd=vx:0.000 wz:0.000
[INFO] [1783013507.280876708] [basic_navigator]: [129.9s] dist=2.11m amcl=(0.96,-0.25 yaw=-0.48rad) odom=(0.96,-0.25 yaw=-0.48rad) nav=vx:0.000 wz:0.000 cmd=vx:0.000 wz:0.000
[INFO] [1783013507.487983710] [basic_navigator]: [130.1s] dist=2.11m amcl=(0.96,-0.25 yaw=-0.48rad) odom=(0.96,-0.25 yaw=-0.48rad) nav=vx:0.000 wz:0.000 cmd=vx:0.000 wz:0.000
[INFO] [1783013507.693763891] [basic_navigator]: [130.3s] dist=2.11m amcl=(0.96,-0.25 yaw=-0.48rad) odom=(0.96,-0.25 yaw=-0.48rad) nav=vx:0.000 wz:0.000 cmd=vx:0.000 wz:0.000
[INFO] [1783013507.897414132] [basic_navigator]: [130.6s] dist=2.11m amcl=(0.96,-0.25 yaw=-0.48rad) odom=(0.96,-0.25 yaw=-0.48rad) nav=vx:0.000 wz:0.000 cmd=vx:0.000 wz:0.000
[INFO] [1783013508.100931172] [basic_navigator]: [130.8s] dist=2.11m amcl=(0.96,-0.25 yaw=-0.48rad) odom=(0.96,-0.25 yaw=-0.48rad) nav=vx:0.000 wz:0.000 cmd=vx:0.000 wz:0.000
[INFO] [1783013508.307842224] [basic_navigator]: [131.0s] dist=2.11m amcl=(0.96,-0.25 yaw=-0.48rad) odom=(0.96,-0.25 yaw=-0.48rad) nav=vx:0.000 wz:0.000 cmd=vx:0.000 wz:0.000
[INFO] [1783013508.510724030] [basic_navigator]: [131.2s] dist=2.11m amcl=(0.96,-0.25 yaw=-0.48rad) odom=(0.96,-0.25 yaw=-0.48rad) nav=vx:0.000 wz:0.000 cmd=vx:0.000 wz:0.000
[INFO] [1783013508.714830291] [basic_navigator]: [131.4s] dist=2.11m amcl=(0.96,-0.25 yaw=-0.48rad) odom=(0.96,-0.25 yaw=-0.48rad) nav=vx:0.000 wz:0.000 cmd=vx:0.000 wz:0.000
[INFO] [1783013508.919007529] [basic_navigator]: [131.6s] dist=2.11m amcl=(0.96,-0.25 yaw=-0.48rad) odom=(0.96,-0.25 yaw=-0.48rad) nav=vx:0.000 wz:0.000 cmd=vx:0.000 wz:0.000
[INFO] [1783013509.122456972] [basic_navigator]: [131.8s] dist=2.11m amcl=(0.96,-0.25 yaw=-0.48rad) odom=(0.96,-0.25 yaw=-0.48rad) nav=vx:0.000 wz:0.000 cmd=vx:0.000 wz:0.000
[INFO] [1783013509.325508566] [basic_navigator]: [132.0s] dist=2.11m amcl=(0.96,-0.25 yaw=-0.48rad) odom=(0.96,-0.25 yaw=-0.48rad) nav=vx:0.000 wz:0.000 cmd=vx:0.000 wz:0.000
[INFO] [1783013509.532059829] [basic_navigator]: [132.2s] dist=2.11m amcl=(0.96,-0.25 yaw=-0.48rad) odom=(0.96,-0.25 yaw=-0.48rad) nav=vx:0.000 wz:0.000 cmd=vx:0.000 wz:0.000
[INFO] [1783013509.743027334] [basic_navigator]: [132.4s] dist=2.11m amcl=(0.96,-0.25 yaw=-0.48rad) odom=(0.96,-0.25 yaw=-0.48rad) nav=vx:0.000 wz:0.000 cmd=vx:0.000 wz:0.000
[INFO] [1783013509.953448009] [basic_navigator]: [132.6s] dist=2.11m amcl=(0.96,-0.25 yaw=-0.48rad) odom=(0.96,-0.25 yaw=-0.48rad) nav=vx:0.000 wz:0.000 cmd=vx:0.000 wz:0.000
[INFO] [1783013510.157443237] [basic_navigator]: [132.8s] dist=2.11m amcl=(0.96,-0.25 yaw=-0.48rad) odom=(0.96,-0.25 yaw=-0.48rad) nav=vx:0.000 wz:0.000 cmd=vx:0.000 wz:0.000
[INFO] [1783013510.361493565] [basic_navigator]: [133.0s] dist=2.11m amcl=(0.96,-0.25 yaw=-0.48rad) odom=(0.96,-0.25 yaw=-0.48rad) nav=vx:0.000 wz:0.000 cmd=vx:0.000 wz:0.000
[INFO] [1783013510.565249753] [basic_navigator]: [133.2s] dist=2.11m amcl=(0.96,-0.25 yaw=-0.48rad) odom=(0.96,-0.25 yaw=-0.48rad) nav=vx:0.000 wz:0.000 cmd=vx:0.000 wz:0.000
[INFO] [1783013510.768852047] [basic_navigator]: [133.4s] dist=2.11m amcl=(0.96,-0.25 yaw=-0.48rad) odom=(0.96,-0.25 yaw=-0.48rad) nav=vx:0.000 wz:0.000 cmd=vx:0.000 wz:0.000
[INFO] [1783013510.975006165] [basic_navigator]: [133.6s] dist=2.11m amcl=(0.96,-0.25 yaw=-0.48rad) odom=(0.96,-0.25 yaw=-0.48rad) nav=vx:0.000 wz:0.000 cmd=vx:0.000 wz:0.000
[INFO] [1783013511.184665253] [basic_navigator]: [133.8s] dist=2.11m amcl=(0.96,-0.25 yaw=-0.48rad) odom=(0.96,-0.25 yaw=-0.48rad) nav=vx:0.000 wz:0.000 cmd=vx:0.000 wz:0.000
[INFO] [1783013511.389918055] [basic_navigator]: [134.0s] dist=2.11m amcl=(0.96,-0.25 yaw=-0.48rad) odom=(0.96,-0.25 yaw=-0.48rad) nav=vx:0.000 wz:0.000 cmd=vx:0.000 wz:0.000
[INFO] [1783013511.592834846] [basic_navigator]: [134.2s] dist=2.11m amcl=(0.96,-0.25 yaw=-0.48rad) odom=(0.96,-0.25 yaw=-0.48rad) nav=vx:0.000 wz:0.000 cmd=vx:0.000 wz:0.000
[INFO] [1783013511.796590547] [basic_navigator]: [134.4s] dist=2.11m amcl=(0.96,-0.25 yaw=-0.48rad) odom=(0.96,-0.25 yaw=-0.48rad) nav=vx:0.000 wz:0.000 cmd=vx:0.000 wz:0.000
[INFO] [1783013512.000534264] [basic_navigator]: [134.7s] dist=2.11m amcl=(0.96,-0.25 yaw=-0.48rad) odom=(0.96,-0.25 yaw=-0.48rad) nav=vx:0.000 wz:0.000 cmd=vx:0.000 wz:0.000
[INFO] [1783013512.204092569] [basic_navigator]: [134.9s] dist=2.11m amcl=(0.96,-0.25 yaw=-0.48rad) odom=(0.96,-0.25 yaw=-0.48rad) nav=vx:0.000 wz:0.000 cmd=vx:0.000 wz:0.000
[INFO] [1783013512.410455395] [basic_navigator]: [135.1s] dist=2.11m amcl=(0.96,-0.25 yaw=-0.48rad) odom=(0.96,-0.25 yaw=-0.48rad) nav=vx:0.000 wz:0.000 cmd=vx:0.000 wz:0.000
[INFO] [1783013512.617229200] [basic_navigator]: [135.3s] dist=2.11m amcl=(0.96,-0.25 yaw=-0.48rad) odom=(0.96,-0.25 yaw=-0.48rad) nav=vx:0.000 wz:0.000 cmd=vx:0.000 wz:0.000
[INFO] [1783013512.820912482] [basic_navigator]: [135.5s] dist=2.11m amcl=(0.96,-0.25 yaw=-0.48rad) odom=(0.96,-0.25 yaw=-0.48rad) nav=vx:0.000 wz:0.000 cmd=vx:0.000 wz:0.000
[INFO] [1783013513.024309989] [basic_navigator]: [135.7s] dist=2.11m amcl=(0.96,-0.25 yaw=-0.48rad) odom=(0.96,-0.25 yaw=-0.48rad) nav=vx:0.000 wz:0.000 cmd=vx:0.000 wz:0.000
[INFO] [1783013513.226814884] [basic_navigator]: [135.9s] dist=2.11m amcl=(0.96,-0.25 yaw=-0.48rad) odom=(0.96,-0.25 yaw=-0.48rad) nav=vx:0.000 wz:0.000 cmd=vx:0.000 wz:0.000
[INFO] [1783013513.429831045] [basic_navigator]: [136.1s] dist=2.11m amcl=(0.96,-0.25 yaw=-0.48rad) odom=(0.96,-0.25 yaw=-0.48rad) nav=vx:0.000 wz:0.000 cmd=vx:0.000 wz:0.000
[INFO] [1783013513.636342161] [basic_navigator]: [136.3s] dist=2.11m amcl=(0.96,-0.25 yaw=-0.48rad) odom=(0.96,-0.25 yaw=-0.48rad) nav=vx:0.000 wz:0.000 cmd=vx:0.000 wz:0.000
[INFO] [1783013513.840846385] [basic_navigator]: [136.5s] dist=2.11m amcl=(0.96,-0.25 yaw=-0.48rad) odom=(0.96,-0.25 yaw=-0.48rad) nav=vx:0.000 wz:0.000 cmd=vx:0.000 wz:0.000
[INFO] [1783013514.045040002] [basic_navigator]: [136.7s] dist=2.11m amcl=(0.96,-0.25 yaw=-0.48rad) odom=(0.96,-0.25 yaw=-0.48rad) nav=vx:0.000 wz:0.000 cmd=vx:0.000 wz:0.000
[INFO] [1783013514.248027440] [basic_navigator]: [136.9s] dist=2.11m amcl=(0.96,-0.25 yaw=-0.48rad) odom=(0.96,-0.25 yaw=-0.48rad) nav=vx:0.000 wz:0.000 cmd=vx:0.000 wz:0.000
[INFO] [1783013514.455865223] [basic_navigator]: [137.1s] dist=2.11m amcl=(0.96,-0.25 yaw=-0.48rad) odom=(0.96,-0.25 yaw=-0.48rad) nav=vx:0.000 wz:0.000 cmd=vx:0.000 wz:0.000
[INFO] [1783013514.661658951] [basic_navigator]: [137.3s] dist=2.11m amcl=(0.96,-0.25 yaw=-0.48rad) odom=(0.96,-0.25 yaw=-0.48rad) nav=vx:0.000 wz:0.000 cmd=vx:0.000 wz:0.000
[INFO] [1783013514.867634825] [basic_navigator]: [137.5s] dist=2.11m amcl=(0.96,-0.25 yaw=-0.48rad) odom=(0.96,-0.25 yaw=-0.48rad) nav=vx:0.000 wz:0.000 cmd=vx:0.000 wz:0.000
[INFO] [1783013515.070818063] [basic_navigator]: [137.7s] dist=2.11m amcl=(0.96,-0.25 yaw=-0.48rad) odom=(0.96,-0.25 yaw=-0.48rad) nav=vx:0.000 wz:0.000 cmd=vx:0.000 wz:0.000
[INFO] [1783013515.275929198] [basic_navigator]: [137.9s] dist=2.11m amcl=(0.96,-0.25 yaw=-0.48rad) odom=(0.96,-0.25 yaw=-0.48rad) nav=vx:0.000 wz:0.000 cmd=vx:0.000 wz:0.000
[INFO] [1783013515.480551906] [basic_navigator]: [138.1s] dist=2.11m amcl=(0.96,-0.25 yaw=-0.48rad) odom=(0.96,-0.25 yaw=-0.48rad) nav=vx:0.000 wz:0.000 cmd=vx:0.000 wz:0.000
[INFO] [1783013515.686685577] [basic_navigator]: [138.3s] dist=2.11m amcl=(0.96,-0.25 yaw=-0.48rad) odom=(0.96,-0.25 yaw=-0.48rad) nav=vx:0.000 wz:0.000 cmd=vx:0.000 wz:0.000
[INFO] [1783013515.889235075] [basic_navigator]: [138.5s] dist=2.11m amcl=(0.96,-0.25 yaw=-0.48rad) odom=(0.96,-0.25 yaw=-0.48rad) nav=vx:0.000 wz:0.000 cmd=vx:0.000 wz:0.000
[INFO] [1783013516.098757273] [basic_navigator]: [138.7s] dist=2.11m amcl=(0.96,-0.25 yaw=-0.48rad) odom=(0.96,-0.25 yaw=-0.48rad) nav=vx:0.000 wz:0.000 cmd=vx:0.000 wz:0.000
[INFO] [1783013516.303207344] [basic_navigator]: [139.0s] dist=2.11m amcl=(0.96,-0.25 yaw=-0.48rad) odom=(0.96,-0.25 yaw=-0.48rad) nav=vx:0.000 wz:0.000 cmd=vx:0.000 wz:0.000
[INFO] [1783013516.510423991] [basic_navigator]: [139.2s] dist=2.11m amcl=(0.96,-0.25 yaw=-0.48rad) odom=(0.96,-0.25 yaw=-0.48rad) nav=vx:0.000 wz:0.000 cmd=vx:0.000 wz:0.000
[INFO] [1783013516.713649520] [basic_navigator]: [139.4s] dist=2.11m amcl=(0.96,-0.25 yaw=-0.48rad) odom=(0.96,-0.25 yaw=-0.48rad) nav=vx:0.000 wz:0.000 cmd=vx:0.000 wz:0.000
[INFO] [1783013516.916686299] [basic_navigator]: [139.6s] dist=2.11m amcl=(0.96,-0.25 yaw=-0.48rad) odom=(0.96,-0.25 yaw=-0.48rad) nav=vx:0.000 wz:0.000 cmd=vx:0.000 wz:0.000
[INFO] [1783013517.121041971] [basic_navigator]: [139.8s] dist=2.11m amcl=(0.96,-0.25 yaw=-0.48rad) odom=(0.96,-0.25 yaw=-0.48rad) nav=vx:0.000 wz:0.000 cmd=vx:0.000 wz:0.000
[INFO] [1783013517.324410900] [basic_navigator]: [140.0s] dist=2.11m amcl=(0.96,-0.25 yaw=-0.48rad) odom=(0.96,-0.25 yaw=-0.48rad) nav=vx:0.000 wz:0.000 cmd=vx:0.000 wz:0.000
[INFO] [1783013517.526849742] [basic_navigator]: [140.2s] dist=2.11m amcl=(0.96,-0.25 yaw=-0.48rad) odom=(0.96,-0.25 yaw=-0.48rad) nav=vx:0.000 wz:0.000 cmd=vx:0.000 wz:0.000
[INFO] [1783013517.735399967] [basic_navigator]: [140.4s] dist=2.11m amcl=(0.96,-0.25 yaw=-0.48rad) odom=(0.96,-0.25 yaw=-0.48rad) nav=vx:0.000 wz:0.000 cmd=vx:0.000 wz:0.000
[INFO] [1783013517.939238586] [basic_navigator]: [140.6s] dist=2.11m amcl=(0.96,-0.25 yaw=-0.48rad) odom=(0.96,-0.25 yaw=-0.48rad) nav=vx:0.000 wz:0.000 cmd=vx:0.000 wz:0.000
[INFO] [1783013518.142488586] [basic_navigator]: [140.8s] dist=2.11m amcl=(0.96,-0.25 yaw=-0.48rad) odom=(0.96,-0.25 yaw=-0.48rad) nav=vx:0.000 wz:0.000 cmd=vx:0.000 wz:0.000
[INFO] [1783013518.349436102] [basic_navigator]: [141.0s] dist=2.11m amcl=(0.96,-0.25 yaw=-0.48rad) odom=(0.96,-0.25 yaw=-0.48rad) nav=vx:0.000 wz:0.000 cmd=vx:0.000 wz:0.000
[INFO] [1783013518.555699684] [basic_navigator]: [141.2s] dist=2.11m amcl=(0.96,-0.25 yaw=-0.48rad) odom=(0.96,-0.25 yaw=-0.48rad) nav=vx:0.000 wz:0.000 cmd=vx:0.000 wz:0.000
[INFO] [1783013518.758813514] [basic_navigator]: [141.4s] dist=2.11m amcl=(0.96,-0.25 yaw=-0.48rad) odom=(0.96,-0.25 yaw=-0.48rad) nav=vx:0.000 wz:0.000 cmd=vx:0.000 wz:0.000
[INFO] [1783013518.961850185] [basic_navigator]: [141.6s] dist=2.11m amcl=(0.96,-0.25 yaw=-0.48rad) odom=(0.96,-0.25 yaw=-0.48rad) nav=vx:0.000 wz:0.000 cmd=vx:0.000 wz:0.000
[INFO] [1783013519.168535419] [basic_navigator]: [141.8s] dist=2.11m amcl=(0.96,-0.25 yaw=-0.48rad) odom=(0.96,-0.25 yaw=-0.48rad) nav=vx:0.000 wz:0.000 cmd=vx:0.000 wz:0.000
[INFO] [1783013519.372368175] [basic_navigator]: [142.0s] dist=2.11m amcl=(0.96,-0.25 yaw=-0.48rad) odom=(0.96,-0.25 yaw=-0.48rad) nav=vx:0.000 wz:0.000 cmd=vx:0.000 wz:0.000
[INFO] [1783013519.585750952] [basic_navigator]: [142.2s] dist=2.11m amcl=(0.96,-0.25 yaw=-0.48rad) odom=(0.96,-0.25 yaw=-0.48rad) nav=vx:0.000 wz:0.000 cmd=vx:0.000 wz:0.000
[INFO] [1783013519.790452900] [basic_navigator]: [142.4s] dist=2.11m amcl=(0.96,-0.25 yaw=-0.48rad) odom=(0.96,-0.25 yaw=-0.48rad) nav=vx:0.000 wz:0.000 cmd=vx:0.000 wz:0.000
[INFO] [1783013519.995974156] [basic_navigator]: [142.6s] dist=2.11m amcl=(0.96,-0.25 yaw=-0.48rad) odom=(0.96,-0.25 yaw=-0.48rad) nav=vx:0.000 wz:0.000 cmd=vx:0.000 wz:0.000
[INFO] [1783013520.199370996] [basic_navigator]: [142.9s] dist=2.11m amcl=(0.96,-0.25 yaw=-0.48rad) odom=(0.96,-0.25 yaw=-0.48rad) nav=vx:0.000 wz:0.000 cmd=vx:0.000 wz:0.000
[INFO] [1783013520.406177392] [basic_navigator]: [143.1s] dist=2.11m amcl=(0.96,-0.25 yaw=-0.48rad) odom=(0.96,-0.25 yaw=-0.48rad) nav=vx:0.000 wz:0.000 cmd=vx:0.000 wz:0.000
[INFO] [1783013520.612056859] [basic_navigator]: [143.3s] dist=2.11m amcl=(0.96,-0.25 yaw=-0.48rad) odom=(0.96,-0.25 yaw=-0.48rad) nav=vx:0.000 wz:0.000 cmd=vx:0.000 wz:0.000
[INFO] [1783013520.815386439] [basic_navigator]: [143.5s] dist=2.11m amcl=(0.96,-0.25 yaw=-0.48rad) odom=(0.96,-0.25 yaw=-0.48rad) nav=vx:0.000 wz:0.000 cmd=vx:0.000 wz:0.000
[INFO] [1783013521.018166377] [basic_navigator]: [143.7s] dist=2.11m amcl=(0.96,-0.25 yaw=-0.48rad) odom=(0.96,-0.25 yaw=-0.48rad) nav=vx:0.000 wz:0.000 cmd=vx:0.000 wz:0.000
[INFO] [1783013521.221643928] [basic_navigator]: [143.9s] dist=2.11m amcl=(0.96,-0.25 yaw=-0.48rad) odom=(0.96,-0.25 yaw=-0.48rad) nav=vx:0.000 wz:0.000 cmd=vx:0.000 wz:0.000
[INFO] [1783013521.424992055] [basic_navigator]: [144.1s] dist=2.11m amcl=(0.96,-0.25 yaw=-0.48rad) odom=(0.96,-0.25 yaw=-0.48rad) nav=vx:0.000 wz:0.000 cmd=vx:0.000 wz:0.000
[INFO] [1783013521.628283865] [basic_navigator]: [144.3s] dist=2.11m amcl=(0.96,-0.25 yaw=-0.48rad) odom=(0.96,-0.25 yaw=-0.48rad) nav=vx:0.000 wz:0.000 cmd=vx:0.000 wz:0.000
[INFO] [1783013521.831962257] [basic_navigator]: [144.5s] dist=2.11m amcl=(0.96,-0.25 yaw=-0.48rad) odom=(0.96,-0.25 yaw=-0.48rad) nav=vx:0.000 wz:0.000 cmd=vx:0.000 wz:0.000
[INFO] [1783013522.035209652] [basic_navigator]: [144.7s] dist=2.11m amcl=(0.96,-0.25 yaw=-0.48rad) odom=(0.96,-0.25 yaw=-0.48rad) nav=vx:0.000 wz:0.000 cmd=vx:0.000 wz:0.000
[INFO] [1783013522.238970533] [basic_navigator]: [144.9s] dist=2.11m amcl=(0.96,-0.25 yaw=-0.48rad) odom=(0.96,-0.25 yaw=-0.48rad) nav=vx:0.000 wz:0.000 cmd=vx:0.000 wz:0.000
[INFO] [1783013522.442410363] [basic_navigator]: [145.1s] dist=2.11m amcl=(0.96,-0.25 yaw=-0.48rad) odom=(0.96,-0.25 yaw=-0.48rad) nav=vx:0.000 wz:0.000 cmd=vx:0.000 wz:0.000
[INFO] [1783013522.650844153] [basic_navigator]: [145.3s] dist=2.11m amcl=(0.96,-0.25 yaw=-0.48rad) odom=(0.96,-0.25 yaw=-0.48rad) nav=vx:0.000 wz:0.000 cmd=vx:0.000 wz:0.000
[INFO] [1783013522.855139874] [basic_navigator]: [145.5s] dist=2.11m amcl=(0.96,-0.25 yaw=-0.48rad) odom=(0.96,-0.25 yaw=-0.48rad) nav=vx:0.000 wz:0.000 cmd=vx:0.000 wz:0.000
[INFO] [1783013523.057933110] [basic_navigator]: [145.7s] dist=2.11m amcl=(0.96,-0.25 yaw=-0.48rad) odom=(0.96,-0.25 yaw=-0.48rad) nav=vx:0.000 wz:0.000 cmd=vx:0.000 wz:0.000
[INFO] [1783013523.268029974] [basic_navigator]: [145.9s] dist=2.11m amcl=(0.96,-0.25 yaw=-0.48rad) odom=(0.96,-0.25 yaw=-0.48rad) nav=vx:0.000 wz:0.000 cmd=vx:0.000 wz:0.000
[INFO] [1783013523.475133091] [basic_navigator]: [146.1s] dist=2.11m amcl=(0.96,-0.25 yaw=-0.48rad) odom=(0.96,-0.25 yaw=-0.48rad) nav=vx:0.000 wz:0.000 cmd=vx:0.000 wz:0.000
[INFO] [1783013523.681975998] [basic_navigator]: [146.3s] dist=2.11m amcl=(0.96,-0.25 yaw=-0.48rad) odom=(0.96,-0.25 yaw=-0.48rad) nav=vx:0.000 wz:0.000 cmd=vx:0.000 wz:0.000
[INFO] [1783013523.887276799] [basic_navigator]: [146.5s] dist=2.11m amcl=(0.96,-0.25 yaw=-0.48rad) odom=(0.96,-0.25 yaw=-0.48rad) nav=vx:0.000 wz:0.000 cmd=vx:0.000 wz:0.000
[INFO] [1783013524.095165152] [basic_navigator]: [146.7s] dist=2.11m amcl=(0.96,-0.25 yaw=-0.48rad) odom=(0.96,-0.25 yaw=-0.48rad) nav=vx:0.000 wz:0.000 cmd=vx:0.000 wz:0.000
[INFO] [1783013524.300624383] [basic_navigator]: [147.0s] dist=2.11m amcl=(0.96,-0.25 yaw=-0.48rad) odom=(0.96,-0.25 yaw=-0.48rad) nav=vx:0.000 wz:0.000 cmd=vx:0.000 wz:0.000
[INFO] [1783013524.504511985] [basic_navigator]: [147.2s] dist=2.11m amcl=(0.96,-0.25 yaw=-0.48rad) odom=(0.96,-0.25 yaw=-0.48rad) nav=vx:0.000 wz:0.000 cmd=vx:0.000 wz:0.000
[INFO] [1783013524.707405418] [basic_navigator]: [147.4s] dist=2.11m amcl=(0.96,-0.25 yaw=-0.48rad) odom=(0.96,-0.25 yaw=-0.48rad) nav=vx:0.000 wz:0.000 cmd=vx:0.000 wz:0.000
[INFO] [1783013524.912138864] [basic_navigator]: [147.6s] dist=2.11m amcl=(0.96,-0.25 yaw=-0.48rad) odom=(0.96,-0.25 yaw=-0.48rad) nav=vx:0.000 wz:0.000 cmd=vx:0.000 wz:0.000
[INFO] [1783013525.114964517] [basic_navigator]: [147.8s] dist=2.11m amcl=(0.96,-0.25 yaw=-0.48rad) odom=(0.96,-0.25 yaw=-0.48rad) nav=vx:0.000 wz:0.000 cmd=vx:0.000 wz:0.000
[INFO] [1783013525.317910874] [basic_navigator]: [148.0s] dist=2.11m amcl=(0.96,-0.25 yaw=-0.48rad) odom=(0.96,-0.25 yaw=-0.48rad) nav=vx:0.000 wz:0.000 cmd=vx:0.000 wz:0.000
[INFO] [1783013525.532442689] [basic_navigator]: [148.2s] dist=2.11m amcl=(0.96,-0.25 yaw=-0.48rad) odom=(0.96,-0.25 yaw=-0.48rad) nav=vx:0.000 wz:0.000 cmd=vx:0.000 wz:0.000
[INFO] [1783013525.737066881] [basic_navigator]: [148.4s] dist=2.11m amcl=(0.96,-0.25 yaw=-0.48rad) odom=(0.96,-0.25 yaw=-0.48rad) nav=vx:0.000 wz:0.000 cmd=vx:0.000 wz:0.000
[INFO] [1783013525.942351967] [basic_navigator]: [148.6s] dist=2.11m amcl=(0.96,-0.25 yaw=-0.48rad) odom=(0.96,-0.25 yaw=-0.48rad) nav=vx:0.000 wz:0.000 cmd=vx:0.000 wz:0.000
[INFO] [1783013526.147614514] [basic_navigator]: [148.8s] dist=2.11m amcl=(0.96,-0.25 yaw=-0.48rad) odom=(0.96,-0.25 yaw=-0.48rad) nav=vx:0.000 wz:0.000 cmd=vx:0.000 wz:0.000
[INFO] [1783013526.350972856] [basic_navigator]: [149.0s] dist=2.11m amcl=(0.96,-0.25 yaw=-0.48rad) odom=(0.96,-0.25 yaw=-0.48rad) nav=vx:0.000 wz:0.000 cmd=vx:0.000 wz:0.000
[INFO] [1783013526.556626584] [basic_navigator]: [149.2s] dist=2.11m amcl=(0.96,-0.25 yaw=-0.48rad) odom=(0.96,-0.25 yaw=-0.48rad) nav=vx:0.000 wz:0.000 cmd=vx:0.000 wz:0.000
[INFO] [1783013526.759657668] [basic_navigator]: [149.4s] dist=2.11m amcl=(0.96,-0.25 yaw=-0.48rad) odom=(0.96,-0.25 yaw=-0.48rad) nav=vx:0.000 wz:0.000 cmd=vx:0.000 wz:0.000
[INFO] [1783013526.967480215] [basic_navigator]: [149.6s] dist=2.11m amcl=(0.96,-0.25 yaw=-0.48rad) odom=(0.96,-0.25 yaw=-0.48rad) nav=vx:0.000 wz:0.000 cmd=vx:0.000 wz:0.000
[INFO] [1783013527.171858689] [basic_navigator]: [149.8s] dist=2.11m amcl=(0.96,-0.25 yaw=-0.48rad) odom=(0.96,-0.25 yaw=-0.48rad) nav=vx:0.000 wz:0.000 cmd=vx:0.000 wz:0.000
[INFO] [1783013527.378398721] [basic_navigator]: [150.0s] dist=2.11m amcl=(0.96,-0.25 yaw=-0.48rad) odom=(0.96,-0.25 yaw=-0.48rad) nav=vx:0.000 wz:0.000 cmd=vx:0.000 wz:0.000
[INFO] [1783013527.581778390] [basic_navigator]: [150.2s] dist=2.11m amcl=(0.96,-0.25 yaw=-0.48rad) odom=(0.96,-0.25 yaw=-0.48rad) nav=vx:0.000 wz:0.000 cmd=vx:0.000 wz:0.000
[INFO] [1783013527.784629057] [basic_navigator]: [150.4s] dist=2.11m amcl=(0.96,-0.25 yaw=-0.48rad) odom=(0.96,-0.25 yaw=-0.48rad) nav=vx:0.000 wz:0.000 cmd=vx:0.000 wz:0.000
[INFO] [1783013527.990581106] [basic_navigator]: [150.6s] dist=2.11m amcl=(0.96,-0.25 yaw=-0.48rad) odom=(0.96,-0.25 yaw=-0.48rad) nav=vx:0.000 wz:0.000 cmd=vx:0.000 wz:0.000
[INFO] [1783013528.194541413] [basic_navigator]: [150.8s] dist=2.11m amcl=(0.96,-0.25 yaw=-0.48rad) odom=(0.96,-0.25 yaw=-0.48rad) nav=vx:0.000 wz:0.000 cmd=vx:0.000 wz:0.000
[INFO] [1783013528.398143498] [basic_navigator]: [151.1s] dist=2.11m amcl=(0.96,-0.25 yaw=-0.48rad) odom=(0.96,-0.25 yaw=-0.48rad) nav=vx:0.000 wz:0.000 cmd=vx:0.000 wz:0.000
[INFO] [1783013528.601496443] [basic_navigator]: [151.3s] dist=2.11m amcl=(0.96,-0.25 yaw=-0.48rad) odom=(0.96,-0.25 yaw=-0.48rad) nav=vx:0.000 wz:0.000 cmd=vx:0.000 wz:0.000
[INFO] [1783013528.805809412] [basic_navigator]: [151.5s] dist=2.11m amcl=(0.96,-0.25 yaw=-0.48rad) odom=(0.96,-0.25 yaw=-0.48rad) nav=vx:0.000 wz:0.000 cmd=vx:0.000 wz:0.000
[INFO] [1783013529.014173862] [basic_navigator]: [151.7s] dist=2.11m amcl=(0.96,-0.25 yaw=-0.48rad) odom=(0.96,-0.25 yaw=-0.48rad) nav=vx:0.000 wz:0.000 cmd=vx:0.000 wz:0.000
[INFO] [1783013529.220475581] [basic_navigator]: [151.9s] dist=2.11m amcl=(0.96,-0.25 yaw=-0.48rad) odom=(0.96,-0.25 yaw=-0.48rad) nav=vx:0.000 wz:0.000 cmd=vx:0.000 wz:0.000
[INFO] [1783013529.426253189] [basic_navigator]: [152.1s] dist=2.11m amcl=(0.96,-0.25 yaw=-0.48rad) odom=(0.96,-0.25 yaw=-0.48rad) nav=vx:0.000 wz:0.000 cmd=vx:0.000 wz:0.000
[INFO] [1783013529.639198716] [basic_navigator]: [152.3s] dist=2.11m amcl=(0.96,-0.25 yaw=-0.48rad) odom=(0.96,-0.25 yaw=-0.48rad) nav=vx:0.000 wz:0.000 cmd=vx:0.000 wz:0.000
[INFO] [1783013529.841775473] [basic_navigator]: [152.5s] dist=2.11m amcl=(0.96,-0.25 yaw=-0.48rad) odom=(0.96,-0.25 yaw=-0.48rad) nav=vx:0.000 wz:0.000 cmd=vx:0.000 wz:0.000
[INFO] [1783013530.045263325] [basic_navigator]: [152.7s] dist=2.11m amcl=(0.96,-0.25 yaw=-0.48rad) odom=(0.96,-0.25 yaw=-0.48rad) nav=vx:0.000 wz:0.000 cmd=vx:0.000 wz:0.000
[INFO] [1783013530.247258380] [basic_navigator]: [152.9s] dist=2.11m amcl=(0.96,-0.25 yaw=-0.48rad) odom=(0.96,-0.25 yaw=-0.48rad) nav=vx:0.000 wz:0.000 cmd=vx:0.000 wz:0.000
[INFO] [1783013530.452370008] [basic_navigator]: [153.1s] dist=2.11m amcl=(0.96,-0.25 yaw=-0.48rad) odom=(0.96,-0.25 yaw=-0.48rad) nav=vx:0.000 wz:0.000 cmd=vx:0.000 wz:0.000
[INFO] [1783013530.657616942] [basic_navigator]: [153.3s] dist=2.11m amcl=(0.96,-0.25 yaw=-0.48rad) odom=(0.96,-0.25 yaw=-0.48rad) nav=vx:0.000 wz:0.000 cmd=vx:0.000 wz:0.000
[INFO] [1783013530.860727658] [basic_navigator]: [153.5s] dist=2.11m amcl=(0.96,-0.25 yaw=-0.48rad) odom=(0.96,-0.25 yaw=-0.48rad) nav=vx:0.000 wz:0.000 cmd=vx:0.000 wz:0.000
[INFO] [1783013531.064265746] [basic_navigator]: [153.7s] dist=2.11m amcl=(0.96,-0.25 yaw=-0.48rad) odom=(0.96,-0.25 yaw=-0.48rad) nav=vx:0.000 wz:0.000 cmd=vx:0.000 wz:0.000
[INFO] [1783013531.276459420] [basic_navigator]: [153.9s] dist=2.11m amcl=(0.96,-0.25 yaw=-0.48rad) odom=(0.96,-0.25 yaw=-0.48rad) nav=vx:0.000 wz:0.000 cmd=vx:0.000 wz:0.000
[INFO] [1783013531.484035811] [basic_navigator]: [154.1s] dist=2.11m amcl=(0.96,-0.25 yaw=-0.48rad) odom=(0.96,-0.25 yaw=-0.48rad) nav=vx:0.000 wz:0.000 cmd=vx:0.000 wz:0.000
[INFO] [1783013531.687635836] [basic_navigator]: [154.3s] dist=2.11m amcl=(0.96,-0.25 yaw=-0.48rad) odom=(0.96,-0.25 yaw=-0.48rad) nav=vx:0.000 wz:0.000 cmd=vx:0.000 wz:0.000
[INFO] [1783013531.897212613] [basic_navigator]: [154.5s] dist=2.11m amcl=(0.96,-0.25 yaw=-0.48rad) odom=(0.96,-0.25 yaw=-0.48rad) nav=vx:0.000 wz:0.000 cmd=vx:0.000 wz:0.000
[INFO] [1783013532.100719462] [basic_navigator]: [154.8s] dist=2.11m amcl=(0.96,-0.25 yaw=-0.48rad) odom=(0.96,-0.25 yaw=-0.48rad) nav=vx:0.000 wz:0.000 cmd=vx:0.000 wz:0.000
[INFO] [1783013532.307001073] [basic_navigator]: [155.0s] dist=2.11m amcl=(0.96,-0.25 yaw=-0.48rad) odom=(0.96,-0.25 yaw=-0.48rad) nav=vx:0.000 wz:0.000 cmd=vx:0.000 wz:0.000
[INFO] [1783013532.510422609] [basic_navigator]: [155.2s] dist=2.11m amcl=(0.96,-0.25 yaw=-0.48rad) odom=(0.96,-0.25 yaw=-0.48rad) nav=vx:0.000 wz:0.000 cmd=vx:0.000 wz:0.000
[INFO] [1783013532.714218531] [basic_navigator]: [155.4s] dist=2.11m amcl=(0.96,-0.25 yaw=-0.48rad) odom=(0.96,-0.25 yaw=-0.48rad) nav=vx:0.000 wz:0.000 cmd=vx:0.000 wz:0.000
[INFO] [1783013532.917178474] [basic_navigator]: [155.6s] dist=2.11m amcl=(0.96,-0.25 yaw=-0.48rad) odom=(0.96,-0.25 yaw=-0.48rad) nav=vx:0.000 wz:0.000 cmd=vx:0.000 wz:0.000
[INFO] [1783013533.120722851] [basic_navigator]: [155.8s] dist=2.11m amcl=(0.96,-0.25 yaw=-0.48rad) odom=(0.96,-0.25 yaw=-0.48rad) nav=vx:0.000 wz:0.000 cmd=vx:0.000 wz:0.000
[INFO] [1783013533.324317130] [basic_navigator]: [156.0s] dist=2.11m amcl=(0.96,-0.25 yaw=-0.48rad) odom=(0.96,-0.25 yaw=-0.48rad) nav=vx:0.000 wz:0.000 cmd=vx:0.000 wz:0.000
[INFO] [1783013533.543998181] [basic_navigator]: [156.2s] dist=2.11m amcl=(0.96,-0.25 yaw=-0.48rad) odom=(0.96,-0.25 yaw=-0.48rad) nav=vx:0.000 wz:0.000 cmd=vx:0.000 wz:0.000
[INFO] [1783013533.747942188] [basic_navigator]: [156.4s] dist=2.11m amcl=(0.96,-0.25 yaw=-0.48rad) odom=(0.96,-0.25 yaw=-0.48rad) nav=vx:0.000 wz:0.000 cmd=vx:0.000 wz:0.000
[INFO] [1783013533.956612353] [basic_navigator]: [156.6s] dist=2.11m amcl=(0.96,-0.25 yaw=-0.48rad) odom=(0.96,-0.25 yaw=-0.48rad) nav=vx:0.000 wz:0.000 cmd=vx:0.000 wz:0.000
[INFO] [1783013534.160760410] [basic_navigator]: [156.8s] dist=2.11m amcl=(0.96,-0.25 yaw=-0.48rad) odom=(0.96,-0.25 yaw=-0.48rad) nav=vx:0.000 wz:0.000 cmd=vx:0.000 wz:0.000
[INFO] [1783013534.366099103] [basic_navigator]: [157.0s] dist=2.11m amcl=(0.96,-0.25 yaw=-0.48rad) odom=(0.96,-0.25 yaw=-0.48rad) nav=vx:0.000 wz:0.000 cmd=vx:0.000 wz:0.000
[INFO] [1783013534.568898086] [basic_navigator]: [157.2s] dist=2.11m amcl=(0.96,-0.25 yaw=-0.48rad) odom=(0.96,-0.25 yaw=-0.48rad) nav=vx:0.000 wz:0.000 cmd=vx:0.000 wz:0.000
[INFO] [1783013534.771780404] [basic_navigator]: [157.4s] dist=2.11m amcl=(0.96,-0.25 yaw=-0.48rad) odom=(0.96,-0.25 yaw=-0.48rad) nav=vx:0.000 wz:0.000 cmd=vx:0.000 wz:0.000
[INFO] [1783013534.975970220] [basic_navigator]: [157.6s] dist=2.11m amcl=(0.96,-0.25 yaw=-0.48rad) odom=(0.96,-0.25 yaw=-0.48rad) nav=vx:0.000 wz:0.000 cmd=vx:0.000 wz:0.000
[INFO] [1783013535.179355568] [basic_navigator]: [157.8s] dist=2.11m amcl=(0.96,-0.25 yaw=-0.48rad) odom=(0.96,-0.25 yaw=-0.48rad) nav=vx:0.000 wz:0.000 cmd=vx:0.000 wz:0.000
[INFO] [1783013535.389437935] [basic_navigator]: [158.0s] dist=2.11m amcl=(0.96,-0.25 yaw=-0.48rad) odom=(0.96,-0.25 yaw=-0.48rad) nav=vx:0.000 wz:0.000 cmd=vx:0.000 wz:0.000
[INFO] [1783013535.597504580] [basic_navigator]: [158.3s] dist=2.11m amcl=(0.96,-0.25 yaw=-0.48rad) odom=(0.96,-0.25 yaw=-0.48rad) nav=vx:0.000 wz:0.000 cmd=vx:0.000 wz:0.000
[INFO] [1783013535.801836668] [basic_navigator]: [158.5s] dist=2.11m amcl=(0.96,-0.25 yaw=-0.48rad) odom=(0.96,-0.25 yaw=-0.48rad) nav=vx:0.000 wz:0.000 cmd=vx:0.000 wz:0.000
[INFO] [1783013536.009945794] [basic_navigator]: [158.7s] dist=2.11m amcl=(0.96,-0.25 yaw=-0.48rad) odom=(0.96,-0.25 yaw=-0.48rad) nav=vx:0.000 wz:0.000 cmd=vx:0.000 wz:0.000
[INFO] [1783013536.213541765] [basic_navigator]: [158.9s] dist=2.11m amcl=(0.96,-0.25 yaw=-0.48rad) odom=(0.96,-0.25 yaw=-0.48rad) nav=vx:0.000 wz:0.000 cmd=vx:0.000 wz:0.000
[INFO] [1783013536.426140169] [basic_navigator]: [159.1s] dist=2.11m amcl=(0.96,-0.25 yaw=-0.48rad) odom=(0.96,-0.25 yaw=-0.48rad) nav=vx:0.000 wz:0.000 cmd=vx:0.000 wz:0.000
[INFO] [1783013536.634094934] [basic_navigator]: [159.3s] dist=2.11m amcl=(0.96,-0.25 yaw=-0.48rad) odom=(0.96,-0.25 yaw=-0.48rad) nav=vx:0.000 wz:0.000 cmd=vx:0.000 wz:0.000
[INFO] [1783013536.836982129] [basic_navigator]: [159.5s] dist=2.11m amcl=(0.96,-0.25 yaw=-0.48rad) odom=(0.96,-0.25 yaw=-0.48rad) nav=vx:0.000 wz:0.000 cmd=vx:0.000 wz:0.000
[INFO] [1783013537.040343008] [basic_navigator]: [159.7s] dist=2.11m amcl=(0.96,-0.25 yaw=-0.48rad) odom=(0.96,-0.25 yaw=-0.48rad) nav=vx:0.000 wz:0.000 cmd=vx:0.000 wz:0.000
[INFO] [1783013537.245600550] [basic_navigator]: [159.9s] dist=2.11m amcl=(0.96,-0.25 yaw=-0.48rad) odom=(0.96,-0.25 yaw=-0.48rad) nav=vx:0.000 wz:0.000 cmd=vx:0.000 wz:0.000
[INFO] [1783013537.448729143] [basic_navigator]: [160.1s] dist=2.11m amcl=(0.96,-0.25 yaw=-0.48rad) odom=(0.96,-0.25 yaw=-0.48rad) nav=vx:0.000 wz:0.000 cmd=vx:0.000 wz:0.000
[INFO] [1783013537.651847697] [basic_navigator]: [160.3s] dist=2.11m amcl=(0.96,-0.25 yaw=-0.48rad) odom=(0.96,-0.25 yaw=-0.48rad) nav=vx:0.000 wz:0.000 cmd=vx:0.000 wz:0.000
[INFO] [1783013537.855111515] [basic_navigator]: [160.5s] dist=2.11m amcl=(0.96,-0.25 yaw=-0.48rad) odom=(0.96,-0.25 yaw=-0.48rad) nav=vx:0.000 wz:0.000 cmd=vx:0.000 wz:0.000
[INFO] [1783013538.059208258] [basic_navigator]: [160.7s] dist=2.11m amcl=(0.96,-0.25 yaw=-0.48rad) odom=(0.96,-0.25 yaw=-0.48rad) nav=vx:0.000 wz:0.000 cmd=vx:0.000 wz:0.000
[INFO] [1783013538.262866417] [basic_navigator]: [160.9s] dist=2.11m amcl=(0.96,-0.25 yaw=-0.48rad) odom=(0.96,-0.25 yaw=-0.48rad) nav=vx:0.000 wz:0.000 cmd=vx:0.000 wz:0.000
[INFO] [1783013538.469705120] [basic_navigator]: [161.1s] dist=2.11m amcl=(0.96,-0.25 yaw=-0.48rad) odom=(0.96,-0.25 yaw=-0.48rad) nav=vx:0.000 wz:0.000 cmd=vx:0.000 wz:0.000
[INFO] [1783013538.674940465] [basic_navigator]: [161.3s] dist=2.11m amcl=(0.96,-0.25 yaw=-0.48rad) odom=(0.96,-0.25 yaw=-0.48rad) nav=vx:0.000 wz:0.000 cmd=vx:0.000 wz:0.000
[INFO] [1783013538.878053314] [basic_navigator]: [161.5s] dist=2.11m amcl=(0.96,-0.25 yaw=-0.48rad) odom=(0.96,-0.25 yaw=-0.48rad) nav=vx:0.000 wz:0.000 cmd=vx:0.000 wz:0.000
[INFO] [1783013539.084295803] [basic_navigator]: [161.7s] dist=2.11m amcl=(0.96,-0.25 yaw=-0.48rad) odom=(0.96,-0.25 yaw=-0.48rad) nav=vx:0.000 wz:0.000 cmd=vx:0.000 wz:0.000
[INFO] [1783013539.291479546] [basic_navigator]: [161.9s] dist=2.11m amcl=(0.96,-0.25 yaw=-0.48rad) odom=(0.96,-0.25 yaw=-0.48rad) nav=vx:0.000 wz:0.000 cmd=vx:0.000 wz:0.000
[INFO] [1783013539.500143148] [basic_navigator]: [162.2s] dist=2.11m amcl=(0.96,-0.25 yaw=-0.48rad) odom=(0.96,-0.25 yaw=-0.48rad) nav=vx:0.000 wz:0.000 cmd=vx:0.000 wz:0.000
[INFO] [1783013539.703843342] [basic_navigator]: [162.4s] dist=2.11m amcl=(0.96,-0.25 yaw=-0.48rad) odom=(0.96,-0.25 yaw=-0.48rad) nav=vx:0.000 wz:0.000 cmd=vx:0.000 wz:0.000
[INFO] [1783013539.908844406] [basic_navigator]: [162.6s] dist=2.11m amcl=(0.96,-0.25 yaw=-0.48rad) odom=(0.96,-0.25 yaw=-0.48rad) nav=vx:0.000 wz:0.000 cmd=vx:0.000 wz:0.000
[INFO] [1783013540.112761713] [basic_navigator]: [162.8s] dist=2.11m amcl=(0.96,-0.25 yaw=-0.48rad) odom=(0.96,-0.25 yaw=-0.48rad) nav=vx:0.000 wz:0.000 cmd=vx:0.000 wz:0.000
[INFO] [1783013540.321448725] [basic_navigator]: [163.0s] dist=2.11m amcl=(0.96,-0.25 yaw=-0.48rad) odom=(0.96,-0.25 yaw=-0.48rad) nav=vx:0.000 wz:0.000 cmd=vx:0.000 wz:0.000
[INFO] [1783013540.526998910] [basic_navigator]: [163.2s] dist=2.11m amcl=(0.96,-0.25 yaw=-0.48rad) odom=(0.96,-0.25 yaw=-0.48rad) nav=vx:0.000 wz:0.000 cmd=vx:0.000 wz:0.000
[INFO] [1783013540.731052780] [basic_navigator]: [163.4s] dist=2.11m amcl=(0.96,-0.25 yaw=-0.48rad) odom=(0.96,-0.25 yaw=-0.48rad) nav=vx:0.000 wz:0.000 cmd=vx:0.000 wz:0.000
[INFO] [1783013540.935218231] [basic_navigator]: [163.6s] dist=2.11m amcl=(0.96,-0.25 yaw=-0.48rad) odom=(0.96,-0.25 yaw=-0.48rad) nav=vx:0.000 wz:0.000 cmd=vx:0.000 wz:0.000
[INFO] [1783013541.142000732] [basic_navigator]: [163.8s] dist=2.11m amcl=(0.96,-0.25 yaw=-0.48rad) odom=(0.96,-0.25 yaw=-0.48rad) nav=vx:0.000 wz:0.000 cmd=vx:0.000 wz:0.000
[INFO] [1783013541.347343104] [basic_navigator]: [164.0s] dist=2.11m amcl=(0.96,-0.25 yaw=-0.48rad) odom=(0.96,-0.25 yaw=-0.48rad) nav=vx:0.000 wz:0.000 cmd=vx:0.000 wz:0.000
[INFO] [1783013541.551896614] [basic_navigator]: [164.2s] dist=2.11m amcl=(0.96,-0.25 yaw=-0.48rad) odom=(0.96,-0.25 yaw=-0.48rad) nav=vx:0.000 wz:0.000 cmd=vx:0.000 wz:0.000
[INFO] [1783013541.757480251] [basic_navigator]: [164.4s] dist=2.11m amcl=(0.96,-0.25 yaw=-0.48rad) odom=(0.96,-0.25 yaw=-0.48rad) nav=vx:0.000 wz:0.000 cmd=vx:0.000 wz:0.000
[INFO] [1783013541.961486300] [basic_navigator]: [164.6s] dist=2.11m amcl=(0.96,-0.25 yaw=-0.48rad) odom=(0.96,-0.25 yaw=-0.48rad) nav=vx:0.000 wz:0.000 cmd=vx:0.000 wz:0.000
[INFO] [1783013542.165739379] [basic_navigator]: [164.8s] dist=2.11m amcl=(0.96,-0.25 yaw=-0.48rad) odom=(0.96,-0.25 yaw=-0.48rad) nav=vx:0.000 wz:0.000 cmd=vx:0.000 wz:0.000
[INFO] [1783013542.369904256] [basic_navigator]: [165.0s] dist=2.11m amcl=(0.96,-0.25 yaw=-0.48rad) odom=(0.96,-0.25 yaw=-0.48rad) nav=vx:0.000 wz:0.000 cmd=vx:0.000 wz:0.000
[INFO] [1783013542.574698569] [basic_navigator]: [165.2s] dist=2.11m amcl=(0.96,-0.25 yaw=-0.48rad) odom=(0.96,-0.25 yaw=-0.48rad) nav=vx:0.000 wz:0.000 cmd=vx:0.000 wz:0.000
[INFO] [1783013542.780136940] [basic_navigator]: [165.4s] dist=2.11m amcl=(0.96,-0.25 yaw=-0.48rad) odom=(0.96,-0.25 yaw=-0.48rad) nav=vx:0.000 wz:0.000 cmd=vx:0.000 wz:0.000
[INFO] [1783013542.983543732] [basic_navigator]: [165.6s] dist=2.11m amcl=(0.96,-0.25 yaw=-0.48rad) odom=(0.96,-0.25 yaw=-0.48rad) nav=vx:0.000 wz:0.000 cmd=vx:0.000 wz:0.000
[INFO] [1783013543.187638937] [basic_navigator]: [165.8s] dist=2.11m amcl=(0.96,-0.25 yaw=-0.48rad) odom=(0.96,-0.25 yaw=-0.48rad) nav=vx:0.000 wz:0.000 cmd=vx:0.000 wz:0.000
[INFO] [1783013543.391399383] [basic_navigator]: [166.0s] dist=2.11m amcl=(0.96,-0.25 yaw=-0.48rad) odom=(0.96,-0.25 yaw=-0.48rad) nav=vx:0.000 wz:0.000 cmd=vx:0.000 wz:0.000
[INFO] [1783013543.594517069] [basic_navigator]: [166.2s] dist=2.11m amcl=(0.96,-0.25 yaw=-0.48rad) odom=(0.96,-0.25 yaw=-0.48rad) nav=vx:0.000 wz:0.000 cmd=vx:0.000 wz:0.000
[INFO] [1783013543.807372589] [basic_navigator]: [166.5s] dist=2.11m amcl=(0.96,-0.25 yaw=-0.48rad) odom=(0.96,-0.25 yaw=-0.48rad) nav=vx:0.000 wz:0.000 cmd=vx:0.000 wz:0.000
[INFO] [1783013544.010540639] [basic_navigator]: [166.7s] dist=2.11m amcl=(0.96,-0.25 yaw=-0.48rad) odom=(0.96,-0.25 yaw=-0.48rad) nav=vx:0.000 wz:0.000 cmd=vx:0.000 wz:0.000
[INFO] [1783013544.214975052] [basic_navigator]: [166.9s] dist=2.11m amcl=(0.96,-0.25 yaw=-0.48rad) odom=(0.96,-0.25 yaw=-0.48rad) nav=vx:0.000 wz:0.000 cmd=vx:0.000 wz:0.000
[INFO] [1783013544.419002660] [basic_navigator]: [167.1s] dist=2.11m amcl=(0.96,-0.25 yaw=-0.48rad) odom=(0.96,-0.25 yaw=-0.48rad) nav=vx:0.000 wz:0.000 cmd=vx:0.000 wz:0.000
[INFO] [1783013544.625408706] [basic_navigator]: [167.3s] dist=2.11m amcl=(0.96,-0.25 yaw=-0.48rad) odom=(0.96,-0.25 yaw=-0.48rad) nav=vx:0.000 wz:0.000 cmd=vx:0.000 wz:0.000
[INFO] [1783013544.829820678] [basic_navigator]: [167.5s] dist=2.11m amcl=(0.96,-0.25 yaw=-0.48rad) odom=(0.96,-0.25 yaw=-0.48rad) nav=vx:0.000 wz:0.000 cmd=vx:0.000 wz:0.000
[INFO] [1783013545.033345452] [basic_navigator]: [167.7s] dist=2.11m amcl=(0.96,-0.25 yaw=-0.48rad) odom=(0.96,-0.25 yaw=-0.48rad) nav=vx:0.000 wz:0.000 cmd=vx:0.000 wz:0.000
[INFO] [1783013545.237598063] [basic_navigator]: [167.9s] dist=2.11m amcl=(0.96,-0.25 yaw=-0.48rad) odom=(0.96,-0.25 yaw=-0.48rad) nav=vx:0.000 wz:0.000 cmd=vx:0.000 wz:0.000
[INFO] [1783013545.446174999] [basic_navigator]: [168.1s] dist=2.11m amcl=(0.96,-0.25 yaw=-0.48rad) odom=(0.96,-0.25 yaw=-0.48rad) nav=vx:0.000 wz:0.000 cmd=vx:0.000 wz:0.000
[INFO] [1783013545.654029768] [basic_navigator]: [168.3s] dist=2.11m amcl=(0.96,-0.25 yaw=-0.48rad) odom=(0.96,-0.25 yaw=-0.48rad) nav=vx:0.000 wz:0.000 cmd=vx:0.000 wz:0.000
[INFO] [1783013545.866425504] [basic_navigator]: [168.5s] dist=2.11m amcl=(0.96,-0.25 yaw=-0.48rad) odom=(0.96,-0.25 yaw=-0.48rad) nav=vx:0.000 wz:0.000 cmd=vx:0.000 wz:0.000
[INFO] [1783013546.069808962] [basic_navigator]: [168.7s] dist=2.11m amcl=(0.96,-0.25 yaw=-0.48rad) odom=(0.96,-0.25 yaw=-0.48rad) nav=vx:0.000 wz:0.000 cmd=vx:0.000 wz:0.000
[INFO] [1783013546.275223566] [basic_navigator]: [168.9s] dist=2.11m amcl=(0.96,-0.25 yaw=-0.48rad) odom=(0.96,-0.25 yaw=-0.48rad) nav=vx:0.000 wz:0.000 cmd=vx:0.000 wz:0.000
[INFO] [1783013546.477504894] [basic_navigator]: [169.1s] dist=2.11m amcl=(0.96,-0.25 yaw=-0.48rad) odom=(0.96,-0.25 yaw=-0.48rad) nav=vx:0.000 wz:0.000 cmd=vx:0.000 wz:0.000
[INFO] [1783013546.680491136] [basic_navigator]: [169.3s] dist=2.11m amcl=(0.96,-0.25 yaw=-0.48rad) odom=(0.96,-0.25 yaw=-0.48rad) nav=vx:0.000 wz:0.000 cmd=vx:0.000 wz:0.000
[INFO] [1783013546.886907916] [basic_navigator]: [169.5s] dist=2.11m amcl=(0.96,-0.25 yaw=-0.48rad) odom=(0.96,-0.25 yaw=-0.48rad) nav=vx:0.000 wz:0.000 cmd=vx:0.000 wz:0.000
[INFO] [1783013547.090607747] [basic_navigator]: [169.7s] dist=2.11m amcl=(0.96,-0.25 yaw=-0.48rad) odom=(0.96,-0.25 yaw=-0.48rad) nav=vx:0.000 wz:0.000 cmd=vx:0.000 wz:0.000
[INFO] [1783013547.297719270] [basic_navigator]: [170.0s] dist=2.11m amcl=(0.96,-0.25 yaw=-0.48rad) odom=(0.96,-0.25 yaw=-0.48rad) nav=vx:0.000 wz:0.000 cmd=vx:0.000 wz:0.000
[INFO] [1783013547.502673811] [basic_navigator]: [170.2s] dist=2.11m amcl=(0.96,-0.25 yaw=-0.48rad) odom=(0.96,-0.25 yaw=-0.48rad) nav=vx:0.000 wz:0.000 cmd=vx:0.000 wz:0.000
[INFO] [1783013547.717640801] [basic_navigator]: [170.4s] dist=2.11m amcl=(0.96,-0.25 yaw=-0.48rad) odom=(0.96,-0.25 yaw=-0.48rad) nav=vx:0.000 wz:0.000 cmd=vx:0.000 wz:0.000
[INFO] [1783013547.925498775] [basic_navigator]: [170.6s] dist=2.11m amcl=(0.96,-0.25 yaw=-0.48rad) odom=(0.96,-0.25 yaw=-0.48rad) nav=vx:0.000 wz:0.000 cmd=vx:0.000 wz:0.000
[INFO] [1783013548.134765873] [basic_navigator]: [170.8s] dist=2.11m amcl=(0.96,-0.25 yaw=-0.48rad) odom=(0.96,-0.25 yaw=-0.48rad) nav=vx:0.000 wz:0.000 cmd=vx:0.000 wz:0.000
[INFO] [1783013548.345097770] [basic_navigator]: [171.0s] dist=2.11m amcl=(0.96,-0.25 yaw=-0.48rad) odom=(0.96,-0.25 yaw=-0.48rad) nav=vx:0.000 wz:0.000 cmd=vx:0.000 wz:0.000
[INFO] [1783013548.550946637] [basic_navigator]: [171.2s] dist=2.11m amcl=(0.96,-0.25 yaw=-0.48rad) odom=(0.96,-0.25 yaw=-0.48rad) nav=vx:0.000 wz:0.000 cmd=vx:0.000 wz:0.000
[INFO] [1783013548.760103144] [basic_navigator]: [171.4s] dist=2.11m amcl=(0.96,-0.25 yaw=-0.48rad) odom=(0.96,-0.25 yaw=-0.48rad) nav=vx:0.000 wz:0.000 cmd=vx:0.000 wz:0.000
[INFO] [1783013548.971095399] [basic_navigator]: [171.6s] dist=2.11m amcl=(0.96,-0.25 yaw=-0.48rad) odom=(0.96,-0.25 yaw=-0.48rad) nav=vx:0.000 wz:0.000 cmd=vx:0.000 wz:0.000
[INFO] [1783013549.174343825] [basic_navigator]: [171.8s] dist=2.11m amcl=(0.96,-0.25 yaw=-0.48rad) odom=(0.96,-0.25 yaw=-0.48rad) nav=vx:0.000 wz:0.000 cmd=vx:0.000 wz:0.000
[INFO] [1783013549.377563377] [basic_navigator]: [172.0s] dist=2.11m amcl=(0.96,-0.25 yaw=-0.48rad) odom=(0.96,-0.25 yaw=-0.48rad) nav=vx:0.000 wz:0.000 cmd=vx:0.000 wz:0.000
[INFO] [1783013549.582198142] [basic_navigator]: [172.2s] dist=2.11m amcl=(0.96,-0.25 yaw=-0.48rad) odom=(0.96,-0.25 yaw=-0.48rad) nav=vx:0.000 wz:0.000 cmd=vx:0.000 wz:0.000
[INFO] [1783013549.791042795] [basic_navigator]: [172.4s] dist=2.11m amcl=(0.96,-0.25 yaw=-0.48rad) odom=(0.96,-0.25 yaw=-0.48rad) nav=vx:0.000 wz:0.000 cmd=vx:0.000 wz:0.000
[INFO] [1783013550.030003527] [basic_navigator]: [172.7s] dist=2.11m amcl=(0.96,-0.25 yaw=-0.48rad) odom=(0.96,-0.25 yaw=-0.48rad) nav=vx:0.000 wz:0.000 cmd=vx:0.000 wz:0.000
[INFO] [1783013550.233489809] [basic_navigator]: [172.9s] dist=2.11m amcl=(0.96,-0.25 yaw=-0.48rad) odom=(0.96,-0.25 yaw=-0.48rad) nav=vx:0.000 wz:0.000 cmd=vx:0.000 wz:0.000
[INFO] [1783013550.440989492] [basic_navigator]: [173.1s] dist=2.11m amcl=(0.96,-0.25 yaw=-0.48rad) odom=(0.96,-0.25 yaw=-0.48rad) nav=vx:0.000 wz:0.000 cmd=vx:0.000 wz:0.000
[INFO] [1783013550.646212496] [basic_navigator]: [173.3s] dist=2.11m amcl=(0.96,-0.25 yaw=-0.48rad) odom=(0.96,-0.25 yaw=-0.48rad) nav=vx:0.000 wz:0.000 cmd=vx:0.000 wz:0.000
[INFO] [1783013550.852611629] [basic_navigator]: [173.5s] dist=2.11m amcl=(0.96,-0.25 yaw=-0.48rad) odom=(0.96,-0.25 yaw=-0.48rad) nav=vx:0.000 wz:0.000 cmd=vx:0.000 wz:0.000
[INFO] [1783013551.058444249] [basic_navigator]: [173.7s] dist=2.11m amcl=(0.96,-0.25 yaw=-0.48rad) odom=(0.96,-0.25 yaw=-0.48rad) nav=vx:0.000 wz:0.000 cmd=vx:0.000 wz:0.000
[INFO] [1783013551.264720985] [basic_navigator]: [173.9s] dist=2.11m amcl=(0.96,-0.25 yaw=-0.48rad) odom=(0.96,-0.25 yaw=-0.48rad) nav=vx:0.000 wz:0.000 cmd=vx:0.000 wz:0.000
[INFO] [1783013551.469644970] [basic_navigator]: [174.1s] dist=2.11m amcl=(0.96,-0.25 yaw=-0.48rad) odom=(0.96,-0.25 yaw=-0.48rad) nav=vx:0.000 wz:0.000 cmd=vx:0.000 wz:0.000
[INFO] [1783013551.674222653] [basic_navigator]: [174.3s] dist=2.11m amcl=(0.96,-0.25 yaw=-0.48rad) odom=(0.96,-0.25 yaw=-0.48rad) nav=vx:0.000 wz:0.000 cmd=vx:0.000 wz:0.000
[INFO] [1783013551.880858271] [basic_navigator]: [174.5s] dist=2.11m amcl=(0.96,-0.25 yaw=-0.48rad) odom=(0.96,-0.25 yaw=-0.48rad) nav=vx:0.000 wz:0.000 cmd=vx:0.000 wz:0.000
[INFO] [1783013552.083940842] [basic_navigator]: [174.7s] dist=2.11m amcl=(0.96,-0.25 yaw=-0.48rad) odom=(0.96,-0.25 yaw=-0.48rad) nav=vx:0.000 wz:0.000 cmd=vx:0.000 wz:0.000
[INFO] [1783013552.296089202] [basic_navigator]: [174.9s] dist=2.11m amcl=(0.96,-0.25 yaw=-0.48rad) odom=(0.96,-0.25 yaw=-0.48rad) nav=vx:0.000 wz:0.000 cmd=vx:0.000 wz:0.000
[INFO] [1783013552.502532767] [basic_navigator]: [175.2s] dist=2.11m amcl=(0.96,-0.25 yaw=-0.48rad) odom=(0.96,-0.25 yaw=-0.48rad) nav=vx:0.000 wz:0.000 cmd=vx:0.000 wz:0.000
[INFO] [1783013552.706271409] [basic_navigator]: [175.4s] dist=2.11m amcl=(0.96,-0.25 yaw=-0.48rad) odom=(0.96,-0.25 yaw=-0.48rad) nav=vx:0.000 wz:0.000 cmd=vx:0.000 wz:0.000
[INFO] [1783013552.909116312] [basic_navigator]: [175.6s] dist=2.11m amcl=(0.96,-0.25 yaw=-0.48rad) odom=(0.96,-0.25 yaw=-0.48rad) nav=vx:0.000 wz:0.000 cmd=vx:0.000 wz:0.000
[INFO] [1783013553.117359423] [basic_navigator]: [175.8s] dist=2.11m amcl=(0.96,-0.25 yaw=-0.48rad) odom=(0.96,-0.25 yaw=-0.48rad) nav=vx:0.000 wz:0.000 cmd=vx:0.000 wz:0.000
[INFO] [1783013553.325817996] [basic_navigator]: [176.0s] dist=2.11m amcl=(0.96,-0.25 yaw=-0.48rad) odom=(0.96,-0.25 yaw=-0.48rad) nav=vx:0.000 wz:0.000 cmd=vx:0.000 wz:0.000
[INFO] [1783013553.529371472] [basic_navigator]: [176.2s] dist=2.11m amcl=(0.96,-0.25 yaw=-0.48rad) odom=(0.96,-0.25 yaw=-0.48rad) nav=vx:0.000 wz:0.000 cmd=vx:0.000 wz:0.000
[INFO] [1783013553.738240029] [basic_navigator]: [176.4s] dist=2.11m amcl=(0.96,-0.25 yaw=-0.48rad) odom=(0.96,-0.25 yaw=-0.48rad) nav=vx:0.000 wz:0.000 cmd=vx:0.000 wz:0.000
[INFO] [1783013553.944056961] [basic_navigator]: [176.6s] dist=2.11m amcl=(0.96,-0.25 yaw=-0.48rad) odom=(0.96,-0.25 yaw=-0.48rad) nav=vx:0.000 wz:0.000 cmd=vx:0.000 wz:0.000
[INFO] [1783013554.146737555] [basic_navigator]: [176.8s] dist=2.11m amcl=(0.96,-0.25 yaw=-0.48rad) odom=(0.96,-0.25 yaw=-0.48rad) nav=vx:0.000 wz:0.000 cmd=vx:0.000 wz:0.000
[INFO] [1783013554.351894439] [basic_navigator]: [177.0s] dist=2.11m amcl=(0.96,-0.25 yaw=-0.48rad) odom=(0.96,-0.25 yaw=-0.48rad) nav=vx:0.000 wz:0.000 cmd=vx:0.000 wz:0.000
[INFO] [1783013554.555662564] [basic_navigator]: [177.2s] dist=2.11m amcl=(0.96,-0.25 yaw=-0.48rad) odom=(0.96,-0.25 yaw=-0.48rad) nav=vx:0.000 wz:0.000 cmd=vx:0.000 wz:0.000
[INFO] [1783013554.758966978] [basic_navigator]: [177.4s] dist=2.11m amcl=(0.96,-0.25 yaw=-0.48rad) odom=(0.96,-0.25 yaw=-0.48rad) nav=vx:0.000 wz:0.000 cmd=vx:0.000 wz:0.000
[INFO] [1783013554.963887539] [basic_navigator]: [177.6s] dist=2.11m amcl=(0.96,-0.25 yaw=-0.48rad) odom=(0.96,-0.25 yaw=-0.48rad) nav=vx:0.000 wz:0.000 cmd=vx:0.000 wz:0.000
[INFO] [1783013555.166445474] [basic_navigator]: [177.8s] dist=2.11m amcl=(0.96,-0.25 yaw=-0.48rad) odom=(0.96,-0.25 yaw=-0.48rad) nav=vx:0.000 wz:0.000 cmd=vx:0.000 wz:0.000
[INFO] [1783013555.370074044] [basic_navigator]: [178.0s] dist=2.11m amcl=(0.96,-0.25 yaw=-0.48rad) odom=(0.96,-0.25 yaw=-0.48rad) nav=vx:0.000 wz:0.000 cmd=vx:0.000 wz:0.000
[INFO] [1783013555.574579068] [basic_navigator]: [178.2s] dist=2.11m amcl=(0.96,-0.25 yaw=-0.48rad) odom=(0.96,-0.25 yaw=-0.48rad) nav=vx:0.000 wz:0.000 cmd=vx:0.000 wz:0.000
[INFO] [1783013555.785367249] [basic_navigator]: [178.4s] dist=2.11m amcl=(0.96,-0.25 yaw=-0.48rad) odom=(0.96,-0.25 yaw=-0.48rad) nav=vx:0.000 wz:0.000 cmd=vx:0.000 wz:0.000
[INFO] [1783013555.992461498] [basic_navigator]: [178.6s] dist=2.11m amcl=(0.96,-0.25 yaw=-0.48rad) odom=(0.96,-0.25 yaw=-0.48rad) nav=vx:0.000 wz:0.000 cmd=vx:0.000 wz:0.000
[INFO] [1783013556.200660257] [basic_navigator]: [178.8s] dist=2.11m amcl=(0.96,-0.25 yaw=-0.48rad) odom=(0.96,-0.25 yaw=-0.48rad) nav=vx:0.000 wz:0.000 cmd=vx:0.000 wz:0.000
[INFO] [1783013556.404581176] [basic_navigator]: [179.1s] dist=2.11m amcl=(0.96,-0.25 yaw=-0.48rad) odom=(0.96,-0.25 yaw=-0.48rad) nav=vx:0.000 wz:0.000 cmd=vx:0.000 wz:0.000
[INFO] [1783013556.608598505] [basic_navigator]: [179.3s] dist=2.11m amcl=(0.96,-0.25 yaw=-0.48rad) odom=(0.96,-0.25 yaw=-0.48rad) nav=vx:0.000 wz:0.000 cmd=vx:0.000 wz:0.000
[INFO] [1783013556.813141792] [basic_navigator]: [179.5s] dist=2.11m amcl=(0.96,-0.25 yaw=-0.48rad) odom=(0.96,-0.25 yaw=-0.48rad) nav=vx:0.000 wz:0.000 cmd=vx:0.000 wz:0.000
[INFO] [1783013557.015989880] [basic_navigator]: [179.7s] dist=2.11m amcl=(0.96,-0.25 yaw=-0.48rad) odom=(0.96,-0.25 yaw=-0.48rad) nav=vx:0.000 wz:0.000 cmd=vx:0.000 wz:0.000
[INFO] [1783013557.224355535] [basic_navigator]: [179.9s] dist=2.11m amcl=(0.96,-0.25 yaw=-0.48rad) odom=(0.96,-0.25 yaw=-0.48rad) nav=vx:0.000 wz:0.000 cmd=vx:0.000 wz:0.000
[INFO] [1783013557.435850644] [basic_navigator]: [180.1s] dist=2.11m amcl=(0.96,-0.25 yaw=-0.48rad) odom=(0.96,-0.25 yaw=-0.48rad) nav=vx:0.000 wz:0.000 cmd=vx:0.000 wz:0.000
[INFO] [1783013557.643459477] [basic_navigator]: [180.3s] dist=2.11m amcl=(0.96,-0.25 yaw=-0.48rad) odom=(0.96,-0.25 yaw=-0.48rad) nav=vx:0.000 wz:0.000 cmd=vx:0.000 wz:0.000
[INFO] [1783013557.845760000] [basic_navigator]: [180.5s] dist=2.11m amcl=(0.96,-0.25 yaw=-0.48rad) odom=(0.96,-0.25 yaw=-0.48rad) nav=vx:0.000 wz:0.000 cmd=vx:0.000 wz:0.000
[INFO] [1783013558.050417578] [basic_navigator]: [180.7s] dist=2.11m amcl=(0.96,-0.25 yaw=-0.48rad) odom=(0.96,-0.25 yaw=-0.48rad) nav=vx:0.000 wz:0.000 cmd=vx:0.000 wz:0.000
[INFO] [1783013558.255762062] [basic_navigator]: [180.9s] dist=2.11m amcl=(0.96,-0.25 yaw=-0.48rad) odom=(0.96,-0.25 yaw=-0.48rad) nav=vx:0.000 wz:0.000 cmd=vx:0.000 wz:0.000
[INFO] [1783013558.459664733] [basic_navigator]: [181.1s] dist=2.11m amcl=(0.96,-0.25 yaw=-0.48rad) odom=(0.96,-0.25 yaw=-0.48rad) nav=vx:0.000 wz:0.000 cmd=vx:0.000 wz:0.000
[INFO] [1783013558.663921253] [basic_navigator]: [181.3s] dist=2.11m amcl=(0.96,-0.25 yaw=-0.48rad) odom=(0.96,-0.25 yaw=-0.48rad) nav=vx:0.000 wz:0.000 cmd=vx:0.000 wz:0.000
[INFO] [1783013558.865967496] [basic_navigator]: [181.5s] dist=2.11m amcl=(0.96,-0.25 yaw=-0.48rad) odom=(0.96,-0.25 yaw=-0.48rad) nav=vx:0.000 wz:0.000 cmd=vx:0.000 wz:0.000
[INFO] [1783013559.072531850] [basic_navigator]: [181.7s] dist=2.11m amcl=(0.96,-0.25 yaw=-0.48rad) odom=(0.96,-0.25 yaw=-0.48rad) nav=vx:0.000 wz:0.000 cmd=vx:0.000 wz:0.000
[INFO] [1783013559.275825258] [basic_navigator]: [181.9s] dist=2.11m amcl=(0.96,-0.25 yaw=-0.48rad) odom=(0.96,-0.25 yaw=-0.48rad) nav=vx:0.000 wz:0.000 cmd=vx:0.000 wz:0.000
[INFO] [1783013559.478448432] [basic_navigator]: [182.1s] dist=2.11m amcl=(0.96,-0.25 yaw=-0.48rad) odom=(0.96,-0.25 yaw=-0.48rad) nav=vx:0.000 wz:0.000 cmd=vx:0.000 wz:0.000
[INFO] [1783013559.682747121] [basic_navigator]: [182.3s] dist=2.11m amcl=(0.96,-0.25 yaw=-0.48rad) odom=(0.96,-0.25 yaw=-0.48rad) nav=vx:0.000 wz:0.000 cmd=vx:0.000 wz:0.000
[INFO] [1783013559.887167535] [basic_navigator]: [182.5s] dist=2.11m amcl=(0.96,-0.25 yaw=-0.48rad) odom=(0.96,-0.25 yaw=-0.48rad) nav=vx:0.000 wz:0.000 cmd=vx:0.000 wz:0.000
[INFO] [1783013560.090199000] [basic_navigator]: [182.7s] dist=2.11m amcl=(0.96,-0.25 yaw=-0.48rad) odom=(0.96,-0.25 yaw=-0.48rad) nav=vx:0.000 wz:0.000 cmd=vx:0.000 wz:0.000
[INFO] [1783013560.303099335] [basic_navigator]: [182.9s] dist=2.11m amcl=(0.96,-0.25 yaw=-0.48rad) odom=(0.96,-0.25 yaw=-0.48rad) nav=vx:0.000 wz:0.000 cmd=vx:0.000 wz:0.000
[INFO] [1783013560.505788951] [basic_navigator]: [183.2s] dist=2.11m amcl=(0.96,-0.25 yaw=-0.48rad) odom=(0.96,-0.25 yaw=-0.48rad) nav=vx:0.000 wz:0.000 cmd=vx:0.000 wz:0.000
[INFO] [1783013560.718232783] [basic_navigator]: [183.4s] dist=2.11m amcl=(0.96,-0.25 yaw=-0.48rad) odom=(0.96,-0.25 yaw=-0.48rad) nav=vx:0.000 wz:0.000 cmd=vx:0.000 wz:0.000
[INFO] [1783013560.923349004] [basic_navigator]: [183.6s] dist=2.11m amcl=(0.96,-0.25 yaw=-0.48rad) odom=(0.96,-0.25 yaw=-0.48rad) nav=vx:0.000 wz:0.000 cmd=vx:0.000 wz:0.000
[INFO] [1783013561.133530584] [basic_navigator]: [183.8s] dist=2.11m amcl=(0.96,-0.25 yaw=-0.48rad) odom=(0.96,-0.25 yaw=-0.48rad) nav=vx:0.000 wz:0.000 cmd=vx:0.000 wz:0.000
[INFO] [1783013561.339961297] [basic_navigator]: [184.0s] dist=2.11m amcl=(0.96,-0.25 yaw=-0.48rad) odom=(0.96,-0.25 yaw=-0.48rad) nav=vx:0.000 wz:0.000 cmd=vx:0.000 wz:0.000
[INFO] [1783013561.550048484] [basic_navigator]: [184.2s] dist=2.11m amcl=(0.96,-0.25 yaw=-0.48rad) odom=(0.96,-0.25 yaw=-0.48rad) nav=vx:0.000 wz:0.000 cmd=vx:0.000 wz:0.000
[INFO] [1783013561.755340600] [basic_navigator]: [184.4s] dist=2.11m amcl=(0.96,-0.25 yaw=-0.48rad) odom=(0.96,-0.25 yaw=-0.48rad) nav=vx:0.000 wz:0.000 cmd=vx:0.000 wz:0.000
[INFO] [1783013561.959960229] [basic_navigator]: [184.6s] dist=2.11m amcl=(0.96,-0.25 yaw=-0.48rad) odom=(0.96,-0.25 yaw=-0.48rad) nav=vx:0.000 wz:0.000 cmd=vx:0.000 wz:0.000
[INFO] [1783013562.166997239] [basic_navigator]: [184.8s] dist=2.11m amcl=(0.96,-0.25 yaw=-0.48rad) odom=(0.96,-0.25 yaw=-0.48rad) nav=vx:0.000 wz:0.000 cmd=vx:0.000 wz:0.000
[INFO] [1783013562.372337662] [basic_navigator]: [185.0s] dist=2.11m amcl=(0.96,-0.25 yaw=-0.48rad) odom=(0.96,-0.25 yaw=-0.48rad) nav=vx:0.000 wz:0.000 cmd=vx:0.000 wz:0.000
[INFO] [1783013562.581122267] [basic_navigator]: [185.2s] dist=2.11m amcl=(0.96,-0.25 yaw=-0.48rad) odom=(0.96,-0.25 yaw=-0.48rad) nav=vx:0.000 wz:0.000 cmd=vx:0.000 wz:0.000
[INFO] [1783013562.785543823] [basic_navigator]: [185.4s] dist=2.11m amcl=(0.96,-0.25 yaw=-0.48rad) odom=(0.96,-0.25 yaw=-0.48rad) nav=vx:0.000 wz:0.000 cmd=vx:0.000 wz:0.000
[INFO] [1783013562.988722188] [basic_navigator]: [185.6s] dist=2.11m amcl=(0.96,-0.25 yaw=-0.48rad) odom=(0.96,-0.25 yaw=-0.48rad) nav=vx:0.000 wz:0.000 cmd=vx:0.000 wz:0.000
[INFO] [1783013563.194376137] [basic_navigator]: [185.8s] dist=2.11m amcl=(0.96,-0.25 yaw=-0.48rad) odom=(0.96,-0.25 yaw=-0.48rad) nav=vx:0.000 wz:0.000 cmd=vx:0.000 wz:0.000
[INFO] [1783013563.399897744] [basic_navigator]: [186.1s] dist=2.11m amcl=(0.96,-0.25 yaw=-0.48rad) odom=(0.96,-0.25 yaw=-0.48rad) nav=vx:0.000 wz:0.000 cmd=vx:0.000 wz:0.000
[INFO] [1783013563.615893639] [basic_navigator]: [186.3s] dist=2.11m amcl=(0.96,-0.25 yaw=-0.48rad) odom=(0.96,-0.25 yaw=-0.48rad) nav=vx:0.000 wz:0.000 cmd=vx:0.000 wz:0.000
[INFO] [1783013563.820138189] [basic_navigator]: [186.5s] dist=2.11m amcl=(0.96,-0.25 yaw=-0.48rad) odom=(0.96,-0.25 yaw=-0.48rad) nav=vx:0.000 wz:0.000 cmd=vx:0.000 wz:0.000
[INFO] [1783013564.026820165] [basic_navigator]: [186.7s] dist=2.11m amcl=(0.96,-0.25 yaw=-0.48rad) odom=(0.96,-0.25 yaw=-0.48rad) nav=vx:0.000 wz:0.000 cmd=vx:0.000 wz:0.000
[INFO] [1783013564.231201762] [basic_navigator]: [186.9s] dist=2.11m amcl=(0.96,-0.25 yaw=-0.48rad) odom=(0.96,-0.25 yaw=-0.48rad) nav=vx:0.000 wz:0.000 cmd=vx:0.000 wz:0.000
[INFO] [1783013564.433698418] [basic_navigator]: [187.1s] dist=2.11m amcl=(0.96,-0.25 yaw=-0.48rad) odom=(0.96,-0.25 yaw=-0.48rad) nav=vx:0.000 wz:0.000 cmd=vx:0.000 wz:0.000
[INFO] [1783013564.639593834] [basic_navigator]: [187.3s] dist=2.11m amcl=(0.96,-0.25 yaw=-0.48rad) odom=(0.96,-0.25 yaw=-0.48rad) nav=vx:0.000 wz:0.000 cmd=vx:0.000 wz:0.000
[INFO] [1783013564.843045182] [basic_navigator]: [187.5s] dist=2.11m amcl=(0.96,-0.25 yaw=-0.48rad) odom=(0.96,-0.25 yaw=-0.48rad) nav=vx:0.000 wz:0.000 cmd=vx:0.000 wz:0.000
[INFO] [1783013565.049064769] [basic_navigator]: [187.7s] dist=2.11m amcl=(0.96,-0.25 yaw=-0.48rad) odom=(0.96,-0.25 yaw=-0.48rad) nav=vx:0.000 wz:0.000 cmd=vx:0.000 wz:0.000
[INFO] [1783013565.252911925] [basic_navigator]: [187.9s] dist=2.11m amcl=(0.96,-0.25 yaw=-0.48rad) odom=(0.96,-0.25 yaw=-0.48rad) nav=vx:0.000 wz:0.000 cmd=vx:0.000 wz:0.000
[INFO] [1783013565.457455413] [basic_navigator]: [188.1s] dist=2.11m amcl=(0.96,-0.25 yaw=-0.48rad) odom=(0.96,-0.25 yaw=-0.48rad) nav=vx:0.000 wz:0.000 cmd=vx:0.000 wz:0.000
[INFO] [1783013565.660940134] [basic_navigator]: [188.3s] dist=2.11m amcl=(0.96,-0.25 yaw=-0.48rad) odom=(0.96,-0.25 yaw=-0.48rad) nav=vx:0.000 wz:0.000 cmd=vx:0.000 wz:0.000
[INFO] [1783013565.869146057] [basic_navigator]: [188.5s] dist=2.11m amcl=(0.96,-0.25 yaw=-0.48rad) odom=(0.96,-0.25 yaw=-0.48rad) nav=vx:0.000 wz:0.000 cmd=vx:0.000 wz:0.000
[INFO] [1783013566.073606547] [basic_navigator]: [188.7s] dist=2.11m amcl=(0.96,-0.25 yaw=-0.48rad) odom=(0.96,-0.25 yaw=-0.48rad) nav=vx:0.000 wz:0.000 cmd=vx:0.000 wz:0.000
[INFO] [1783013566.281760456] [basic_navigator]: [188.9s] dist=2.11m amcl=(0.96,-0.25 yaw=-0.48rad) odom=(0.96,-0.25 yaw=-0.48rad) nav=vx:0.000 wz:0.000 cmd=vx:0.000 wz:0.000
[INFO] [1783013566.485530793] [basic_navigator]: [189.1s] dist=2.11m amcl=(0.96,-0.25 yaw=-0.48rad) odom=(0.96,-0.25 yaw=-0.48rad) nav=vx:0.000 wz:0.000 cmd=vx:0.000 wz:0.000
[INFO] [1783013566.694880740] [basic_navigator]: [189.3s] dist=2.11m amcl=(0.96,-0.25 yaw=-0.48rad) odom=(0.96,-0.25 yaw=-0.48rad) nav=vx:0.000 wz:0.000 cmd=vx:0.000 wz:0.000
[INFO] [1783013566.900321792] [basic_navigator]: [189.6s] dist=2.11m amcl=(0.96,-0.25 yaw=-0.48rad) odom=(0.96,-0.25 yaw=-0.48rad) nav=vx:0.000 wz:0.000 cmd=vx:0.000 wz:0.000
[INFO] [1783013567.103447257] [basic_navigator]: [189.8s] dist=2.11m amcl=(0.96,-0.25 yaw=-0.48rad) odom=(0.96,-0.25 yaw=-0.48rad) nav=vx:0.000 wz:0.000 cmd=vx:0.000 wz:0.000
[INFO] [1783013567.307833137] [basic_navigator]: [190.0s] dist=2.11m amcl=(0.96,-0.25 yaw=-0.48rad) odom=(0.96,-0.25 yaw=-0.48rad) nav=vx:0.000 wz:0.000 cmd=vx:0.000 wz:0.000
[INFO] [1783013567.510861401] [basic_navigator]: [190.2s] dist=2.11m amcl=(0.96,-0.25 yaw=-0.48rad) odom=(0.96,-0.25 yaw=-0.48rad) nav=vx:0.000 wz:0.000 cmd=vx:0.000 wz:0.000
[INFO] [1783013567.714176524] [basic_navigator]: [190.4s] dist=2.11m amcl=(0.96,-0.25 yaw=-0.48rad) odom=(0.96,-0.25 yaw=-0.48rad) nav=vx:0.000 wz:0.000 cmd=vx:0.000 wz:0.000
[INFO] [1783013567.919877563] [basic_navigator]: [190.6s] dist=2.11m amcl=(0.96,-0.25 yaw=-0.48rad) odom=(0.96,-0.25 yaw=-0.48rad) nav=vx:0.000 wz:0.000 cmd=vx:0.000 wz:0.000
[INFO] [1783013568.123481091] [basic_navigator]: [190.8s] dist=2.11m amcl=(0.96,-0.25 yaw=-0.48rad) odom=(0.96,-0.25 yaw=-0.48rad) nav=vx:0.000 wz:0.000 cmd=vx:0.000 wz:0.000
[INFO] [1783013568.326939566] [basic_navigator]: [191.0s] dist=2.11m amcl=(0.96,-0.25 yaw=-0.48rad) odom=(0.96,-0.25 yaw=-0.48rad) nav=vx:0.000 wz:0.000 cmd=vx:0.000 wz:0.000
[INFO] [1783013568.534774268] [basic_navigator]: [191.2s] dist=2.11m amcl=(0.96,-0.25 yaw=-0.48rad) odom=(0.96,-0.25 yaw=-0.48rad) nav=vx:0.000 wz:0.000 cmd=vx:0.000 wz:0.000
[INFO] [1783013568.742252882] [basic_navigator]: [191.4s] dist=2.11m amcl=(0.96,-0.25 yaw=-0.48rad) odom=(0.96,-0.25 yaw=-0.48rad) nav=vx:0.000 wz:0.000 cmd=vx:0.000 wz:0.000
[INFO] [1783013568.945907470] [basic_navigator]: [191.6s] dist=2.11m amcl=(0.96,-0.25 yaw=-0.48rad) odom=(0.96,-0.25 yaw=-0.48rad) nav=vx:0.000 wz:0.000 cmd=vx:0.000 wz:0.000
[INFO] [1783013569.148674191] [basic_navigator]: [191.8s] dist=2.11m amcl=(0.96,-0.25 yaw=-0.48rad) odom=(0.96,-0.25 yaw=-0.48rad) nav=vx:0.000 wz:0.000 cmd=vx:0.000 wz:0.000
[INFO] [1783013569.351868094] [basic_navigator]: [192.0s] dist=2.11m amcl=(0.96,-0.25 yaw=-0.48rad) odom=(0.96,-0.25 yaw=-0.48rad) nav=vx:0.000 wz:0.000 cmd=vx:0.000 wz:0.000
[INFO] [1783013569.555120089] [basic_navigator]: [192.2s] dist=2.11m amcl=(0.96,-0.25 yaw=-0.48rad) odom=(0.96,-0.25 yaw=-0.48rad) nav=vx:0.000 wz:0.000 cmd=vx:0.000 wz:0.000
[INFO] [1783013569.759251811] [basic_navigator]: [192.4s] dist=2.11m amcl=(0.96,-0.25 yaw=-0.48rad) odom=(0.96,-0.25 yaw=-0.48rad) nav=vx:0.000 wz:0.000 cmd=vx:0.000 wz:0.000
[INFO] [1783013569.962689276] [basic_navigator]: [192.6s] dist=2.11m amcl=(0.96,-0.25 yaw=-0.48rad) odom=(0.96,-0.25 yaw=-0.48rad) nav=vx:0.000 wz:0.000 cmd=vx:0.000 wz:0.000
[INFO] [1783013570.167111144] [basic_navigator]: [192.8s] dist=2.11m amcl=(0.96,-0.25 yaw=-0.48rad) odom=(0.96,-0.25 yaw=-0.48rad) nav=vx:0.000 wz:0.000 cmd=vx:0.000 wz:0.000
[INFO] [1783013570.371588811] [basic_navigator]: [193.0s] dist=2.11m amcl=(0.96,-0.25 yaw=-0.48rad) odom=(0.96,-0.25 yaw=-0.48rad) nav=vx:0.000 wz:0.000 cmd=vx:0.000 wz:0.000
[INFO] [1783013570.574901018] [basic_navigator]: [193.2s] dist=2.11m amcl=(0.96,-0.25 yaw=-0.48rad) odom=(0.96,-0.25 yaw=-0.48rad) nav=vx:0.000 wz:0.000 cmd=vx:0.000 wz:0.000
[INFO] [1783013570.781440458] [basic_navigator]: [193.4s] dist=2.11m amcl=(0.96,-0.25 yaw=-0.48rad) odom=(0.96,-0.25 yaw=-0.48rad) nav=vx:0.000 wz:0.000 cmd=vx:0.000 wz:0.000
[INFO] [1783013570.984434573] [basic_navigator]: [193.6s] dist=2.11m amcl=(0.96,-0.25 yaw=-0.48rad) odom=(0.96,-0.25 yaw=-0.48rad) nav=vx:0.000 wz:0.000 cmd=vx:0.000 wz:0.000
[INFO] [1783013571.190089118] [basic_navigator]: [193.8s] dist=2.11m amcl=(0.96,-0.25 yaw=-0.48rad) odom=(0.96,-0.25 yaw=-0.48rad) nav=vx:0.000 wz:0.000 cmd=vx:0.000 wz:0.000
[INFO] [1783013571.393229775] [basic_navigator]: [194.0s] dist=2.11m amcl=(0.96,-0.25 yaw=-0.48rad) odom=(0.96,-0.25 yaw=-0.48rad) nav=vx:0.000 wz:0.000 cmd=vx:0.000 wz:0.000
[INFO] [1783013571.596996497] [basic_navigator]: [194.3s] dist=2.11m amcl=(0.96,-0.25 yaw=-0.48rad) odom=(0.96,-0.25 yaw=-0.48rad) nav=vx:0.000 wz:0.000 cmd=vx:0.000 wz:0.000
[INFO] [1783013571.802109731] [basic_navigator]: [194.5s] dist=2.11m amcl=(0.96,-0.25 yaw=-0.48rad) odom=(0.96,-0.25 yaw=-0.48rad) nav=vx:0.000 wz:0.000 cmd=vx:0.000 wz:0.000
[INFO] [1783013572.007990275] [basic_navigator]: [194.7s] dist=2.11m amcl=(0.96,-0.25 yaw=-0.48rad) odom=(0.96,-0.25 yaw=-0.48rad) nav=vx:0.000 wz:0.000 cmd=vx:0.000 wz:0.000
[INFO] [1783013572.220079443] [basic_navigator]: [194.9s] dist=2.11m amcl=(0.96,-0.25 yaw=-0.48rad) odom=(0.96,-0.25 yaw=-0.48rad) nav=vx:0.000 wz:0.000 cmd=vx:0.000 wz:0.000
[INFO] [1783013572.423339180] [basic_navigator]: [195.1s] dist=2.11m amcl=(0.96,-0.25 yaw=-0.48rad) odom=(0.96,-0.25 yaw=-0.48rad) nav=vx:0.000 wz:0.000 cmd=vx:0.000 wz:0.000
[INFO] [1783013572.626887697] [basic_navigator]: [195.3s] dist=2.11m amcl=(0.96,-0.25 yaw=-0.48rad) odom=(0.96,-0.25 yaw=-0.48rad) nav=vx:0.000 wz:0.000 cmd=vx:0.000 wz:0.000
[INFO] [1783013572.830847399] [basic_navigator]: [195.5s] dist=2.11m amcl=(0.96,-0.25 yaw=-0.48rad) odom=(0.96,-0.25 yaw=-0.48rad) nav=vx:0.000 wz:0.000 cmd=vx:0.000 wz:0.000
[INFO] [1783013573.038259735] [basic_navigator]: [195.7s] dist=2.11m amcl=(0.96,-0.25 yaw=-0.48rad) odom=(0.96,-0.25 yaw=-0.48rad) nav=vx:0.000 wz:0.000 cmd=vx:0.000 wz:0.000
[INFO] [1783013573.245021702] [basic_navigator]: [195.9s] dist=2.11m amcl=(0.96,-0.25 yaw=-0.48rad) odom=(0.96,-0.25 yaw=-0.48rad) nav=vx:0.000 wz:0.000 cmd=vx:0.000 wz:0.000
[INFO] [1783013573.450322586] [basic_navigator]: [196.1s] dist=2.11m amcl=(0.96,-0.25 yaw=-0.48rad) odom=(0.96,-0.25 yaw=-0.48rad) nav=vx:0.000 wz:0.000 cmd=vx:0.000 wz:0.000
[INFO] [1783013573.659130928] [basic_navigator]: [196.3s] dist=2.11m amcl=(0.96,-0.25 yaw=-0.48rad) odom=(0.96,-0.25 yaw=-0.48rad) nav=vx:0.000 wz:0.000 cmd=vx:0.000 wz:0.000
[INFO] [1783013573.861815497] [basic_navigator]: [196.5s] dist=2.11m amcl=(0.96,-0.25 yaw=-0.48rad) odom=(0.96,-0.25 yaw=-0.48rad) nav=vx:0.000 wz:0.000 cmd=vx:0.000 wz:0.000
[INFO] [1783013574.066554175] [basic_navigator]: [196.7s] dist=2.11m amcl=(0.96,-0.25 yaw=-0.48rad) odom=(0.96,-0.25 yaw=-0.48rad) nav=vx:0.000 wz:0.000 cmd=vx:0.000 wz:0.000
[INFO] [1783013574.268391736] [basic_navigator]: [196.9s] dist=2.11m amcl=(0.96,-0.25 yaw=-0.48rad) odom=(0.96,-0.25 yaw=-0.48rad) nav=vx:0.000 wz:0.000 cmd=vx:0.000 wz:0.000
[INFO] [1783013574.471139310] [basic_navigator]: [197.1s] dist=2.11m amcl=(0.96,-0.25 yaw=-0.48rad) odom=(0.96,-0.25 yaw=-0.48rad) nav=vx:0.000 wz:0.000 cmd=vx:0.000 wz:0.000
[INFO] [1783013574.674750105] [basic_navigator]: [197.3s] dist=2.11m amcl=(0.96,-0.25 yaw=-0.48rad) odom=(0.96,-0.25 yaw=-0.48rad) nav=vx:0.000 wz:0.000 cmd=vx:0.000 wz:0.000
[INFO] [1783013574.878103457] [basic_navigator]: [197.5s] dist=2.11m amcl=(0.96,-0.25 yaw=-0.48rad) odom=(0.96,-0.25 yaw=-0.48rad) nav=vx:0.000 wz:0.000 cmd=vx:0.000 wz:0.000
[INFO] [1783013575.080529857] [basic_navigator]: [197.7s] dist=2.11m amcl=(0.96,-0.25 yaw=-0.48rad) odom=(0.96,-0.25 yaw=-0.48rad) nav=vx:0.000 wz:0.000 cmd=vx:0.000 wz:0.000
[INFO] [1783013575.288003335] [basic_navigator]: [197.9s] dist=2.11m amcl=(0.96,-0.25 yaw=-0.48rad) odom=(0.96,-0.25 yaw=-0.48rad) nav=vx:0.000 wz:0.000 cmd=vx:0.000 wz:0.000
[INFO] [1783013575.491242329] [basic_navigator]: [198.1s] dist=2.11m amcl=(0.96,-0.25 yaw=-0.48rad) odom=(0.96,-0.25 yaw=-0.48rad) nav=vx:0.000 wz:0.000 cmd=vx:0.000 wz:0.000
[INFO] [1783013575.694464513] [basic_navigator]: [198.3s] dist=2.11m amcl=(0.96,-0.25 yaw=-0.48rad) odom=(0.96,-0.25 yaw=-0.48rad) nav=vx:0.000 wz:0.000 cmd=vx:0.000 wz:0.000
[INFO] [1783013575.898302653] [basic_navigator]: [198.6s] dist=2.11m amcl=(0.96,-0.25 yaw=-0.48rad) odom=(0.96,-0.25 yaw=-0.48rad) nav=vx:0.000 wz:0.000 cmd=vx:0.000 wz:0.000
[INFO] [1783013576.100758573] [basic_navigator]: [198.8s] dist=2.11m amcl=(0.96,-0.25 yaw=-0.48rad) odom=(0.96,-0.25 yaw=-0.48rad) nav=vx:0.000 wz:0.000 cmd=vx:0.000 wz:0.000
[INFO] [1783013576.309089155] [basic_navigator]: [199.0s] dist=2.11m amcl=(0.96,-0.25 yaw=-0.48rad) odom=(0.96,-0.25 yaw=-0.48rad) nav=vx:0.000 wz:0.000 cmd=vx:0.000 wz:0.000
[INFO] [1783013576.514669573] [basic_navigator]: [199.2s] dist=2.11m amcl=(0.96,-0.25 yaw=-0.48rad) odom=(0.96,-0.25 yaw=-0.48rad) nav=vx:0.000 wz:0.000 cmd=vx:0.000 wz:0.000
[INFO] [1783013576.719445623] [basic_navigator]: [199.4s] dist=2.11m amcl=(0.96,-0.25 yaw=-0.48rad) odom=(0.96,-0.25 yaw=-0.48rad) nav=vx:0.000 wz:0.000 cmd=vx:0.000 wz:0.000
[INFO] [1783013576.921936900] [basic_navigator]: [199.6s] dist=2.11m amcl=(0.96,-0.25 yaw=-0.48rad) odom=(0.96,-0.25 yaw=-0.48rad) nav=vx:0.000 wz:0.000 cmd=vx:0.000 wz:0.000
[INFO] [1783013577.125738815] [basic_navigator]: [199.8s] dist=2.11m amcl=(0.96,-0.25 yaw=-0.48rad) odom=(0.96,-0.25 yaw=-0.48rad) nav=vx:0.000 wz:0.000 cmd=vx:0.000 wz:0.000
[INFO] [1783013577.331018749] [basic_navigator]: [200.0s] dist=2.11m amcl=(0.96,-0.25 yaw=-0.48rad) odom=(0.96,-0.25 yaw=-0.48rad) nav=vx:0.000 wz:0.000 cmd=vx:0.000 wz:0.000
[INFO] [1783013577.533304539] [basic_navigator]: [200.2s] dist=2.11m amcl=(0.96,-0.25 yaw=-0.48rad) odom=(0.96,-0.25 yaw=-0.48rad) nav=vx:0.000 wz:0.000 cmd=vx:0.000 wz:0.000
[INFO] [1783013577.736767665] [basic_navigator]: [200.4s] dist=2.11m amcl=(0.96,-0.25 yaw=-0.48rad) odom=(0.96,-0.25 yaw=-0.48rad) nav=vx:0.000 wz:0.000 cmd=vx:0.000 wz:0.000
[INFO] [1783013577.942049160] [basic_navigator]: [200.6s] dist=2.11m amcl=(0.96,-0.25 yaw=-0.48rad) odom=(0.96,-0.25 yaw=-0.48rad) nav=vx:0.000 wz:0.000 cmd=vx:0.000 wz:0.000
[INFO] [1783013578.145191638] [basic_navigator]: [200.8s] dist=2.11m amcl=(0.96,-0.25 yaw=-0.48rad) odom=(0.96,-0.25 yaw=-0.48rad) nav=vx:0.000 wz:0.000 cmd=vx:0.000 wz:0.000
[INFO] [1783013578.348026713] [basic_navigator]: [201.0s] dist=2.11m amcl=(0.96,-0.25 yaw=-0.48rad) odom=(0.96,-0.25 yaw=-0.48rad) nav=vx:0.000 wz:0.000 cmd=vx:0.000 wz:0.000
[INFO] [1783013578.550933465] [basic_navigator]: [201.2s] dist=2.11m amcl=(0.96,-0.25 yaw=-0.48rad) odom=(0.96,-0.25 yaw=-0.48rad) nav=vx:0.000 wz:0.000 cmd=vx:0.000 wz:0.000
[INFO] [1783013578.754072064] [basic_navigator]: [201.4s] dist=2.11m amcl=(0.96,-0.25 yaw=-0.48rad) odom=(0.96,-0.25 yaw=-0.48rad) nav=vx:0.000 wz:0.000 cmd=vx:0.000 wz:0.000
[INFO] [1783013578.961504569] [basic_navigator]: [201.6s] dist=2.11m amcl=(0.96,-0.25 yaw=-0.48rad) odom=(0.96,-0.25 yaw=-0.48rad) nav=vx:0.000 wz:0.000 cmd=vx:0.000 wz:0.000
[INFO] [1783013579.168702224] [basic_navigator]: [201.8s] dist=2.11m amcl=(0.96,-0.25 yaw=-0.48rad) odom=(0.96,-0.25 yaw=-0.48rad) nav=vx:0.000 wz:0.000 cmd=vx:0.000 wz:0.000
[INFO] [1783013579.372345791] [basic_navigator]: [202.0s] dist=2.11m amcl=(0.96,-0.25 yaw=-0.48rad) odom=(0.96,-0.25 yaw=-0.48rad) nav=vx:0.000 wz:0.000 cmd=vx:0.000 wz:0.000
[INFO] [1783013579.576521591] [basic_navigator]: [202.2s] dist=2.11m amcl=(0.96,-0.25 yaw=-0.48rad) odom=(0.96,-0.25 yaw=-0.48rad) nav=vx:0.000 wz:0.000 cmd=vx:0.000 wz:0.000
[INFO] [1783013579.782124731] [basic_navigator]: [202.4s] dist=2.11m amcl=(0.96,-0.25 yaw=-0.48rad) odom=(0.96,-0.25 yaw=-0.48rad) nav=vx:0.000 wz:0.000 cmd=vx:0.000 wz:0.000
[INFO] [1783013579.993684932] [basic_navigator]: [202.6s] dist=2.11m amcl=(0.96,-0.25 yaw=-0.48rad) odom=(0.96,-0.25 yaw=-0.48rad) nav=vx:0.000 wz:0.000 cmd=vx:0.000 wz:0.000
[INFO] [1783013580.197949373] [basic_navigator]: [202.9s] dist=2.11m amcl=(0.96,-0.25 yaw=-0.48rad) odom=(0.96,-0.25 yaw=-0.48rad) nav=vx:0.000 wz:0.000 cmd=vx:0.000 wz:0.000
[INFO] [1783013580.401695444] [basic_navigator]: [203.1s] dist=2.11m amcl=(0.96,-0.25 yaw=-0.48rad) odom=(0.96,-0.25 yaw=-0.48rad) nav=vx:0.000 wz:0.000 cmd=vx:0.000 wz:0.000
[INFO] [1783013580.605385802] [basic_navigator]: [203.3s] dist=2.11m amcl=(0.96,-0.25 yaw=-0.48rad) odom=(0.96,-0.25 yaw=-0.48rad) nav=vx:0.000 wz:0.000 cmd=vx:0.000 wz:0.000
[INFO] [1783013580.811862231] [basic_navigator]: [203.5s] dist=2.11m amcl=(0.96,-0.25 yaw=-0.48rad) odom=(0.96,-0.25 yaw=-0.48rad) nav=vx:0.000 wz:0.000 cmd=vx:0.000 wz:0.000
[INFO] [1783013581.016539428] [basic_navigator]: [203.7s] dist=2.11m amcl=(0.96,-0.25 yaw=-0.48rad) odom=(0.96,-0.25 yaw=-0.48rad) nav=vx:0.000 wz:0.000 cmd=vx:0.000 wz:0.000
[INFO] [1783013581.222489237] [basic_navigator]: [203.9s] dist=2.11m amcl=(0.96,-0.25 yaw=-0.48rad) odom=(0.96,-0.25 yaw=-0.48rad) nav=vx:0.000 wz:0.000 cmd=vx:0.000 wz:0.000
[INFO] [1783013581.427020065] [basic_navigator]: [204.1s] dist=2.11m amcl=(0.96,-0.25 yaw=-0.48rad) odom=(0.96,-0.25 yaw=-0.48rad) nav=vx:0.000 wz:0.000 cmd=vx:0.000 wz:0.000
[INFO] [1783013581.630069799] [basic_navigator]: [204.3s] dist=2.11m amcl=(0.96,-0.25 yaw=-0.48rad) odom=(0.96,-0.25 yaw=-0.48rad) nav=vx:0.000 wz:0.000 cmd=vx:0.000 wz:0.000
[INFO] [1783013581.833646048] [basic_navigator]: [204.5s] dist=2.11m amcl=(0.96,-0.25 yaw=-0.48rad) odom=(0.96,-0.25 yaw=-0.48rad) nav=vx:0.000 wz:0.000 cmd=vx:0.000 wz:0.000
[INFO] [1783013582.037508921] [basic_navigator]: [204.7s] dist=2.11m amcl=(0.96,-0.25 yaw=-0.48rad) odom=(0.96,-0.25 yaw=-0.48rad) nav=vx:0.000 wz:0.000 cmd=vx:0.000 wz:0.000
[INFO] [1783013582.241578063] [basic_navigator]: [204.9s] dist=2.11m amcl=(0.96,-0.25 yaw=-0.48rad) odom=(0.96,-0.25 yaw=-0.48rad) nav=vx:0.000 wz:0.000 cmd=vx:0.000 wz:0.000
[INFO] [1783013582.446997058] [basic_navigator]: [205.1s] dist=2.11m amcl=(0.96,-0.25 yaw=-0.48rad) odom=(0.96,-0.25 yaw=-0.48rad) nav=vx:0.000 wz:0.000 cmd=vx:0.000 wz:0.000
[INFO] [1783013582.655136177] [basic_navigator]: [205.3s] dist=2.11m amcl=(0.96,-0.25 yaw=-0.48rad) odom=(0.96,-0.25 yaw=-0.48rad) nav=vx:0.000 wz:0.000 cmd=vx:0.000 wz:0.000
[INFO] [1783013582.858259705] [basic_navigator]: [205.5s] dist=2.11m amcl=(0.96,-0.25 yaw=-0.48rad) odom=(0.96,-0.25 yaw=-0.48rad) nav=vx:0.000 wz:0.000 cmd=vx:0.000 wz:0.000
[INFO] [1783013583.061720585] [basic_navigator]: [205.7s] dist=2.11m amcl=(0.96,-0.25 yaw=-0.48rad) odom=(0.96,-0.25 yaw=-0.48rad) nav=vx:0.000 wz:0.000 cmd=vx:0.000 wz:0.000
[INFO] [1783013583.267130218] [basic_navigator]: [205.9s] dist=2.11m amcl=(0.96,-0.25 yaw=-0.48rad) odom=(0.96,-0.25 yaw=-0.48rad) nav=vx:0.000 wz:0.000 cmd=vx:0.000 wz:0.000
[INFO] [1783013583.470052199] [basic_navigator]: [206.1s] dist=2.11m amcl=(0.96,-0.25 yaw=-0.48rad) odom=(0.96,-0.25 yaw=-0.48rad) nav=vx:0.000 wz:0.000 cmd=vx:0.000 wz:0.000
[INFO] [1783013583.678230002] [basic_navigator]: [206.3s] dist=2.11m amcl=(0.96,-0.25 yaw=-0.48rad) odom=(0.96,-0.25 yaw=-0.48rad) nav=vx:0.000 wz:0.000 cmd=vx:0.000 wz:0.000
[INFO] [1783013583.881072186] [basic_navigator]: [206.5s] dist=2.11m amcl=(0.96,-0.25 yaw=-0.48rad) odom=(0.96,-0.25 yaw=-0.48rad) nav=vx:0.000 wz:0.000 cmd=vx:0.000 wz:0.000
[INFO] [1783013584.090457443] [basic_navigator]: [206.7s] dist=2.11m amcl=(0.96,-0.25 yaw=-0.48rad) odom=(0.96,-0.25 yaw=-0.48rad) nav=vx:0.000 wz:0.000 cmd=vx:0.000 wz:0.000
[INFO] [1783013584.296678061] [basic_navigator]: [206.9s] dist=2.11m amcl=(0.96,-0.25 yaw=-0.48rad) odom=(0.96,-0.25 yaw=-0.48rad) nav=vx:0.000 wz:0.000 cmd=vx:0.000 wz:0.000
[INFO] [1783013584.499679763] [basic_navigator]: [207.2s] dist=2.11m amcl=(0.96,-0.25 yaw=-0.48rad) odom=(0.96,-0.25 yaw=-0.48rad) nav=vx:0.000 wz:0.000 cmd=vx:0.000 wz:0.000
[INFO] [1783013584.705849083] [basic_navigator]: [207.4s] dist=2.11m amcl=(0.96,-0.25 yaw=-0.48rad) odom=(0.96,-0.25 yaw=-0.48rad) nav=vx:0.000 wz:0.000 cmd=vx:0.000 wz:0.000
[INFO] [1783013584.908776001] [basic_navigator]: [207.6s] dist=2.11m amcl=(0.96,-0.25 yaw=-0.48rad) odom=(0.96,-0.25 yaw=-0.48rad) nav=vx:0.000 wz:0.000 cmd=vx:0.000 wz:0.000
[INFO] [1783013585.113847680] [basic_navigator]: [207.8s] dist=2.11m amcl=(0.96,-0.25 yaw=-0.48rad) odom=(0.96,-0.25 yaw=-0.48rad) nav=vx:0.000 wz:0.000 cmd=vx:0.000 wz:0.000
[INFO] [1783013585.317052574] [basic_navigator]: [208.0s] dist=2.11m amcl=(0.96,-0.25 yaw=-0.48rad) odom=(0.96,-0.25 yaw=-0.48rad) nav=vx:0.000 wz:0.000 cmd=vx:0.000 wz:0.000
[INFO] [1783013585.523031713] [basic_navigator]: [208.2s] dist=2.11m amcl=(0.96,-0.25 yaw=-0.48rad) odom=(0.96,-0.25 yaw=-0.48rad) nav=vx:0.000 wz:0.000 cmd=vx:0.000 wz:0.000
[INFO] [1783013585.726620274] [basic_navigator]: [208.4s] dist=2.11m amcl=(0.96,-0.25 yaw=-0.48rad) odom=(0.96,-0.25 yaw=-0.48rad) nav=vx:0.000 wz:0.000 cmd=vx:0.000 wz:0.000
[INFO] [1783013585.929213558] [basic_navigator]: [208.6s] dist=2.11m amcl=(0.96,-0.25 yaw=-0.48rad) odom=(0.96,-0.25 yaw=-0.48rad) nav=vx:0.000 wz:0.000 cmd=vx:0.000 wz:0.000
[INFO] [1783013586.133074377] [basic_navigator]: [208.8s] dist=2.11m amcl=(0.96,-0.25 yaw=-0.48rad) odom=(0.96,-0.25 yaw=-0.48rad) nav=vx:0.000 wz:0.000 cmd=vx:0.000 wz:0.000
[INFO] [1783013586.336495892] [basic_navigator]: [209.0s] dist=2.11m amcl=(0.96,-0.25 yaw=-0.48rad) odom=(0.96,-0.25 yaw=-0.48rad) nav=vx:0.000 wz:0.000 cmd=vx:0.000 wz:0.000
[INFO] [1783013586.542330798] [basic_navigator]: [209.2s] dist=2.11m amcl=(0.96,-0.25 yaw=-0.48rad) odom=(0.96,-0.25 yaw=-0.48rad) nav=vx:0.000 wz:0.000 cmd=vx:0.000 wz:0.000
[INFO] [1783013586.753094743] [basic_navigator]: [209.4s] dist=2.11m amcl=(0.96,-0.25 yaw=-0.48rad) odom=(0.96,-0.25 yaw=-0.48rad) nav=vx:0.000 wz:0.000 cmd=vx:0.000 wz:0.000
[INFO] [1783013586.962228864] [basic_navigator]: [209.6s] dist=2.11m amcl=(0.96,-0.25 yaw=-0.48rad) odom=(0.96,-0.25 yaw=-0.48rad) nav=vx:0.000 wz:0.000 cmd=vx:0.000 wz:0.000
[INFO] [1783013587.169538139] [basic_navigator]: [209.8s] dist=2.11m amcl=(0.96,-0.25 yaw=-0.48rad) odom=(0.96,-0.25 yaw=-0.48rad) nav=vx:0.000 wz:0.000 cmd=vx:0.000 wz:0.000
[INFO] [1783013587.373094225] [basic_navigator]: [210.0s] dist=2.11m amcl=(0.96,-0.25 yaw=-0.48rad) odom=(0.96,-0.25 yaw=-0.48rad) nav=vx:0.000 wz:0.000 cmd=vx:0.000 wz:0.000
[INFO] [1783013587.577671065] [basic_navigator]: [210.2s] dist=2.11m amcl=(0.96,-0.25 yaw=-0.48rad) odom=(0.96,-0.25 yaw=-0.48rad) nav=vx:0.000 wz:0.000 cmd=vx:0.000 wz:0.000
[INFO] [1783013587.781413268] [basic_navigator]: [210.4s] dist=2.11m amcl=(0.96,-0.25 yaw=-0.48rad) odom=(0.96,-0.25 yaw=-0.48rad) nav=vx:0.000 wz:0.000 cmd=vx:0.000 wz:0.000
[INFO] [1783013587.988689786] [basic_navigator]: [210.6s] dist=2.11m amcl=(0.96,-0.25 yaw=-0.48rad) odom=(0.96,-0.25 yaw=-0.48rad) nav=vx:0.000 wz:0.000 cmd=vx:0.000 wz:0.000
[INFO] [1783013588.191863330] [basic_navigator]: [210.8s] dist=2.11m amcl=(0.96,-0.25 yaw=-0.48rad) odom=(0.96,-0.25 yaw=-0.48rad) nav=vx:0.000 wz:0.000 cmd=vx:0.000 wz:0.000
[INFO] [1783013588.395422143] [basic_navigator]: [211.0s] dist=2.11m amcl=(0.96,-0.25 yaw=-0.48rad) odom=(0.96,-0.25 yaw=-0.48rad) nav=vx:0.000 wz:0.000 cmd=vx:0.000 wz:0.000
[INFO] [1783013588.600891644] [basic_navigator]: [211.3s] dist=2.11m amcl=(0.96,-0.25 yaw=-0.48rad) odom=(0.96,-0.25 yaw=-0.48rad) nav=vx:0.000 wz:0.000 cmd=vx:0.000 wz:0.000
[INFO] [1783013588.804139246] [basic_navigator]: [211.5s] dist=2.11m amcl=(0.96,-0.25 yaw=-0.48rad) odom=(0.96,-0.25 yaw=-0.48rad) nav=vx:0.000 wz:0.000 cmd=vx:0.000 wz:0.000
[INFO] [1783013589.010215034] [basic_navigator]: [211.7s] dist=2.11m amcl=(0.96,-0.25 yaw=-0.48rad) odom=(0.96,-0.25 yaw=-0.48rad) nav=vx:0.000 wz:0.000 cmd=vx:0.000 wz:0.000
[INFO] [1783013589.214410048] [basic_navigator]: [211.9s] dist=2.11m amcl=(0.96,-0.25 yaw=-0.48rad) odom=(0.96,-0.25 yaw=-0.48rad) nav=vx:0.000 wz:0.000 cmd=vx:0.000 wz:0.000
[INFO] [1783013589.420810758] [basic_navigator]: [212.1s] dist=2.11m amcl=(0.96,-0.25 yaw=-0.48rad) odom=(0.96,-0.25 yaw=-0.48rad) nav=vx:0.000 wz:0.000 cmd=vx:0.000 wz:0.000
[INFO] [1783013589.625556757] [basic_navigator]: [212.3s] dist=2.11m amcl=(0.96,-0.25 yaw=-0.48rad) odom=(0.96,-0.25 yaw=-0.48rad) nav=vx:0.000 wz:0.000 cmd=vx:0.000 wz:0.000
[INFO] [1783013589.828347823] [basic_navigator]: [212.5s] dist=2.11m amcl=(0.96,-0.25 yaw=-0.48rad) odom=(0.96,-0.25 yaw=-0.48rad) nav=vx:0.000 wz:0.000 cmd=vx:0.000 wz:0.000
[INFO] [1783013590.037148578] [basic_navigator]: [212.7s] dist=2.11m amcl=(0.96,-0.25 yaw=-0.48rad) odom=(0.96,-0.25 yaw=-0.48rad) nav=vx:0.000 wz:0.000 cmd=vx:0.000 wz:0.000
[INFO] [1783013590.242768566] [basic_navigator]: [212.9s] dist=2.11m amcl=(0.96,-0.25 yaw=-0.48rad) odom=(0.96,-0.25 yaw=-0.48rad) nav=vx:0.000 wz:0.000 cmd=vx:0.000 wz:0.000
[INFO] [1783013590.446615405] [basic_navigator]: [213.1s] dist=2.11m amcl=(0.96,-0.25 yaw=-0.48rad) odom=(0.96,-0.25 yaw=-0.48rad) nav=vx:0.000 wz:0.000 cmd=vx:0.000 wz:0.000
[INFO] [1783013590.652698452] [basic_navigator]: [213.3s] dist=2.11m amcl=(0.96,-0.25 yaw=-0.48rad) odom=(0.96,-0.25 yaw=-0.48rad) nav=vx:0.000 wz:0.000 cmd=vx:0.000 wz:0.000
[INFO] [1783013590.857730927] [basic_navigator]: [213.5s] dist=2.11m amcl=(0.96,-0.25 yaw=-0.48rad) odom=(0.96,-0.25 yaw=-0.48rad) nav=vx:0.000 wz:0.000 cmd=vx:0.000 wz:0.000
[INFO] [1783013591.061373339] [basic_navigator]: [213.7s] dist=2.11m amcl=(0.96,-0.25 yaw=-0.48rad) odom=(0.96,-0.25 yaw=-0.48rad) nav=vx:0.000 wz:0.000 cmd=vx:0.000 wz:0.000
[INFO] [1783013591.264694413] [basic_navigator]: [213.9s] dist=2.11m amcl=(0.96,-0.25 yaw=-0.48rad) odom=(0.96,-0.25 yaw=-0.48rad) nav=vx:0.000 wz:0.000 cmd=vx:0.000 wz:0.000
[INFO] [1783013591.468500582] [basic_navigator]: [214.1s] dist=2.11m amcl=(0.96,-0.25 yaw=-0.48rad) odom=(0.96,-0.25 yaw=-0.48rad) nav=vx:0.000 wz:0.000 cmd=vx:0.000 wz:0.000
[INFO] [1783013591.673421601] [basic_navigator]: [214.3s] dist=2.11m amcl=(0.96,-0.25 yaw=-0.48rad) odom=(0.96,-0.25 yaw=-0.48rad) nav=vx:0.000 wz:0.000 cmd=vx:0.000 wz:0.000
[INFO] [1783013591.879628733] [basic_navigator]: [214.5s] dist=2.11m amcl=(0.96,-0.25 yaw=-0.48rad) odom=(0.96,-0.25 yaw=-0.48rad) nav=vx:0.000 wz:0.000 cmd=vx:0.000 wz:0.000
[INFO] [1783013592.085472000] [basic_navigator]: [214.7s] dist=2.11m amcl=(0.96,-0.25 yaw=-0.48rad) odom=(0.96,-0.25 yaw=-0.48rad) nav=vx:0.000 wz:0.000 cmd=vx:0.000 wz:0.000
[INFO] [1783013592.293606773] [basic_navigator]: [214.9s] dist=2.11m amcl=(0.96,-0.25 yaw=-0.48rad) odom=(0.96,-0.25 yaw=-0.48rad) nav=vx:0.000 wz:0.000 cmd=vx:0.000 wz:0.000
[INFO] [1783013592.501958034] [basic_navigator]: [215.2s] dist=2.11m amcl=(0.96,-0.25 yaw=-0.48rad) odom=(0.96,-0.25 yaw=-0.48rad) nav=vx:0.000 wz:0.000 cmd=vx:0.000 wz:0.000
[INFO] [1783013592.706530064] [basic_navigator]: [215.4s] dist=2.11m amcl=(0.96,-0.25 yaw=-0.48rad) odom=(0.96,-0.25 yaw=-0.48rad) nav=vx:0.000 wz:0.000 cmd=vx:0.000 wz:0.000
[INFO] [1783013592.914136303] [basic_navigator]: [215.6s] dist=2.11m amcl=(0.96,-0.25 yaw=-0.48rad) odom=(0.96,-0.25 yaw=-0.48rad) nav=vx:0.000 wz:0.000 cmd=vx:0.000 wz:0.000
[INFO] [1783013593.118796809] [basic_navigator]: [215.8s] dist=2.11m amcl=(0.96,-0.25 yaw=-0.48rad) odom=(0.96,-0.25 yaw=-0.48rad) nav=vx:0.000 wz:0.000 cmd=vx:0.000 wz:0.000
[INFO] [1783013593.322299833] [basic_navigator]: [216.0s] dist=2.11m amcl=(0.96,-0.25 yaw=-0.48rad) odom=(0.96,-0.25 yaw=-0.48rad) nav=vx:0.000 wz:0.000 cmd=vx:0.000 wz:0.000
[INFO] [1783013593.529945637] [basic_navigator]: [216.2s] dist=2.11m amcl=(0.96,-0.25 yaw=-0.48rad) odom=(0.96,-0.25 yaw=-0.48rad) nav=vx:0.000 wz:0.000 cmd=vx:0.000 wz:0.000
[INFO] [1783013593.733092891] [basic_navigator]: [216.4s] dist=2.11m amcl=(0.96,-0.25 yaw=-0.48rad) odom=(0.96,-0.25 yaw=-0.48rad) nav=vx:0.000 wz:0.000 cmd=vx:0.000 wz:0.000
[INFO] [1783013593.936455585] [basic_navigator]: [216.6s] dist=2.11m amcl=(0.96,-0.25 yaw=-0.48rad) odom=(0.96,-0.25 yaw=-0.48rad) nav=vx:0.000 wz:0.000 cmd=vx:0.000 wz:0.000
[INFO] [1783013594.141952257] [basic_navigator]: [216.8s] dist=2.11m amcl=(0.96,-0.25 yaw=-0.48rad) odom=(0.96,-0.25 yaw=-0.48rad) nav=vx:0.000 wz:0.000 cmd=vx:0.000 wz:0.000
[INFO] [1783013594.345546920] [basic_navigator]: [217.0s] dist=2.11m amcl=(0.96,-0.25 yaw=-0.48rad) odom=(0.96,-0.25 yaw=-0.48rad) nav=vx:0.000 wz:0.000 cmd=vx:0.000 wz:0.000
[INFO] [1783013594.549107432] [basic_navigator]: [217.2s] dist=2.11m amcl=(0.96,-0.25 yaw=-0.48rad) odom=(0.96,-0.25 yaw=-0.48rad) nav=vx:0.000 wz:0.000 cmd=vx:0.000 wz:0.000
[INFO] [1783013594.752219141] [basic_navigator]: [217.4s] dist=2.11m amcl=(0.96,-0.25 yaw=-0.48rad) odom=(0.96,-0.25 yaw=-0.48rad) nav=vx:0.000 wz:0.000 cmd=vx:0.000 wz:0.000
[INFO] [1783013594.955429325] [basic_navigator]: [217.6s] dist=2.11m amcl=(0.96,-0.25 yaw=-0.48rad) odom=(0.96,-0.25 yaw=-0.48rad) nav=vx:0.000 wz:0.000 cmd=vx:0.000 wz:0.000
[INFO] [1783013595.170053673] [basic_navigator]: [217.8s] dist=2.11m amcl=(0.96,-0.25 yaw=-0.48rad) odom=(0.96,-0.25 yaw=-0.48rad) nav=vx:0.000 wz:0.000 cmd=vx:0.000 wz:0.000
[INFO] [1783013595.374103140] [basic_navigator]: [218.0s] dist=2.11m amcl=(0.96,-0.25 yaw=-0.48rad) odom=(0.96,-0.25 yaw=-0.48rad) nav=vx:0.000 wz:0.000 cmd=vx:0.000 wz:0.000
[INFO] [1783013595.577855558] [basic_navigator]: [218.2s] dist=2.11m amcl=(0.96,-0.25 yaw=-0.48rad) odom=(0.96,-0.25 yaw=-0.48rad) nav=vx:0.000 wz:0.000 cmd=vx:0.000 wz:0.000
[INFO] [1783013595.789569007] [basic_navigator]: [218.4s] dist=2.11m amcl=(0.96,-0.25 yaw=-0.48rad) odom=(0.96,-0.25 yaw=-0.48rad) nav=vx:0.000 wz:0.000 cmd=vx:0.000 wz:0.000
[INFO] [1783013595.994412878] [basic_navigator]: [218.6s] dist=2.11m amcl=(0.96,-0.25 yaw=-0.48rad) odom=(0.96,-0.25 yaw=-0.48rad) nav=vx:0.000 wz:0.000 cmd=vx:0.000 wz:0.000
[INFO] [1783013596.199116061] [basic_navigator]: [218.9s] dist=2.11m amcl=(0.96,-0.25 yaw=-0.48rad) odom=(0.96,-0.25 yaw=-0.48rad) nav=vx:0.000 wz:0.000 cmd=vx:0.000 wz:0.000
[INFO] [1783013596.402910002] [basic_navigator]: [219.1s] dist=2.11m amcl=(0.96,-0.25 yaw=-0.48rad) odom=(0.96,-0.25 yaw=-0.48rad) nav=vx:0.000 wz:0.000 cmd=vx:0.000 wz:0.000
[INFO] [1783013596.606509764] [basic_navigator]: [219.3s] dist=2.11m amcl=(0.96,-0.25 yaw=-0.48rad) odom=(0.96,-0.25 yaw=-0.48rad) nav=vx:0.000 wz:0.000 cmd=vx:0.000 wz:0.000
[INFO] [1783013596.809228603] [basic_navigator]: [219.5s] dist=2.11m amcl=(0.96,-0.25 yaw=-0.48rad) odom=(0.96,-0.25 yaw=-0.48rad) nav=vx:0.000 wz:0.000 cmd=vx:0.000 wz:0.000
[INFO] [1783013597.014209669] [basic_navigator]: [219.7s] dist=2.11m amcl=(0.96,-0.25 yaw=-0.48rad) odom=(0.96,-0.25 yaw=-0.48rad) nav=vx:0.000 wz:0.000 cmd=vx:0.000 wz:0.000
[INFO] [1783013597.218713530] [basic_navigator]: [219.9s] dist=2.11m amcl=(0.96,-0.25 yaw=-0.48rad) odom=(0.96,-0.25 yaw=-0.48rad) nav=vx:0.000 wz:0.000 cmd=vx:0.000 wz:0.000
[INFO] [1783013597.421085089] [basic_navigator]: [220.1s] dist=2.11m amcl=(0.96,-0.25 yaw=-0.48rad) odom=(0.96,-0.25 yaw=-0.48rad) nav=vx:0.000 wz:0.000 cmd=vx:0.000 wz:0.000
[INFO] [1783013597.627679049] [basic_navigator]: [220.3s] dist=2.11m amcl=(0.96,-0.25 yaw=-0.48rad) odom=(0.96,-0.25 yaw=-0.48rad) nav=vx:0.000 wz:0.000 cmd=vx:0.000 wz:0.000
[INFO] [1783013597.833929924] [basic_navigator]: [220.5s] dist=2.11m amcl=(0.96,-0.25 yaw=-0.48rad) odom=(0.96,-0.25 yaw=-0.48rad) nav=vx:0.000 wz:0.000 cmd=vx:0.000 wz:0.000
[INFO] [1783013598.038848412] [basic_navigator]: [220.7s] dist=2.11m amcl=(0.96,-0.25 yaw=-0.48rad) odom=(0.96,-0.25 yaw=-0.48rad) nav=vx:0.000 wz:0.000 cmd=vx:0.000 wz:0.000
[INFO] [1783013598.242387579] [basic_navigator]: [220.9s] dist=2.11m amcl=(0.96,-0.25 yaw=-0.48rad) odom=(0.96,-0.25 yaw=-0.48rad) nav=vx:0.000 wz:0.000 cmd=vx:0.000 wz:0.000
[INFO] [1783013598.446125579] [basic_navigator]: [221.1s] dist=2.11m amcl=(0.96,-0.25 yaw=-0.48rad) odom=(0.96,-0.25 yaw=-0.48rad) nav=vx:0.000 wz:0.000 cmd=vx:0.000 wz:0.000
[INFO] [1783013598.649244367] [basic_navigator]: [221.3s] dist=2.11m amcl=(0.96,-0.25 yaw=-0.48rad) odom=(0.96,-0.25 yaw=-0.48rad) nav=vx:0.000 wz:0.000 cmd=vx:0.000 wz:0.000
[INFO] [1783013598.852720740] [basic_navigator]: [221.5s] dist=2.11m amcl=(0.96,-0.25 yaw=-0.48rad) odom=(0.96,-0.25 yaw=-0.48rad) nav=vx:0.000 wz:0.000 cmd=vx:0.000 wz:0.000
[INFO] [1783013599.056202497] [basic_navigator]: [221.7s] dist=2.11m amcl=(0.96,-0.25 yaw=-0.48rad) odom=(0.96,-0.25 yaw=-0.48rad) nav=vx:0.000 wz:0.000 cmd=vx:0.000 wz:0.000
[INFO] [1783013599.259959900] [basic_navigator]: [221.9s] dist=2.11m amcl=(0.96,-0.25 yaw=-0.48rad) odom=(0.96,-0.25 yaw=-0.48rad) nav=vx:0.000 wz:0.000 cmd=vx:0.000 wz:0.000
[INFO] [1783013599.464924018] [basic_navigator]: [222.1s] dist=2.11m amcl=(0.96,-0.25 yaw=-0.48rad) odom=(0.96,-0.25 yaw=-0.48rad) nav=vx:0.000 wz:0.000 cmd=vx:0.000 wz:0.000
[INFO] [1783013599.671137006] [basic_navigator]: [222.3s] dist=2.11m amcl=(0.96,-0.25 yaw=-0.48rad) odom=(0.96,-0.25 yaw=-0.48rad) nav=vx:0.000 wz:0.000 cmd=vx:0.000 wz:0.000
[INFO] [1783013599.874901150] [basic_navigator]: [222.5s] dist=2.11m amcl=(0.96,-0.25 yaw=-0.48rad) odom=(0.96,-0.25 yaw=-0.48rad) nav=vx:0.000 wz:0.000 cmd=vx:0.000 wz:0.000
[INFO] [1783013600.082193820] [basic_navigator]: [222.7s] dist=2.11m amcl=(0.96,-0.25 yaw=-0.48rad) odom=(0.96,-0.25 yaw=-0.48rad) nav=vx:0.000 wz:0.000 cmd=vx:0.000 wz:0.000
[INFO] [1783013600.285715684] [basic_navigator]: [222.9s] dist=2.11m amcl=(0.96,-0.25 yaw=-0.48rad) odom=(0.96,-0.25 yaw=-0.48rad) nav=vx:0.000 wz:0.000 cmd=vx:0.000 wz:0.000
[INFO] [1783013600.488579157] [basic_navigator]: [223.1s] dist=2.11m amcl=(0.96,-0.25 yaw=-0.48rad) odom=(0.96,-0.25 yaw=-0.48rad) nav=vx:0.000 wz:0.000 cmd=vx:0.000 wz:0.000
[INFO] [1783013600.696379721] [basic_navigator]: [223.3s] dist=2.11m amcl=(0.96,-0.25 yaw=-0.48rad) odom=(0.96,-0.25 yaw=-0.48rad) nav=vx:0.000 wz:0.000 cmd=vx:0.000 wz:0.000
[INFO] [1783013600.898260525] [basic_navigator]: [223.6s] dist=2.11m amcl=(0.96,-0.25 yaw=-0.48rad) odom=(0.96,-0.25 yaw=-0.48rad) nav=vx:0.000 wz:0.000 cmd=vx:0.000 wz:0.000
[INFO] [1783013601.103124330] [basic_navigator]: [223.8s] dist=2.11m amcl=(0.96,-0.25 yaw=-0.48rad) odom=(0.96,-0.25 yaw=-0.48rad) nav=vx:0.000 wz:0.000 cmd=vx:0.000 wz:0.000
[INFO] [1783013601.309429483] [basic_navigator]: [224.0s] dist=2.11m amcl=(0.96,-0.25 yaw=-0.48rad) odom=(0.96,-0.25 yaw=-0.48rad) nav=vx:0.000 wz:0.000 cmd=vx:0.000 wz:0.000
[INFO] [1783013601.513652413] [basic_navigator]: [224.2s] dist=2.11m amcl=(0.96,-0.25 yaw=-0.48rad) odom=(0.96,-0.25 yaw=-0.48rad) nav=vx:0.000 wz:0.000 cmd=vx:0.000 wz:0.000
[INFO] [1783013601.721400393] [basic_navigator]: [224.4s] dist=2.11m amcl=(0.96,-0.25 yaw=-0.48rad) odom=(0.96,-0.25 yaw=-0.48rad) nav=vx:0.000 wz:0.000 cmd=vx:0.000 wz:0.000
[INFO] [1783013601.931737664] [basic_navigator]: [224.6s] dist=2.11m amcl=(0.96,-0.25 yaw=-0.48rad) odom=(0.96,-0.25 yaw=-0.48rad) nav=vx:0.000 wz:0.000 cmd=vx:0.000 wz:0.000
[INFO] [1783013602.135179542] [basic_navigator]: [224.8s] dist=2.11m amcl=(0.96,-0.25 yaw=-0.48rad) odom=(0.96,-0.25 yaw=-0.48rad) nav=vx:0.000 wz:0.000 cmd=vx:0.000 wz:0.000
[INFO] [1783013602.342597294] [basic_navigator]: [225.0s] dist=2.11m amcl=(0.96,-0.25 yaw=-0.48rad) odom=(0.96,-0.25 yaw=-0.48rad) nav=vx:0.000 wz:0.000 cmd=vx:0.000 wz:0.000
[INFO] [1783013602.552105828] [basic_navigator]: [225.2s] dist=2.11m amcl=(0.96,-0.25 yaw=-0.48rad) odom=(0.96,-0.25 yaw=-0.48rad) nav=vx:0.000 wz:0.000 cmd=vx:0.000 wz:0.000
[INFO] [1783013602.757221692] [basic_navigator]: [225.4s] dist=2.11m amcl=(0.96,-0.25 yaw=-0.48rad) odom=(0.96,-0.25 yaw=-0.48rad) nav=vx:0.000 wz:0.000 cmd=vx:0.000 wz:0.000
[INFO] [1783013602.964296621] [basic_navigator]: [225.6s] dist=2.11m amcl=(0.96,-0.25 yaw=-0.48rad) odom=(0.96,-0.25 yaw=-0.48rad) nav=vx:0.000 wz:0.000 cmd=vx:0.000 wz:0.000
[INFO] [1783013603.168650081] [basic_navigator]: [225.8s] dist=2.11m amcl=(0.96,-0.25 yaw=-0.48rad) odom=(0.96,-0.25 yaw=-0.48rad) nav=vx:0.000 wz:0.000 cmd=vx:0.000 wz:0.000
[INFO] [1783013603.378254964] [basic_navigator]: [226.0s] dist=2.11m amcl=(0.96,-0.25 yaw=-0.48rad) odom=(0.96,-0.25 yaw=-0.48rad) nav=vx:0.000 wz:0.000 cmd=vx:0.000 wz:0.000
[INFO] [1783013603.586418538] [basic_navigator]: [226.2s] dist=2.11m amcl=(0.96,-0.25 yaw=-0.48rad) odom=(0.96,-0.25 yaw=-0.48rad) nav=vx:0.000 wz:0.000 cmd=vx:0.000 wz:0.000
[INFO] [1783013603.798373285] [basic_navigator]: [226.4s] dist=2.11m amcl=(0.96,-0.25 yaw=-0.48rad) odom=(0.96,-0.25 yaw=-0.48rad) nav=vx:0.000 wz:0.000 cmd=vx:0.000 wz:0.000
[INFO] [1783013604.001852042] [basic_navigator]: [226.7s] dist=2.11m amcl=(0.96,-0.25 yaw=-0.48rad) odom=(0.96,-0.25 yaw=-0.48rad) nav=vx:0.000 wz:0.000 cmd=vx:0.000 wz:0.000
[INFO] [1783013604.206277060] [basic_navigator]: [226.9s] dist=2.11m amcl=(0.96,-0.25 yaw=-0.48rad) odom=(0.96,-0.25 yaw=-0.48rad) nav=vx:0.000 wz:0.000 cmd=vx:0.000 wz:0.000
[INFO] [1783013604.411695277] [basic_navigator]: [227.1s] dist=2.11m amcl=(0.96,-0.25 yaw=-0.48rad) odom=(0.96,-0.25 yaw=-0.48rad) nav=vx:0.000 wz:0.000 cmd=vx:0.000 wz:0.000
[INFO] [1783013604.614802339] [basic_navigator]: [227.3s] dist=2.11m amcl=(0.96,-0.25 yaw=-0.48rad) odom=(0.96,-0.25 yaw=-0.48rad) nav=vx:0.000 wz:0.000 cmd=vx:0.000 wz:0.000
[INFO] [1783013604.818707394] [basic_navigator]: [227.5s] dist=2.11m amcl=(0.96,-0.25 yaw=-0.48rad) odom=(0.96,-0.25 yaw=-0.48rad) nav=vx:0.000 wz:0.000 cmd=vx:0.000 wz:0.000
[INFO] [1783013605.021672060] [basic_navigator]: [227.7s] dist=2.11m amcl=(0.96,-0.25 yaw=-0.48rad) odom=(0.96,-0.25 yaw=-0.48rad) nav=vx:0.000 wz:0.000 cmd=vx:0.000 wz:0.000
[INFO] [1783013605.226511557] [basic_navigator]: [227.9s] dist=2.11m amcl=(0.96,-0.25 yaw=-0.48rad) odom=(0.96,-0.25 yaw=-0.48rad) nav=vx:0.000 wz:0.000 cmd=vx:0.000 wz:0.000
[INFO] [1783013605.428956556] [basic_navigator]: [228.1s] dist=2.11m amcl=(0.96,-0.25 yaw=-0.48rad) odom=(0.96,-0.25 yaw=-0.48rad) nav=vx:0.000 wz:0.000 cmd=vx:0.000 wz:0.000
[INFO] [1783013605.632894181] [basic_navigator]: [228.3s] dist=2.11m amcl=(0.96,-0.25 yaw=-0.48rad) odom=(0.96,-0.25 yaw=-0.48rad) nav=vx:0.000 wz:0.000 cmd=vx:0.000 wz:0.000
[INFO] [1783013605.836779651] [basic_navigator]: [228.5s] dist=2.11m amcl=(0.96,-0.25 yaw=-0.48rad) odom=(0.96,-0.25 yaw=-0.48rad) nav=vx:0.000 wz:0.000 cmd=vx:0.000 wz:0.000
[INFO] [1783013606.040255333] [basic_navigator]: [228.7s] dist=2.11m amcl=(0.96,-0.25 yaw=-0.48rad) odom=(0.96,-0.25 yaw=-0.48rad) nav=vx:0.000 wz:0.000 cmd=vx:0.000 wz:0.000
[INFO] [1783013606.245142355] [basic_navigator]: [228.9s] dist=2.11m amcl=(0.96,-0.25 yaw=-0.48rad) odom=(0.96,-0.25 yaw=-0.48rad) nav=vx:0.000 wz:0.000 cmd=vx:0.000 wz:0.000
[INFO] [1783013606.450025683] [basic_navigator]: [229.1s] dist=2.11m amcl=(0.96,-0.25 yaw=-0.48rad) odom=(0.96,-0.25 yaw=-0.48rad) nav=vx:0.000 wz:0.000 cmd=vx:0.000 wz:0.000
[INFO] [1783013606.656682032] [basic_navigator]: [229.3s] dist=2.11m amcl=(0.96,-0.25 yaw=-0.48rad) odom=(0.96,-0.25 yaw=-0.48rad) nav=vx:0.000 wz:0.000 cmd=vx:0.000 wz:0.000
[INFO] [1783013606.860754922] [basic_navigator]: [229.5s] dist=2.11m amcl=(0.96,-0.25 yaw=-0.48rad) odom=(0.96,-0.25 yaw=-0.48rad) nav=vx:0.000 wz:0.000 cmd=vx:0.000 wz:0.000
[INFO] [1783013607.064348391] [basic_navigator]: [229.7s] dist=2.11m amcl=(0.96,-0.25 yaw=-0.48rad) odom=(0.96,-0.25 yaw=-0.48rad) nav=vx:0.000 wz:0.000 cmd=vx:0.000 wz:0.000
[INFO] [1783013607.269199394] [basic_navigator]: [229.9s] dist=2.11m amcl=(0.96,-0.25 yaw=-0.48rad) odom=(0.96,-0.25 yaw=-0.48rad) nav=vx:0.000 wz:0.000 cmd=vx:0.000 wz:0.000
[INFO] [1783013607.472829418] [basic_navigator]: [230.1s] dist=2.11m amcl=(0.96,-0.25 yaw=-0.48rad) odom=(0.96,-0.25 yaw=-0.48rad) nav=vx:0.000 wz:0.000 cmd=vx:0.000 wz:0.000
[INFO] [1783013607.682412396] [basic_navigator]: [230.3s] dist=2.11m amcl=(0.96,-0.25 yaw=-0.48rad) odom=(0.96,-0.25 yaw=-0.48rad) nav=vx:0.000 wz:0.000 cmd=vx:0.000 wz:0.000
[INFO] [1783013607.887065048] [basic_navigator]: [230.5s] dist=2.11m amcl=(0.96,-0.25 yaw=-0.48rad) odom=(0.96,-0.25 yaw=-0.48rad) nav=vx:0.000 wz:0.000 cmd=vx:0.000 wz:0.000
[INFO] [1783013608.091762858] [basic_navigator]: [230.7s] dist=2.11m amcl=(0.96,-0.25 yaw=-0.48rad) odom=(0.96,-0.25 yaw=-0.48rad) nav=vx:0.000 wz:0.000 cmd=vx:0.000 wz:0.000
[INFO] [1783013608.296957538] [basic_navigator]: [230.9s] dist=2.11m amcl=(0.96,-0.25 yaw=-0.48rad) odom=(0.96,-0.25 yaw=-0.48rad) nav=vx:0.000 wz:0.000 cmd=vx:0.000 wz:0.000
[INFO] [1783013608.501738320] [basic_navigator]: [231.2s] dist=2.11m amcl=(0.96,-0.25 yaw=-0.48rad) odom=(0.96,-0.25 yaw=-0.48rad) nav=vx:0.000 wz:0.000 cmd=vx:0.000 wz:0.000
[INFO] [1783013608.706750568] [basic_navigator]: [231.4s] dist=2.11m amcl=(0.96,-0.25 yaw=-0.48rad) odom=(0.96,-0.25 yaw=-0.48rad) nav=vx:0.000 wz:0.000 cmd=vx:0.000 wz:0.000
[INFO] [1783013608.909714647] [basic_navigator]: [231.6s] dist=2.11m amcl=(0.96,-0.25 yaw=-0.48rad) odom=(0.96,-0.25 yaw=-0.48rad) nav=vx:0.000 wz:0.000 cmd=vx:0.000 wz:0.000
[INFO] [1783013609.113601706] [basic_navigator]: [231.8s] dist=2.11m amcl=(0.96,-0.25 yaw=-0.48rad) odom=(0.96,-0.25 yaw=-0.48rad) nav=vx:0.000 wz:0.000 cmd=vx:0.000 wz:0.000
[INFO] [1783013609.317068952] [basic_navigator]: [232.0s] dist=2.11m amcl=(0.96,-0.25 yaw=-0.48rad) odom=(0.96,-0.25 yaw=-0.48rad) nav=vx:0.000 wz:0.000 cmd=vx:0.000 wz:0.000
[INFO] [1783013609.520658859] [basic_navigator]: [232.2s] dist=2.11m amcl=(0.96,-0.25 yaw=-0.48rad) odom=(0.96,-0.25 yaw=-0.48rad) nav=vx:0.000 wz:0.000 cmd=vx:0.000 wz:0.000
[INFO] [1783013609.723744119] [basic_navigator]: [232.4s] dist=2.11m amcl=(0.96,-0.25 yaw=-0.48rad) odom=(0.96,-0.25 yaw=-0.48rad) nav=vx:0.000 wz:0.000 cmd=vx:0.000 wz:0.000
[INFO] [1783013609.927099461] [basic_navigator]: [232.6s] dist=2.11m amcl=(0.96,-0.25 yaw=-0.48rad) odom=(0.96,-0.25 yaw=-0.48rad) nav=vx:0.000 wz:0.000 cmd=vx:0.000 wz:0.000
[INFO] [1783013610.129647136] [basic_navigator]: [232.8s] dist=2.11m amcl=(0.96,-0.25 yaw=-0.48rad) odom=(0.96,-0.25 yaw=-0.48rad) nav=vx:0.000 wz:0.000 cmd=vx:0.000 wz:0.000
[INFO] [1783013610.333370774] [basic_navigator]: [233.0s] dist=2.11m amcl=(0.96,-0.25 yaw=-0.48rad) odom=(0.96,-0.25 yaw=-0.48rad) nav=vx:0.000 wz:0.000 cmd=vx:0.000 wz:0.000
[INFO] [1783013610.536576193] [basic_navigator]: [233.2s] dist=2.11m amcl=(0.96,-0.25 yaw=-0.48rad) odom=(0.96,-0.25 yaw=-0.48rad) nav=vx:0.000 wz:0.000 cmd=vx:0.000 wz:0.000
[INFO] [1783013610.739810127] [basic_navigator]: [233.4s] dist=2.11m amcl=(0.96,-0.25 yaw=-0.48rad) odom=(0.96,-0.25 yaw=-0.48rad) nav=vx:0.000 wz:0.000 cmd=vx:0.000 wz:0.000
[INFO] [1783013610.943218737] [basic_navigator]: [233.6s] dist=2.11m amcl=(0.96,-0.25 yaw=-0.48rad) odom=(0.96,-0.25 yaw=-0.48rad) nav=vx:0.000 wz:0.000 cmd=vx:0.000 wz:0.000
[INFO] [1783013611.147996462] [basic_navigator]: [233.8s] dist=2.11m amcl=(0.96,-0.25 yaw=-0.48rad) odom=(0.96,-0.25 yaw=-0.48rad) nav=vx:0.000 wz:0.000 cmd=vx:0.000 wz:0.000
[INFO] [1783013611.352152765] [basic_navigator]: [234.0s] dist=2.11m amcl=(0.96,-0.25 yaw=-0.48rad) odom=(0.96,-0.25 yaw=-0.48rad) nav=vx:0.000 wz:0.000 cmd=vx:0.000 wz:0.000
[INFO] [1783013611.555731034] [basic_navigator]: [234.2s] dist=2.11m amcl=(0.96,-0.25 yaw=-0.48rad) odom=(0.96,-0.25 yaw=-0.48rad) nav=vx:0.000 wz:0.000 cmd=vx:0.000 wz:0.000
[INFO] [1783013611.759206817] [basic_navigator]: [234.4s] dist=2.11m amcl=(0.96,-0.25 yaw=-0.48rad) odom=(0.96,-0.25 yaw=-0.48rad) nav=vx:0.000 wz:0.000 cmd=vx:0.000 wz:0.000
[INFO] [1783013611.965137525] [basic_navigator]: [234.6s] dist=2.11m amcl=(0.96,-0.25 yaw=-0.48rad) odom=(0.96,-0.25 yaw=-0.48rad) nav=vx:0.000 wz:0.000 cmd=vx:0.000 wz:0.000
[INFO] [1783013612.168391282] [basic_navigator]: [234.8s] dist=2.11m amcl=(0.96,-0.25 yaw=-0.48rad) odom=(0.96,-0.25 yaw=-0.48rad) nav=vx:0.000 wz:0.000 cmd=vx:0.000 wz:0.000
[INFO] [1783013612.376735202] [basic_navigator]: [235.0s] dist=2.11m amcl=(0.96,-0.25 yaw=-0.48rad) odom=(0.96,-0.25 yaw=-0.48rad) nav=vx:0.000 wz:0.000 cmd=vx:0.000 wz:0.000
[INFO] [1783013612.580563287] [basic_navigator]: [235.2s] dist=2.11m amcl=(0.96,-0.25 yaw=-0.48rad) odom=(0.96,-0.25 yaw=-0.48rad) nav=vx:0.000 wz:0.000 cmd=vx:0.000 wz:0.000
[INFO] [1783013612.789519809] [basic_navigator]: [235.4s] dist=2.11m amcl=(0.96,-0.25 yaw=-0.48rad) odom=(0.96,-0.25 yaw=-0.48rad) nav=vx:0.000 wz:0.000 cmd=vx:0.000 wz:0.000
[INFO] [1783013612.993792259] [basic_navigator]: [235.6s] dist=2.11m amcl=(0.96,-0.25 yaw=-0.48rad) odom=(0.96,-0.25 yaw=-0.48rad) nav=vx:0.000 wz:0.000 cmd=vx:0.000 wz:0.000
[INFO] [1783013613.198461945] [basic_navigator]: [235.9s] dist=2.11m amcl=(0.96,-0.25 yaw=-0.48rad) odom=(0.96,-0.25 yaw=-0.48rad) nav=vx:0.000 wz:0.000 cmd=vx:0.000 wz:0.000
[INFO] [1783013613.401751555] [basic_navigator]: [236.1s] dist=2.11m amcl=(0.96,-0.25 yaw=-0.48rad) odom=(0.96,-0.25 yaw=-0.48rad) nav=vx:0.000 wz:0.000 cmd=vx:0.000 wz:0.000
[INFO] [1783013613.606841660] [basic_navigator]: [236.3s] dist=2.11m amcl=(0.96,-0.25 yaw=-0.48rad) odom=(0.96,-0.25 yaw=-0.48rad) nav=vx:0.000 wz:0.000 cmd=vx:0.000 wz:0.000
[INFO] [1783013613.810443934] [basic_navigator]: [236.5s] dist=2.11m amcl=(0.96,-0.25 yaw=-0.48rad) odom=(0.96,-0.25 yaw=-0.48rad) nav=vx:0.000 wz:0.000 cmd=vx:0.000 wz:0.000
[INFO] [1783013614.013378945] [basic_navigator]: [236.7s] dist=2.11m amcl=(0.96,-0.25 yaw=-0.48rad) odom=(0.96,-0.25 yaw=-0.48rad) nav=vx:0.000 wz:0.000 cmd=vx:0.000 wz:0.000
[INFO] [1783013614.218443160] [basic_navigator]: [236.9s] dist=2.11m amcl=(0.96,-0.25 yaw=-0.48rad) odom=(0.96,-0.25 yaw=-0.48rad) nav=vx:0.000 wz:0.000 cmd=vx:0.000 wz:0.000
[INFO] [1783013614.421943696] [basic_navigator]: [237.1s] dist=2.11m amcl=(0.96,-0.25 yaw=-0.48rad) odom=(0.96,-0.25 yaw=-0.48rad) nav=vx:0.000 wz:0.000 cmd=vx:0.000 wz:0.000
[INFO] [1783013614.625470792] [basic_navigator]: [237.3s] dist=2.11m amcl=(0.96,-0.25 yaw=-0.48rad) odom=(0.96,-0.25 yaw=-0.48rad) nav=vx:0.000 wz:0.000 cmd=vx:0.000 wz:0.000
[INFO] [1783013614.829630056] [basic_navigator]: [237.5s] dist=2.11m amcl=(0.96,-0.25 yaw=-0.48rad) odom=(0.96,-0.25 yaw=-0.48rad) nav=vx:0.000 wz:0.000 cmd=vx:0.000 wz:0.000
[INFO] [1783013615.039819691] [basic_navigator]: [237.7s] dist=2.11m amcl=(0.96,-0.25 yaw=-0.48rad) odom=(0.96,-0.25 yaw=-0.48rad) nav=vx:0.000 wz:0.000 cmd=vx:0.000 wz:0.000
[INFO] [1783013615.242886157] [basic_navigator]: [237.9s] dist=2.11m amcl=(0.96,-0.25 yaw=-0.48rad) odom=(0.96,-0.25 yaw=-0.48rad) nav=vx:0.000 wz:0.000 cmd=vx:0.000 wz:0.000
[INFO] [1783013615.446331217] [basic_navigator]: [238.1s] dist=2.11m amcl=(0.96,-0.25 yaw=-0.48rad) odom=(0.96,-0.25 yaw=-0.48rad) nav=vx:0.000 wz:0.000 cmd=vx:0.000 wz:0.000
[INFO] [1783013615.649784452] [basic_navigator]: [238.3s] dist=2.11m amcl=(0.96,-0.25 yaw=-0.48rad) odom=(0.96,-0.25 yaw=-0.48rad) nav=vx:0.000 wz:0.000 cmd=vx:0.000 wz:0.000
[INFO] [1783013615.858431570] [basic_navigator]: [238.5s] dist=2.11m amcl=(0.96,-0.25 yaw=-0.48rad) odom=(0.96,-0.25 yaw=-0.48rad) nav=vx:0.000 wz:0.000 cmd=vx:0.000 wz:0.000
[INFO] [1783013616.061536103] [basic_navigator]: [238.7s] dist=2.11m amcl=(0.96,-0.25 yaw=-0.48rad) odom=(0.96,-0.25 yaw=-0.48rad) nav=vx:0.000 wz:0.000 cmd=vx:0.000 wz:0.000
[INFO] [1783013616.265711005] [basic_navigator]: [238.9s] dist=2.11m amcl=(0.96,-0.25 yaw=-0.48rad) odom=(0.96,-0.25 yaw=-0.48rad) nav=vx:0.000 wz:0.000 cmd=vx:0.000 wz:0.000
[INFO] [1783013616.476385473] [basic_navigator]: [239.1s] dist=2.11m amcl=(0.96,-0.25 yaw=-0.48rad) odom=(0.96,-0.25 yaw=-0.48rad) nav=vx:0.000 wz:0.000 cmd=vx:0.000 wz:0.000
[INFO] [1783013616.681364651] [basic_navigator]: [239.3s] dist=2.11m amcl=(0.96,-0.25 yaw=-0.48rad) odom=(0.96,-0.25 yaw=-0.48rad) nav=vx:0.000 wz:0.000 cmd=vx:0.000 wz:0.000
[INFO] [1783013616.890749159] [basic_navigator]: [239.5s] dist=2.11m amcl=(0.96,-0.25 yaw=-0.48rad) odom=(0.96,-0.25 yaw=-0.48rad) nav=vx:0.000 wz:0.000 cmd=vx:0.000 wz:0.000
[INFO] [1783013617.093920076] [basic_navigator]: [239.7s] dist=2.11m amcl=(0.96,-0.25 yaw=-0.48rad) odom=(0.96,-0.25 yaw=-0.48rad) nav=vx:0.000 wz:0.000 cmd=vx:0.000 wz:0.000
[INFO] [1783013617.298801746] [basic_navigator]: [240.0s] dist=2.11m amcl=(0.96,-0.25 yaw=-0.48rad) odom=(0.96,-0.25 yaw=-0.48rad) nav=vx:0.000 wz:0.000 cmd=vx:0.000 wz:0.000
[INFO] [1783013617.502031947] [basic_navigator]: [240.2s] dist=2.11m amcl=(0.96,-0.25 yaw=-0.48rad) odom=(0.96,-0.25 yaw=-0.48rad) nav=vx:0.000 wz:0.000 cmd=vx:0.000 wz:0.000
[INFO] [1783013617.705485042] [basic_navigator]: [240.4s] dist=2.11m amcl=(0.96,-0.25 yaw=-0.48rad) odom=(0.96,-0.25 yaw=-0.48rad) nav=vx:0.000 wz:0.000 cmd=vx:0.000 wz:0.000
[INFO] [1783013617.911571658] [basic_navigator]: [240.6s] dist=2.11m amcl=(0.96,-0.25 yaw=-0.48rad) odom=(0.96,-0.25 yaw=-0.48rad) nav=vx:0.000 wz:0.000 cmd=vx:0.000 wz:0.000
[INFO] [1783013618.115808576] [basic_navigator]: [240.8s] dist=2.11m amcl=(0.96,-0.25 yaw=-0.48rad) odom=(0.96,-0.25 yaw=-0.48rad) nav=vx:0.000 wz:0.000 cmd=vx:0.000 wz:0.000
[INFO] [1783013618.320745705] [basic_navigator]: [241.0s] dist=2.11m amcl=(0.96,-0.25 yaw=-0.48rad) odom=(0.96,-0.25 yaw=-0.48rad) nav=vx:0.000 wz:0.000 cmd=vx:0.000 wz:0.000
[INFO] [1783013618.524781254] [basic_navigator]: [241.2s] dist=2.11m amcl=(0.96,-0.25 yaw=-0.48rad) odom=(0.96,-0.25 yaw=-0.48rad) nav=vx:0.000 wz:0.000 cmd=vx:0.000 wz:0.000
[INFO] [1783013618.728259879] [basic_navigator]: [241.4s] dist=2.11m amcl=(0.96,-0.25 yaw=-0.48rad) odom=(0.96,-0.25 yaw=-0.48rad) nav=vx:0.000 wz:0.000 cmd=vx:0.000 wz:0.000
[INFO] [1783013618.934569121] [basic_navigator]: [241.6s] dist=2.11m amcl=(0.96,-0.25 yaw=-0.48rad) odom=(0.96,-0.25 yaw=-0.48rad) nav=vx:0.000 wz:0.000 cmd=vx:0.000 wz:0.000
[INFO] [1783013619.137965041] [basic_navigator]: [241.8s] dist=2.11m amcl=(0.96,-0.25 yaw=-0.48rad) odom=(0.96,-0.25 yaw=-0.48rad) nav=vx:0.000 wz:0.000 cmd=vx:0.000 wz:0.000
[INFO] [1783013619.341184785] [basic_navigator]: [242.0s] dist=2.11m amcl=(0.96,-0.25 yaw=-0.48rad) odom=(0.96,-0.25 yaw=-0.48rad) nav=vx:0.000 wz:0.000 cmd=vx:0.000 wz:0.000
[INFO] [1783013619.544456413] [basic_navigator]: [242.2s] dist=2.11m amcl=(0.96,-0.25 yaw=-0.48rad) odom=(0.96,-0.25 yaw=-0.48rad) nav=vx:0.000 wz:0.000 cmd=vx:0.000 wz:0.000
[INFO] [1783013619.749487285] [basic_navigator]: [242.4s] dist=2.11m amcl=(0.96,-0.25 yaw=-0.48rad) odom=(0.96,-0.25 yaw=-0.48rad) nav=vx:0.000 wz:0.000 cmd=vx:0.000 wz:0.000
[INFO] [1783013619.962397869] [basic_navigator]: [242.6s] dist=2.11m amcl=(0.96,-0.25 yaw=-0.48rad) odom=(0.96,-0.25 yaw=-0.48rad) nav=vx:0.000 wz:0.000 cmd=vx:0.000 wz:0.000
[INFO] [1783013620.168232068] [basic_navigator]: [242.8s] dist=2.11m amcl=(0.96,-0.25 yaw=-0.48rad) odom=(0.96,-0.25 yaw=-0.48rad) nav=vx:0.000 wz:0.000 cmd=vx:0.000 wz:0.000
[INFO] [1783013620.372046742] [basic_navigator]: [243.0s] dist=2.11m amcl=(0.96,-0.25 yaw=-0.48rad) odom=(0.96,-0.25 yaw=-0.48rad) nav=vx:0.000 wz:0.000 cmd=vx:0.000 wz:0.000
[INFO] [1783013620.578136324] [basic_navigator]: [243.2s] dist=2.11m amcl=(0.96,-0.25 yaw=-0.48rad) odom=(0.96,-0.25 yaw=-0.48rad) nav=vx:0.000 wz:0.000 cmd=vx:0.000 wz:0.000
[INFO] [1783013620.785712793] [basic_navigator]: [243.4s] dist=2.11m amcl=(0.96,-0.25 yaw=-0.48rad) odom=(0.96,-0.25 yaw=-0.48rad) nav=vx:0.000 wz:0.000 cmd=vx:0.000 wz:0.000
[INFO] [1783013620.993648113] [basic_navigator]: [243.6s] dist=2.11m amcl=(0.96,-0.25 yaw=-0.48rad) odom=(0.96,-0.25 yaw=-0.48rad) nav=vx:0.000 wz:0.000 cmd=vx:0.000 wz:0.000
[INFO] [1783013621.198093646] [basic_navigator]: [243.9s] dist=2.11m amcl=(0.96,-0.25 yaw=-0.48rad) odom=(0.96,-0.25 yaw=-0.48rad) nav=vx:0.000 wz:0.000 cmd=vx:0.000 wz:0.000
[INFO] [1783013621.401584548] [basic_navigator]: [244.1s] dist=2.11m amcl=(0.96,-0.25 yaw=-0.48rad) odom=(0.96,-0.25 yaw=-0.48rad) nav=vx:0.000 wz:0.000 cmd=vx:0.000 wz:0.000
[INFO] [1783013621.605665763] [basic_navigator]: [244.3s] dist=2.11m amcl=(0.96,-0.25 yaw=-0.48rad) odom=(0.96,-0.25 yaw=-0.48rad) nav=vx:0.000 wz:0.000 cmd=vx:0.000 wz:0.000
[INFO] [1783013621.811406470] [basic_navigator]: [244.5s] dist=2.11m amcl=(0.96,-0.25 yaw=-0.48rad) odom=(0.96,-0.25 yaw=-0.48rad) nav=vx:0.000 wz:0.000 cmd=vx:0.000 wz:0.000
[INFO] [1783013622.017510119] [basic_navigator]: [244.7s] dist=2.11m amcl=(0.96,-0.25 yaw=-0.48rad) odom=(0.96,-0.25 yaw=-0.48rad) nav=vx:0.000 wz:0.000 cmd=vx:0.000 wz:0.000
[INFO] [1783013622.220872196] [basic_navigator]: [244.9s] dist=2.11m amcl=(0.96,-0.25 yaw=-0.48rad) odom=(0.96,-0.25 yaw=-0.48rad) nav=vx:0.000 wz:0.000 cmd=vx:0.000 wz:0.000
[INFO] [1783013622.424222237] [basic_navigator]: [245.1s] dist=2.11m amcl=(0.96,-0.25 yaw=-0.48rad) odom=(0.96,-0.25 yaw=-0.48rad) nav=vx:0.000 wz:0.000 cmd=vx:0.000 wz:0.000
[INFO] [1783013622.627761371] [basic_navigator]: [245.3s] dist=2.11m amcl=(0.96,-0.25 yaw=-0.48rad) odom=(0.96,-0.25 yaw=-0.48rad) nav=vx:0.000 wz:0.000 cmd=vx:0.000 wz:0.000
[INFO] [1783013622.831263277] [basic_navigator]: [245.5s] dist=2.11m amcl=(0.96,-0.25 yaw=-0.48rad) odom=(0.96,-0.25 yaw=-0.48rad) nav=vx:0.000 wz:0.000 cmd=vx:0.000 wz:0.000
[INFO] [1783013623.035812407] [basic_navigator]: [245.7s] dist=2.11m amcl=(0.96,-0.25 yaw=-0.48rad) odom=(0.96,-0.25 yaw=-0.48rad) nav=vx:0.000 wz:0.000 cmd=vx:0.000 wz:0.000
[INFO] [1783013623.238516141] [basic_navigator]: [245.9s] dist=2.11m amcl=(0.96,-0.25 yaw=-0.48rad) odom=(0.96,-0.25 yaw=-0.48rad) nav=vx:0.000 wz:0.000 cmd=vx:0.000 wz:0.000
[INFO] [1783013623.443021964] [basic_navigator]: [246.1s] dist=2.11m amcl=(0.96,-0.25 yaw=-0.48rad) odom=(0.96,-0.25 yaw=-0.48rad) nav=vx:0.000 wz:0.000 cmd=vx:0.000 wz:0.000
[INFO] [1783013623.648070348] [basic_navigator]: [246.3s] dist=2.11m amcl=(0.96,-0.25 yaw=-0.48rad) odom=(0.96,-0.25 yaw=-0.48rad) nav=vx:0.000 wz:0.000 cmd=vx:0.000 wz:0.000
[INFO] [1783013623.850601800] [basic_navigator]: [246.5s] dist=2.11m amcl=(0.96,-0.25 yaw=-0.48rad) odom=(0.96,-0.25 yaw=-0.48rad) nav=vx:0.000 wz:0.000 cmd=vx:0.000 wz:0.000
[INFO] [1783013624.054161687] [basic_navigator]: [246.7s] dist=2.11m amcl=(0.96,-0.25 yaw=-0.48rad) odom=(0.96,-0.25 yaw=-0.48rad) nav=vx:0.000 wz:0.000 cmd=vx:0.000 wz:0.000
[INFO] [1783013624.258823657] [basic_navigator]: [246.9s] dist=2.11m amcl=(0.96,-0.25 yaw=-0.48rad) odom=(0.96,-0.25 yaw=-0.48rad) nav=vx:0.000 wz:0.000 cmd=vx:0.000 wz:0.000
[INFO] [1783013624.463964974] [basic_navigator]: [247.1s] dist=2.11m amcl=(0.96,-0.25 yaw=-0.48rad) odom=(0.96,-0.25 yaw=-0.48rad) nav=vx:0.000 wz:0.000 cmd=vx:0.000 wz:0.000
[INFO] [1783013624.667479725] [basic_navigator]: [247.3s] dist=2.11m amcl=(0.96,-0.25 yaw=-0.48rad) odom=(0.96,-0.25 yaw=-0.48rad) nav=vx:0.000 wz:0.000 cmd=vx:0.000 wz:0.000
[INFO] [1783013624.871873334] [basic_navigator]: [247.5s] dist=2.11m amcl=(0.96,-0.25 yaw=-0.48rad) odom=(0.96,-0.25 yaw=-0.48rad) nav=vx:0.000 wz:0.000 cmd=vx:0.000 wz:0.000
[INFO] [1783013625.076153053] [basic_navigator]: [247.7s] dist=2.11m amcl=(0.96,-0.25 yaw=-0.48rad) odom=(0.96,-0.25 yaw=-0.48rad) nav=vx:0.000 wz:0.000 cmd=vx:0.000 wz:0.000
[INFO] [1783013625.278671398] [basic_navigator]: [247.9s] dist=2.11m amcl=(0.96,-0.25 yaw=-0.48rad) odom=(0.96,-0.25 yaw=-0.48rad) nav=vx:0.000 wz:0.000 cmd=vx:0.000 wz:0.000
[INFO] [1783013625.488536564] [basic_navigator]: [248.1s] dist=2.11m amcl=(0.96,-0.25 yaw=-0.48rad) odom=(0.96,-0.25 yaw=-0.48rad) nav=vx:0.000 wz:0.000 cmd=vx:0.000 wz:0.000
[INFO] [1783013625.691700779] [basic_navigator]: [248.3s] dist=2.11m amcl=(0.96,-0.25 yaw=-0.48rad) odom=(0.96,-0.25 yaw=-0.48rad) nav=vx:0.000 wz:0.000 cmd=vx:0.000 wz:0.000
[INFO] [1783013625.896354284] [basic_navigator]: [248.5s] dist=2.11m amcl=(0.96,-0.25 yaw=-0.48rad) odom=(0.96,-0.25 yaw=-0.48rad) nav=vx:0.000 wz:0.000 cmd=vx:0.000 wz:0.000
[INFO] [1783013626.099377571] [basic_navigator]: [248.8s] dist=2.11m amcl=(0.96,-0.25 yaw=-0.48rad) odom=(0.96,-0.25 yaw=-0.48rad) nav=vx:0.000 wz:0.000 cmd=vx:0.000 wz:0.000
[INFO] [1783013626.303985307] [basic_navigator]: [249.0s] dist=2.11m amcl=(0.96,-0.25 yaw=-0.48rad) odom=(0.96,-0.25 yaw=-0.48rad) nav=vx:0.000 wz:0.000 cmd=vx:0.000 wz:0.000
[INFO] [1783013626.507575065] [basic_navigator]: [249.2s] dist=2.11m amcl=(0.96,-0.25 yaw=-0.48rad) odom=(0.96,-0.25 yaw=-0.48rad) nav=vx:0.000 wz:0.000 cmd=vx:0.000 wz:0.000
[INFO] [1783013626.711979707] [basic_navigator]: [249.4s] dist=2.11m amcl=(0.96,-0.25 yaw=-0.48rad) odom=(0.96,-0.25 yaw=-0.48rad) nav=vx:0.000 wz:0.000 cmd=vx:0.000 wz:0.000
[INFO] [1783013626.915239254] [basic_navigator]: [249.6s] dist=2.11m amcl=(0.96,-0.25 yaw=-0.48rad) odom=(0.96,-0.25 yaw=-0.48rad) nav=vx:0.000 wz:0.000 cmd=vx:0.000 wz:0.000
[INFO] [1783013627.123124490] [basic_navigator]: [249.8s] dist=2.11m amcl=(0.96,-0.25 yaw=-0.48rad) odom=(0.96,-0.25 yaw=-0.48rad) nav=vx:0.000 wz:0.000 cmd=vx:0.000 wz:0.000
[INFO] [1783013627.327211538] [basic_navigator]: [250.0s] dist=2.11m amcl=(0.96,-0.25 yaw=-0.48rad) odom=(0.96,-0.25 yaw=-0.48rad) nav=vx:0.000 wz:0.000 cmd=vx:0.000 wz:0.000
[INFO] [1783013627.531634065] [basic_navigator]: [250.2s] dist=2.11m amcl=(0.96,-0.25 yaw=-0.48rad) odom=(0.96,-0.25 yaw=-0.48rad) nav=vx:0.000 wz:0.000 cmd=vx:0.000 wz:0.000
[INFO] [1783013627.735055319] [basic_navigator]: [250.4s] dist=2.11m amcl=(0.96,-0.25 yaw=-0.48rad) odom=(0.96,-0.25 yaw=-0.48rad) nav=vx:0.000 wz:0.000 cmd=vx:0.000 wz:0.000
[INFO] [1783013627.938052579] [basic_navigator]: [250.6s] dist=2.11m amcl=(0.96,-0.25 yaw=-0.48rad) odom=(0.96,-0.25 yaw=-0.48rad) nav=vx:0.000 wz:0.000 cmd=vx:0.000 wz:0.000
[INFO] [1783013628.140720588] [basic_navigator]: [250.8s] dist=2.11m amcl=(0.96,-0.25 yaw=-0.48rad) odom=(0.96,-0.25 yaw=-0.48rad) nav=vx:0.000 wz:0.000 cmd=vx:0.000 wz:0.000
[INFO] [1783013628.344580068] [basic_navigator]: [251.0s] dist=2.11m amcl=(0.96,-0.25 yaw=-0.48rad) odom=(0.96,-0.25 yaw=-0.48rad) nav=vx:0.000 wz:0.000 cmd=vx:0.000 wz:0.000
[INFO] [1783013628.548687245] [basic_navigator]: [251.2s] dist=2.11m amcl=(0.96,-0.25 yaw=-0.48rad) odom=(0.96,-0.25 yaw=-0.48rad) nav=vx:0.000 wz:0.000 cmd=vx:0.000 wz:0.000
[INFO] [1783013628.752706450] [basic_navigator]: [251.4s] dist=2.11m amcl=(0.96,-0.25 yaw=-0.48rad) odom=(0.96,-0.25 yaw=-0.48rad) nav=vx:0.000 wz:0.000 cmd=vx:0.000 wz:0.000
[INFO] [1783013628.960120895] [basic_navigator]: [251.6s] dist=2.11m amcl=(0.96,-0.25 yaw=-0.48rad) odom=(0.96,-0.25 yaw=-0.48rad) nav=vx:0.000 wz:0.000 cmd=vx:0.000 wz:0.000
[INFO] [1783013629.164646998] [basic_navigator]: [251.8s] dist=2.11m amcl=(0.96,-0.25 yaw=-0.48rad) odom=(0.96,-0.25 yaw=-0.48rad) nav=vx:0.000 wz:0.000 cmd=vx:0.000 wz:0.000
[INFO] [1783013629.368529989] [basic_navigator]: [252.0s] dist=2.11m amcl=(0.96,-0.25 yaw=-0.48rad) odom=(0.96,-0.25 yaw=-0.48rad) nav=vx:0.000 wz:0.000 cmd=vx:0.000 wz:0.000
[INFO] [1783013629.574522167] [basic_navigator]: [252.2s] dist=2.11m amcl=(0.96,-0.25 yaw=-0.48rad) odom=(0.96,-0.25 yaw=-0.48rad) nav=vx:0.000 wz:0.000 cmd=vx:0.000 wz:0.000
[INFO] [1783013629.779509148] [basic_navigator]: [252.4s] dist=2.11m amcl=(0.96,-0.25 yaw=-0.48rad) odom=(0.96,-0.25 yaw=-0.48rad) nav=vx:0.000 wz:0.000 cmd=vx:0.000 wz:0.000
[INFO] [1783013629.981370611] [basic_navigator]: [252.6s] dist=2.11m amcl=(0.96,-0.25 yaw=-0.48rad) odom=(0.96,-0.25 yaw=-0.48rad) nav=vx:0.000 wz:0.000 cmd=vx:0.000 wz:0.000
[INFO] [1783013630.188543294] [basic_navigator]: [252.8s] dist=2.11m amcl=(0.96,-0.25 yaw=-0.48rad) odom=(0.96,-0.25 yaw=-0.48rad) nav=vx:0.000 wz:0.000 cmd=vx:0.000 wz:0.000
[INFO] [1783013630.391608055] [basic_navigator]: [253.0s] dist=2.11m amcl=(0.96,-0.25 yaw=-0.48rad) odom=(0.96,-0.25 yaw=-0.48rad) nav=vx:0.000 wz:0.000 cmd=vx:0.000 wz:0.000
[INFO] [1783013630.597014751] [basic_navigator]: [253.3s] dist=2.11m amcl=(0.96,-0.25 yaw=-0.48rad) odom=(0.96,-0.25 yaw=-0.48rad) nav=vx:0.000 wz:0.000 cmd=vx:0.000 wz:0.000
[INFO] [1783013630.799947364] [basic_navigator]: [253.5s] dist=2.11m amcl=(0.96,-0.25 yaw=-0.48rad) odom=(0.96,-0.25 yaw=-0.48rad) nav=vx:0.000 wz:0.000 cmd=vx:0.000 wz:0.000
[INFO] [1783013631.007677572] [basic_navigator]: [253.7s] dist=2.11m amcl=(0.96,-0.25 yaw=-0.48rad) odom=(0.96,-0.25 yaw=-0.48rad) nav=vx:0.000 wz:0.000 cmd=vx:0.000 wz:0.000
[INFO] [1783013631.211001726] [basic_navigator]: [253.9s] dist=2.11m amcl=(0.96,-0.25 yaw=-0.48rad) odom=(0.96,-0.25 yaw=-0.48rad) nav=vx:0.000 wz:0.000 cmd=vx:0.000 wz:0.000
[INFO] [1783013631.416281211] [basic_navigator]: [254.1s] dist=2.11m amcl=(0.96,-0.25 yaw=-0.48rad) odom=(0.96,-0.25 yaw=-0.48rad) nav=vx:0.000 wz:0.000 cmd=vx:0.000 wz:0.000
[INFO] [1783013631.619301903] [basic_navigator]: [254.3s] dist=2.11m amcl=(0.96,-0.25 yaw=-0.48rad) odom=(0.96,-0.25 yaw=-0.48rad) nav=vx:0.000 wz:0.000 cmd=vx:0.000 wz:0.000
[INFO] [1783013631.825248644] [basic_navigator]: [254.5s] dist=2.11m amcl=(0.96,-0.25 yaw=-0.48rad) odom=(0.96,-0.25 yaw=-0.48rad) nav=vx:0.000 wz:0.000 cmd=vx:0.000 wz:0.000
[INFO] [1783013632.029886259] [basic_navigator]: [254.7s] dist=2.11m amcl=(0.96,-0.25 yaw=-0.48rad) odom=(0.96,-0.25 yaw=-0.48rad) nav=vx:0.000 wz:0.000 cmd=vx:0.000 wz:0.000
[INFO] [1783013632.232751406] [basic_navigator]: [254.9s] dist=2.11m amcl=(0.96,-0.25 yaw=-0.48rad) odom=(0.96,-0.25 yaw=-0.48rad) nav=vx:0.000 wz:0.000 cmd=vx:0.000 wz:0.000
[INFO] [1783013632.441034778] [basic_navigator]: [255.1s] dist=2.11m amcl=(0.96,-0.25 yaw=-0.48rad) odom=(0.96,-0.25 yaw=-0.48rad) nav=vx:0.000 wz:0.000 cmd=vx:0.000 wz:0.000
[INFO] [1783013632.646937117] [basic_navigator]: [255.3s] dist=2.11m amcl=(0.96,-0.25 yaw=-0.48rad) odom=(0.96,-0.25 yaw=-0.48rad) nav=vx:0.000 wz:0.000 cmd=vx:0.000 wz:0.000
[INFO] [1783013632.851434262] [basic_navigator]: [255.5s] dist=2.11m amcl=(0.96,-0.25 yaw=-0.48rad) odom=(0.96,-0.25 yaw=-0.48rad) nav=vx:0.000 wz:0.000 cmd=vx:0.000 wz:0.000
[INFO] [1783013633.054130123] [basic_navigator]: [255.7s] dist=2.11m amcl=(0.96,-0.25 yaw=-0.48rad) odom=(0.96,-0.25 yaw=-0.48rad) nav=vx:0.000 wz:0.000 cmd=vx:0.000 wz:0.000
[INFO] [1783013633.258247602] [basic_navigator]: [255.9s] dist=2.11m amcl=(0.96,-0.25 yaw=-0.48rad) odom=(0.96,-0.25 yaw=-0.48rad) nav=vx:0.000 wz:0.000 cmd=vx:0.000 wz:0.000
[INFO] [1783013633.462467749] [basic_navigator]: [256.1s] dist=2.11m amcl=(0.96,-0.25 yaw=-0.48rad) odom=(0.96,-0.25 yaw=-0.48rad) nav=vx:0.000 wz:0.000 cmd=vx:0.000 wz:0.000
[INFO] [1783013633.667656044] [basic_navigator]: [256.3s] dist=2.11m amcl=(0.96,-0.25 yaw=-0.48rad) odom=(0.96,-0.25 yaw=-0.48rad) nav=vx:0.000 wz:0.000 cmd=vx:0.000 wz:0.000
[INFO] [1783013633.876005230] [basic_navigator]: [256.5s] dist=2.11m amcl=(0.96,-0.25 yaw=-0.48rad) odom=(0.96,-0.25 yaw=-0.48rad) nav=vx:0.000 wz:0.000 cmd=vx:0.000 wz:0.000
[INFO] [1783013634.087969282] [basic_navigator]: [256.7s] dist=2.11m amcl=(0.96,-0.25 yaw=-0.48rad) odom=(0.96,-0.25 yaw=-0.48rad) nav=vx:0.000 wz:0.000 cmd=vx:0.000 wz:0.000
[INFO] [1783013634.297305292] [basic_navigator]: [256.9s] dist=2.11m amcl=(0.96,-0.25 yaw=-0.48rad) odom=(0.96,-0.25 yaw=-0.48rad) nav=vx:0.000 wz:0.000 cmd=vx:0.000 wz:0.000
[INFO] [1783013634.508805233] [basic_navigator]: [257.2s] dist=2.11m amcl=(0.96,-0.25 yaw=-0.48rad) odom=(0.96,-0.25 yaw=-0.48rad) nav=vx:0.000 wz:0.000 cmd=vx:0.000 wz:0.000
[INFO] [1783013634.712416743] [basic_navigator]: [257.4s] dist=2.11m amcl=(0.96,-0.25 yaw=-0.48rad) odom=(0.96,-0.25 yaw=-0.48rad) nav=vx:0.000 wz:0.000 cmd=vx:0.000 wz:0.000
[INFO] [1783013634.915177742] [basic_navigator]: [257.6s] dist=2.11m amcl=(0.96,-0.25 yaw=-0.48rad) odom=(0.96,-0.25 yaw=-0.48rad) nav=vx:0.000 wz:0.000 cmd=vx:0.000 wz:0.000
[INFO] [1783013635.118400618] [basic_navigator]: [257.8s] dist=2.11m amcl=(0.96,-0.25 yaw=-0.48rad) odom=(0.96,-0.25 yaw=-0.48rad) nav=vx:0.000 wz:0.000 cmd=vx:0.000 wz:0.000
[INFO] [1783013635.320428291] [basic_navigator]: [258.0s] dist=2.11m amcl=(0.96,-0.25 yaw=-0.48rad) odom=(0.96,-0.25 yaw=-0.48rad) nav=vx:0.000 wz:0.000 cmd=vx:0.000 wz:0.000
[INFO] [1783013635.524260446] [basic_navigator]: [258.2s] dist=2.11m amcl=(0.96,-0.25 yaw=-0.48rad) odom=(0.96,-0.25 yaw=-0.48rad) nav=vx:0.000 wz:0.000 cmd=vx:0.000 wz:0.000
[INFO] [1783013635.729122702] [basic_navigator]: [258.4s] dist=2.11m amcl=(0.96,-0.25 yaw=-0.48rad) odom=(0.96,-0.25 yaw=-0.48rad) nav=vx:0.000 wz:0.000 cmd=vx:0.000 wz:0.000
[INFO] [1783013635.932241915] [basic_navigator]: [258.6s] dist=2.11m amcl=(0.96,-0.25 yaw=-0.48rad) odom=(0.96,-0.25 yaw=-0.48rad) nav=vx:0.000 wz:0.000 cmd=vx:0.000 wz:0.000
[INFO] [1783013636.135629189] [basic_navigator]: [258.8s] dist=2.11m amcl=(0.96,-0.25 yaw=-0.48rad) odom=(0.96,-0.25 yaw=-0.48rad) nav=vx:0.000 wz:0.000 cmd=vx:0.000 wz:0.000
[INFO] [1783013636.338891555] [basic_navigator]: [259.0s] dist=2.11m amcl=(0.96,-0.25 yaw=-0.48rad) odom=(0.96,-0.25 yaw=-0.48rad) nav=vx:0.000 wz:0.000 cmd=vx:0.000 wz:0.000
[INFO] [1783013636.542289423] [basic_navigator]: [259.2s] dist=2.11m amcl=(0.96,-0.25 yaw=-0.48rad) odom=(0.96,-0.25 yaw=-0.48rad) nav=vx:0.000 wz:0.000 cmd=vx:0.000 wz:0.000
[INFO] [1783013636.746173627] [basic_navigator]: [259.4s] dist=2.11m amcl=(0.96,-0.25 yaw=-0.48rad) odom=(0.96,-0.25 yaw=-0.48rad) nav=vx:0.000 wz:0.000 cmd=vx:0.000 wz:0.000
[INFO] [1783013636.950836386] [basic_navigator]: [259.6s] dist=2.11m amcl=(0.96,-0.25 yaw=-0.48rad) odom=(0.96,-0.25 yaw=-0.48rad) nav=vx:0.000 wz:0.000 cmd=vx:0.000 wz:0.000
[INFO] [1783013637.159413864] [basic_navigator]: [259.8s] dist=2.11m amcl=(0.96,-0.25 yaw=-0.48rad) odom=(0.96,-0.25 yaw=-0.48rad) nav=vx:0.000 wz:0.000 cmd=vx:0.000 wz:0.000
[INFO] [1783013637.365161722] [basic_navigator]: [260.0s] dist=2.11m amcl=(0.96,-0.25 yaw=-0.48rad) odom=(0.96,-0.25 yaw=-0.48rad) nav=vx:0.000 wz:0.000 cmd=vx:0.000 wz:0.000
[INFO] [1783013637.568376393] [basic_navigator]: [260.2s] dist=2.11m amcl=(0.96,-0.25 yaw=-0.48rad) odom=(0.96,-0.25 yaw=-0.48rad) nav=vx:0.000 wz:0.000 cmd=vx:0.000 wz:0.000
[INFO] [1783013637.770689078] [basic_navigator]: [260.4s] dist=2.11m amcl=(0.96,-0.25 yaw=-0.48rad) odom=(0.96,-0.25 yaw=-0.48rad) nav=vx:0.000 wz:0.000 cmd=vx:0.000 wz:0.000
[INFO] [1783013637.974458843] [basic_navigator]: [260.6s] dist=2.11m amcl=(0.96,-0.25 yaw=-0.48rad) odom=(0.96,-0.25 yaw=-0.48rad) nav=vx:0.000 wz:0.000 cmd=vx:0.000 wz:0.000
[INFO] [1783013638.179212508] [basic_navigator]: [260.8s] dist=2.11m amcl=(0.96,-0.25 yaw=-0.48rad) odom=(0.96,-0.25 yaw=-0.48rad) nav=vx:0.000 wz:0.000 cmd=vx:0.000 wz:0.000
[INFO] [1783013638.395986328] [basic_navigator]: [261.0s] dist=2.11m amcl=(0.96,-0.25 yaw=-0.48rad) odom=(0.96,-0.25 yaw=-0.48rad) nav=vx:0.000 wz:0.000 cmd=vx:0.000 wz:0.000
[INFO] [1783013638.601103977] [basic_navigator]: [261.3s] dist=2.11m amcl=(0.96,-0.25 yaw=-0.48rad) odom=(0.96,-0.25 yaw=-0.48rad) nav=vx:0.000 wz:0.000 cmd=vx:0.000 wz:0.000
[INFO] [1783013638.805669309] [basic_navigator]: [261.5s] dist=2.11m amcl=(0.96,-0.25 yaw=-0.48rad) odom=(0.96,-0.25 yaw=-0.48rad) nav=vx:0.000 wz:0.000 cmd=vx:0.000 wz:0.000
[INFO] [1783013639.009943549] [basic_navigator]: [261.7s] dist=2.11m amcl=(0.96,-0.25 yaw=-0.48rad) odom=(0.96,-0.25 yaw=-0.48rad) nav=vx:0.000 wz:0.000 cmd=vx:0.000 wz:0.000
[INFO] [1783013639.214911354] [basic_navigator]: [261.9s] dist=2.11m amcl=(0.96,-0.25 yaw=-0.48rad) odom=(0.96,-0.25 yaw=-0.48rad) nav=vx:0.000 wz:0.000 cmd=vx:0.000 wz:0.000
[INFO] [1783013639.418291835] [basic_navigator]: [262.1s] dist=2.11m amcl=(0.96,-0.25 yaw=-0.48rad) odom=(0.96,-0.25 yaw=-0.48rad) nav=vx:0.000 wz:0.000 cmd=vx:0.000 wz:0.000
[INFO] [1783013639.621330139] [basic_navigator]: [262.3s] dist=2.11m amcl=(0.96,-0.25 yaw=-0.48rad) odom=(0.96,-0.25 yaw=-0.48rad) nav=vx:0.000 wz:0.000 cmd=vx:0.000 wz:0.000
[INFO] [1783013639.824830596] [basic_navigator]: [262.5s] dist=2.11m amcl=(0.96,-0.25 yaw=-0.48rad) odom=(0.96,-0.25 yaw=-0.48rad) nav=vx:0.000 wz:0.000 cmd=vx:0.000 wz:0.000
[INFO] [1783013640.032791372] [basic_navigator]: [262.7s] dist=2.11m amcl=(0.96,-0.25 yaw=-0.48rad) odom=(0.96,-0.25 yaw=-0.48rad) nav=vx:0.000 wz:0.000 cmd=vx:0.000 wz:0.000
[INFO] [1783013640.236429055] [basic_navigator]: [262.9s] dist=2.11m amcl=(0.96,-0.25 yaw=-0.48rad) odom=(0.96,-0.25 yaw=-0.48rad) nav=vx:0.000 wz:0.000 cmd=vx:0.000 wz:0.000
[INFO] [1783013640.442452067] [basic_navigator]: [263.1s] dist=2.11m amcl=(0.96,-0.25 yaw=-0.48rad) odom=(0.96,-0.25 yaw=-0.48rad) nav=vx:0.000 wz:0.000 cmd=vx:0.000 wz:0.000
[INFO] [1783013640.646506813] [basic_navigator]: [263.3s] dist=2.11m amcl=(0.96,-0.25 yaw=-0.48rad) odom=(0.96,-0.25 yaw=-0.48rad) nav=vx:0.000 wz:0.000 cmd=vx:0.000 wz:0.000
[INFO] [1783013640.849072116] [basic_navigator]: [263.5s] dist=2.11m amcl=(0.96,-0.25 yaw=-0.48rad) odom=(0.96,-0.25 yaw=-0.48rad) nav=vx:0.000 wz:0.000 cmd=vx:0.000 wz:0.000
[INFO] [1783013641.053406649] [basic_navigator]: [263.7s] dist=2.11m amcl=(0.96,-0.25 yaw=-0.48rad) odom=(0.96,-0.25 yaw=-0.48rad) nav=vx:0.000 wz:0.000 cmd=vx:0.000 wz:0.000
[INFO] [1783013641.257222741] [basic_navigator]: [263.9s] dist=2.11m amcl=(0.96,-0.25 yaw=-0.48rad) odom=(0.96,-0.25 yaw=-0.48rad) nav=vx:0.000 wz:0.000 cmd=vx:0.000 wz:0.000
[INFO] [1783013641.464594927] [basic_navigator]: [264.1s] dist=2.11m amcl=(0.96,-0.25 yaw=-0.48rad) odom=(0.96,-0.25 yaw=-0.48rad) nav=vx:0.000 wz:0.000 cmd=vx:0.000 wz:0.000
[INFO] [1783013641.669979446] [basic_navigator]: [264.3s] dist=2.11m amcl=(0.96,-0.25 yaw=-0.48rad) odom=(0.96,-0.25 yaw=-0.48rad) nav=vx:0.000 wz:0.000 cmd=vx:0.000 wz:0.000
[INFO] [1783013641.877653044] [basic_navigator]: [264.5s] dist=2.11m amcl=(0.96,-0.25 yaw=-0.48rad) odom=(0.96,-0.25 yaw=-0.48rad) nav=vx:0.000 wz:0.000 cmd=vx:0.000 wz:0.000
[INFO] [1783013642.088012526] [basic_navigator]: [264.7s] dist=2.11m amcl=(0.96,-0.25 yaw=-0.48rad) odom=(0.96,-0.25 yaw=-0.48rad) nav=vx:0.000 wz:0.000 cmd=vx:0.000 wz:0.000
[INFO] [1783013642.292622893] [basic_navigator]: [264.9s] dist=2.11m amcl=(0.96,-0.25 yaw=-0.48rad) odom=(0.96,-0.25 yaw=-0.48rad) nav=vx:0.000 wz:0.000 cmd=vx:0.000 wz:0.000
[INFO] [1783013642.502067270] [basic_navigator]: [265.2s] dist=2.11m amcl=(0.96,-0.25 yaw=-0.48rad) odom=(0.96,-0.25 yaw=-0.48rad) nav=vx:0.000 wz:0.000 cmd=vx:0.000 wz:0.000
[INFO] [1783013642.706000060] [basic_navigator]: [265.4s] dist=2.11m amcl=(0.96,-0.25 yaw=-0.48rad) odom=(0.96,-0.25 yaw=-0.48rad) nav=vx:0.000 wz:0.000 cmd=vx:0.000 wz:0.000
[INFO] [1783013642.911090821] [basic_navigator]: [265.6s] dist=2.11m amcl=(0.96,-0.25 yaw=-0.48rad) odom=(0.96,-0.25 yaw=-0.48rad) nav=vx:0.000 wz:0.000 cmd=vx:0.000 wz:0.000
[INFO] [1783013643.114485359] [basic_navigator]: [265.8s] dist=2.11m amcl=(0.96,-0.25 yaw=-0.48rad) odom=(0.96,-0.25 yaw=-0.48rad) nav=vx:0.000 wz:0.000 cmd=vx:0.000 wz:0.000
[INFO] [1783013643.317745086] [basic_navigator]: [266.0s] dist=2.11m amcl=(0.96,-0.25 yaw=-0.48rad) odom=(0.96,-0.25 yaw=-0.48rad) nav=vx:0.000 wz:0.000 cmd=vx:0.000 wz:0.000
[INFO] [1783013643.520827625] [basic_navigator]: [266.2s] dist=2.11m amcl=(0.96,-0.25 yaw=-0.48rad) odom=(0.96,-0.25 yaw=-0.48rad) nav=vx:0.000 wz:0.000 cmd=vx:0.000 wz:0.000
[INFO] [1783013643.731570602] [basic_navigator]: [266.4s] dist=2.11m amcl=(0.96,-0.25 yaw=-0.48rad) odom=(0.96,-0.25 yaw=-0.48rad) nav=vx:0.000 wz:0.000 cmd=vx:0.000 wz:0.000
[INFO] [1783013643.936726885] [basic_navigator]: [266.6s] dist=2.11m amcl=(0.96,-0.25 yaw=-0.48rad) odom=(0.96,-0.25 yaw=-0.48rad) nav=vx:0.000 wz:0.000 cmd=vx:0.000 wz:0.000
[INFO] [1783013644.140520815] [basic_navigator]: [266.8s] dist=2.11m amcl=(0.96,-0.25 yaw=-0.48rad) odom=(0.96,-0.25 yaw=-0.48rad) nav=vx:0.000 wz:0.000 cmd=vx:0.000 wz:0.000
[INFO] [1783013644.346158060] [basic_navigator]: [267.0s] dist=2.11m amcl=(0.96,-0.25 yaw=-0.48rad) odom=(0.96,-0.25 yaw=-0.48rad) nav=vx:0.000 wz:0.000 cmd=vx:0.000 wz:0.000
[INFO] [1783013644.551223132] [basic_navigator]: [267.2s] dist=2.11m amcl=(0.96,-0.25 yaw=-0.48rad) odom=(0.96,-0.25 yaw=-0.48rad) nav=vx:0.000 wz:0.000 cmd=vx:0.000 wz:0.000
[INFO] [1783013644.764230618] [basic_navigator]: [267.4s] dist=2.11m amcl=(0.96,-0.25 yaw=-0.48rad) odom=(0.96,-0.25 yaw=-0.48rad) nav=vx:0.000 wz:0.000 cmd=vx:0.000 wz:0.000
[INFO] [1783013644.971807563] [basic_navigator]: [267.6s] dist=2.11m amcl=(0.96,-0.25 yaw=-0.48rad) odom=(0.96,-0.25 yaw=-0.48rad) nav=vx:0.000 wz:0.000 cmd=vx:0.000 wz:0.000
[INFO] [1783013645.176770645] [basic_navigator]: [267.8s] dist=2.11m amcl=(0.96,-0.25 yaw=-0.48rad) odom=(0.96,-0.25 yaw=-0.48rad) nav=vx:0.000 wz:0.000 cmd=vx:0.000 wz:0.000
[INFO] [1783013645.380559571] [basic_navigator]: [268.0s] dist=2.11m amcl=(0.96,-0.25 yaw=-0.48rad) odom=(0.96,-0.25 yaw=-0.48rad) nav=vx:0.000 wz:0.000 cmd=vx:0.000 wz:0.000
[INFO] [1783013645.584313969] [basic_navigator]: [268.2s] dist=2.11m amcl=(0.96,-0.25 yaw=-0.48rad) odom=(0.96,-0.25 yaw=-0.48rad) nav=vx:0.000 wz:0.000 cmd=vx:0.000 wz:0.000
[INFO] [1783013645.794362711] [basic_navigator]: [268.4s] dist=2.11m amcl=(0.96,-0.25 yaw=-0.48rad) odom=(0.96,-0.25 yaw=-0.48rad) nav=vx:0.000 wz:0.000 cmd=vx:0.000 wz:0.000
[INFO] [1783013646.000352338] [basic_navigator]: [268.7s] dist=2.11m amcl=(0.96,-0.25 yaw=-0.48rad) odom=(0.96,-0.25 yaw=-0.48rad) nav=vx:0.000 wz:0.000 cmd=vx:0.000 wz:0.000
[INFO] [1783013646.202637564] [basic_navigator]: [268.9s] dist=2.11m amcl=(0.96,-0.25 yaw=-0.48rad) odom=(0.96,-0.25 yaw=-0.48rad) nav=vx:0.000 wz:0.000 cmd=vx:0.000 wz:0.000
[INFO] [1783013646.405061026] [basic_navigator]: [269.1s] dist=2.11m amcl=(0.96,-0.25 yaw=-0.48rad) odom=(0.96,-0.25 yaw=-0.48rad) nav=vx:0.000 wz:0.000 cmd=vx:0.000 wz:0.000
[INFO] [1783013646.608946665] [basic_navigator]: [269.3s] dist=2.11m amcl=(0.96,-0.25 yaw=-0.48rad) odom=(0.96,-0.25 yaw=-0.48rad) nav=vx:0.000 wz:0.000 cmd=vx:0.000 wz:0.000
[INFO] [1783013646.811519078] [basic_navigator]: [269.5s] dist=2.11m amcl=(0.96,-0.25 yaw=-0.48rad) odom=(0.96,-0.25 yaw=-0.48rad) nav=vx:0.000 wz:0.000 cmd=vx:0.000 wz:0.000
[INFO] [1783013647.013837269] [basic_navigator]: [269.7s] dist=2.11m amcl=(0.96,-0.25 yaw=-0.48rad) odom=(0.96,-0.25 yaw=-0.48rad) nav=vx:0.000 wz:0.000 cmd=vx:0.000 wz:0.000
[INFO] [1783013647.219222896] [basic_navigator]: [269.9s] dist=2.11m amcl=(0.96,-0.25 yaw=-0.48rad) odom=(0.96,-0.25 yaw=-0.48rad) nav=vx:0.000 wz:0.000 cmd=vx:0.000 wz:0.000
[INFO] [1783013647.428890167] [basic_navigator]: [270.1s] dist=2.11m amcl=(0.96,-0.25 yaw=-0.48rad) odom=(0.96,-0.25 yaw=-0.48rad) nav=vx:0.000 wz:0.000 cmd=vx:0.000 wz:0.000
[INFO] [1783013647.633343963] [basic_navigator]: [270.3s] dist=2.11m amcl=(0.96,-0.25 yaw=-0.48rad) odom=(0.96,-0.25 yaw=-0.48rad) nav=vx:0.000 wz:0.000 cmd=vx:0.000 wz:0.000
[INFO] [1783013647.838139687] [basic_navigator]: [270.5s] dist=2.11m amcl=(0.96,-0.25 yaw=-0.48rad) odom=(0.96,-0.25 yaw=-0.48rad) nav=vx:0.000 wz:0.000 cmd=vx:0.000 wz:0.000
[INFO] [1783013648.041128845] [basic_navigator]: [270.7s] dist=2.11m amcl=(0.96,-0.25 yaw=-0.48rad) odom=(0.96,-0.25 yaw=-0.48rad) nav=vx:0.000 wz:0.000 cmd=vx:0.000 wz:0.000
[INFO] [1783013648.244889108] [basic_navigator]: [270.9s] dist=2.11m amcl=(0.96,-0.25 yaw=-0.48rad) odom=(0.96,-0.25 yaw=-0.48rad) nav=vx:0.000 wz:0.000 cmd=vx:0.000 wz:0.000
[INFO] [1783013648.450490432] [basic_navigator]: [271.1s] dist=2.11m amcl=(0.96,-0.25 yaw=-0.48rad) odom=(0.96,-0.25 yaw=-0.48rad) nav=vx:0.000 wz:0.000 cmd=vx:0.000 wz:0.000
[INFO] [1783013648.653643920] [basic_navigator]: [271.3s] dist=2.11m amcl=(0.96,-0.25 yaw=-0.48rad) odom=(0.96,-0.25 yaw=-0.48rad) nav=vx:0.000 wz:0.000 cmd=vx:0.000 wz:0.000
[INFO] [1783013648.858986128] [basic_navigator]: [271.5s] dist=2.11m amcl=(0.96,-0.25 yaw=-0.48rad) odom=(0.96,-0.25 yaw=-0.48rad) nav=vx:0.000 wz:0.000 cmd=vx:0.000 wz:0.000
[INFO] [1783013649.063936523] [basic_navigator]: [271.7s] dist=2.11m amcl=(0.96,-0.25 yaw=-0.48rad) odom=(0.96,-0.25 yaw=-0.48rad) nav=vx:0.000 wz:0.000 cmd=vx:0.000 wz:0.000
[INFO] [1783013649.271349576] [basic_navigator]: [271.9s] dist=2.11m amcl=(0.96,-0.25 yaw=-0.48rad) odom=(0.96,-0.25 yaw=-0.48rad) nav=vx:0.000 wz:0.000 cmd=vx:0.000 wz:0.000
[INFO] [1783013649.487431955] [basic_navigator]: [272.1s] dist=2.11m amcl=(0.96,-0.25 yaw=-0.48rad) odom=(0.96,-0.25 yaw=-0.48rad) nav=vx:0.000 wz:0.000 cmd=vx:0.000 wz:0.000
[INFO] [1783013649.690660944] [basic_navigator]: [272.3s] dist=2.11m amcl=(0.96,-0.25 yaw=-0.48rad) odom=(0.96,-0.25 yaw=-0.48rad) nav=vx:0.000 wz:0.000 cmd=vx:0.000 wz:0.000
[INFO] [1783013649.897693258] [basic_navigator]: [272.6s] dist=2.11m amcl=(0.96,-0.25 yaw=-0.48rad) odom=(0.96,-0.25 yaw=-0.48rad) nav=vx:0.000 wz:0.000 cmd=vx:0.000 wz:0.000
[INFO] [1783013650.100538412] [basic_navigator]: [272.8s] dist=2.11m amcl=(0.96,-0.25 yaw=-0.48rad) odom=(0.96,-0.25 yaw=-0.48rad) nav=vx:0.000 wz:0.000 cmd=vx:0.000 wz:0.000
[INFO] [1783013650.305135961] [basic_navigator]: [273.0s] dist=2.11m amcl=(0.96,-0.25 yaw=-0.48rad) odom=(0.96,-0.25 yaw=-0.48rad) nav=vx:0.000 wz:0.000 cmd=vx:0.000 wz:0.000
[INFO] [1783013650.508258020] [basic_navigator]: [273.2s] dist=2.11m amcl=(0.96,-0.25 yaw=-0.48rad) odom=(0.96,-0.25 yaw=-0.48rad) nav=vx:0.000 wz:0.000 cmd=vx:0.000 wz:0.000
[INFO] [1783013650.711623488] [basic_navigator]: [273.4s] dist=2.11m amcl=(0.96,-0.25 yaw=-0.48rad) odom=(0.96,-0.25 yaw=-0.48rad) nav=vx:0.000 wz:0.000 cmd=vx:0.000 wz:0.000
[INFO] [1783013650.915557396] [basic_navigator]: [273.6s] dist=2.11m amcl=(0.96,-0.25 yaw=-0.48rad) odom=(0.96,-0.25 yaw=-0.48rad) nav=vx:0.000 wz:0.000 cmd=vx:0.000 wz:0.000
[INFO] [1783013651.119229399] [basic_navigator]: [273.8s] dist=2.11m amcl=(0.96,-0.25 yaw=-0.48rad) odom=(0.96,-0.25 yaw=-0.48rad) nav=vx:0.000 wz:0.000 cmd=vx:0.000 wz:0.000
[INFO] [1783013651.325285670] [basic_navigator]: [274.0s] dist=2.11m amcl=(0.96,-0.25 yaw=-0.48rad) odom=(0.96,-0.25 yaw=-0.48rad) nav=vx:0.000 wz:0.000 cmd=vx:0.000 wz:0.000
[INFO] [1783013651.531096579] [basic_navigator]: [274.2s] dist=2.11m amcl=(0.96,-0.25 yaw=-0.48rad) odom=(0.96,-0.25 yaw=-0.48rad) nav=vx:0.000 wz:0.000 cmd=vx:0.000 wz:0.000
[INFO] [1783013651.734857696] [basic_navigator]: [274.4s] dist=2.11m amcl=(0.96,-0.25 yaw=-0.48rad) odom=(0.96,-0.25 yaw=-0.48rad) nav=vx:0.000 wz:0.000 cmd=vx:0.000 wz:0.000
[INFO] [1783013651.948010381] [basic_navigator]: [274.6s] dist=2.11m amcl=(0.96,-0.25 yaw=-0.48rad) odom=(0.96,-0.25 yaw=-0.48rad) nav=vx:0.000 wz:0.000 cmd=vx:0.000 wz:0.000
[INFO] [1783013652.160551945] [basic_navigator]: [274.8s] dist=2.11m amcl=(0.96,-0.25 yaw=-0.48rad) odom=(0.96,-0.25 yaw=-0.48rad) nav=vx:0.000 wz:0.000 cmd=vx:0.000 wz:0.000
[INFO] [1783013652.364363038] [basic_navigator]: [275.0s] dist=2.11m amcl=(0.96,-0.25 yaw=-0.48rad) odom=(0.96,-0.25 yaw=-0.48rad) nav=vx:0.000 wz:0.000 cmd=vx:0.000 wz:0.000
[INFO] [1783013652.568428285] [basic_navigator]: [275.2s] dist=2.11m amcl=(0.96,-0.25 yaw=-0.48rad) odom=(0.96,-0.25 yaw=-0.48rad) nav=vx:0.000 wz:0.000 cmd=vx:0.000 wz:0.000
[INFO] [1783013652.773064116] [basic_navigator]: [275.4s] dist=2.11m amcl=(0.96,-0.25 yaw=-0.48rad) odom=(0.96,-0.25 yaw=-0.48rad) nav=vx:0.000 wz:0.000 cmd=vx:0.000 wz:0.000
[INFO] [1783013652.976931923] [basic_navigator]: [275.6s] dist=2.11m amcl=(0.96,-0.25 yaw=-0.48rad) odom=(0.96,-0.25 yaw=-0.48rad) nav=vx:0.000 wz:0.000 cmd=vx:0.000 wz:0.000
[INFO] [1783013653.181681735] [basic_navigator]: [275.8s] dist=2.11m amcl=(0.96,-0.25 yaw=-0.48rad) odom=(0.96,-0.25 yaw=-0.48rad) nav=vx:0.000 wz:0.000 cmd=vx:0.000 wz:0.000
[INFO] [1783013653.385098279] [basic_navigator]: [276.0s] dist=2.11m amcl=(0.96,-0.25 yaw=-0.48rad) odom=(0.96,-0.25 yaw=-0.48rad) nav=vx:0.000 wz:0.000 cmd=vx:0.000 wz:0.000
[INFO] [1783013653.591531652] [basic_navigator]: [276.2s] dist=2.11m amcl=(0.96,-0.25 yaw=-0.48rad) odom=(0.96,-0.25 yaw=-0.48rad) nav=vx:0.000 wz:0.000 cmd=vx:0.000 wz:0.000
[INFO] [1783013653.795021320] [basic_navigator]: [276.4s] dist=2.11m amcl=(0.96,-0.25 yaw=-0.48rad) odom=(0.96,-0.25 yaw=-0.48rad) nav=vx:0.000 wz:0.000 cmd=vx:0.000 wz:0.000
[INFO] [1783013654.002738581] [basic_navigator]: [276.7s] dist=2.11m amcl=(0.96,-0.25 yaw=-0.48rad) odom=(0.96,-0.25 yaw=-0.48rad) nav=vx:0.000 wz:0.000 cmd=vx:0.000 wz:0.000
[INFO] [1783013654.206798894] [basic_navigator]: [276.9s] dist=2.11m amcl=(0.96,-0.25 yaw=-0.48rad) odom=(0.96,-0.25 yaw=-0.48rad) nav=vx:0.000 wz:0.000 cmd=vx:0.000 wz:0.000
[INFO] [1783013654.413125017] [basic_navigator]: [277.1s] dist=2.11m amcl=(0.96,-0.25 yaw=-0.48rad) odom=(0.96,-0.25 yaw=-0.48rad) nav=vx:0.000 wz:0.000 cmd=vx:0.000 wz:0.000
[INFO] [1783013654.617063193] [basic_navigator]: [277.3s] dist=2.11m amcl=(0.96,-0.25 yaw=-0.48rad) odom=(0.96,-0.25 yaw=-0.48rad) nav=vx:0.000 wz:0.000 cmd=vx:0.000 wz:0.000
[INFO] [1783013654.819885488] [basic_navigator]: [277.5s] dist=2.11m amcl=(0.96,-0.25 yaw=-0.48rad) odom=(0.96,-0.25 yaw=-0.48rad) nav=vx:0.000 wz:0.000 cmd=vx:0.000 wz:0.000
[INFO] [1783013655.025928081] [basic_navigator]: [277.7s] dist=2.11m amcl=(0.96,-0.25 yaw=-0.48rad) odom=(0.96,-0.25 yaw=-0.48rad) nav=vx:0.000 wz:0.000 cmd=vx:0.000 wz:0.000
[INFO] [1783013655.228386412] [basic_navigator]: [277.9s] dist=2.11m amcl=(0.96,-0.25 yaw=-0.48rad) odom=(0.96,-0.25 yaw=-0.48rad) nav=vx:0.000 wz:0.000 cmd=vx:0.000 wz:0.000
[INFO] [1783013655.432073619] [basic_navigator]: [278.1s] dist=2.11m amcl=(0.96,-0.25 yaw=-0.48rad) odom=(0.96,-0.25 yaw=-0.48rad) nav=vx:0.000 wz:0.000 cmd=vx:0.000 wz:0.000
[INFO] [1783013655.636437610] [basic_navigator]: [278.3s] dist=2.11m amcl=(0.96,-0.25 yaw=-0.48rad) odom=(0.96,-0.25 yaw=-0.48rad) nav=vx:0.000 wz:0.000 cmd=vx:0.000 wz:0.000
[INFO] [1783013655.838343705] [basic_navigator]: [278.5s] dist=2.11m amcl=(0.96,-0.25 yaw=-0.48rad) odom=(0.96,-0.25 yaw=-0.48rad) nav=vx:0.000 wz:0.000 cmd=vx:0.000 wz:0.000
[INFO] [1783013656.041574135] [basic_navigator]: [278.7s] dist=2.11m amcl=(0.96,-0.25 yaw=-0.48rad) odom=(0.96,-0.25 yaw=-0.48rad) nav=vx:0.000 wz:0.000 cmd=vx:0.000 wz:0.000
[INFO] [1783013656.247801260] [basic_navigator]: [278.9s] dist=2.11m amcl=(0.96,-0.25 yaw=-0.48rad) odom=(0.96,-0.25 yaw=-0.48rad) nav=vx:0.000 wz:0.000 cmd=vx:0.000 wz:0.000
[INFO] [1783013656.451549239] [basic_navigator]: [279.1s] dist=2.11m amcl=(0.96,-0.25 yaw=-0.48rad) odom=(0.96,-0.25 yaw=-0.48rad) nav=vx:0.000 wz:0.000 cmd=vx:0.000 wz:0.000
[INFO] [1783013656.656450280] [basic_navigator]: [279.3s] dist=2.11m amcl=(0.96,-0.25 yaw=-0.48rad) odom=(0.96,-0.25 yaw=-0.48rad) nav=vx:0.000 wz:0.000 cmd=vx:0.000 wz:0.000
[INFO] [1783013656.866286323] [basic_navigator]: [279.5s] dist=2.11m amcl=(0.96,-0.25 yaw=-0.48rad) odom=(0.96,-0.25 yaw=-0.48rad) nav=vx:0.000 wz:0.000 cmd=vx:0.000 wz:0.000
[INFO] [1783013657.069502105] [basic_navigator]: [279.7s] dist=2.11m amcl=(0.96,-0.25 yaw=-0.48rad) odom=(0.96,-0.25 yaw=-0.48rad) nav=vx:0.000 wz:0.000 cmd=vx:0.000 wz:0.000
[INFO] [1783013657.273022997] [basic_navigator]: [279.9s] dist=2.11m amcl=(0.96,-0.25 yaw=-0.48rad) odom=(0.96,-0.25 yaw=-0.48rad) nav=vx:0.000 wz:0.000 cmd=vx:0.000 wz:0.000
[INFO] [1783013657.477309749] [basic_navigator]: [280.1s] dist=2.11m amcl=(0.96,-0.25 yaw=-0.48rad) odom=(0.96,-0.25 yaw=-0.48rad) nav=vx:0.000 wz:0.000 cmd=vx:0.000 wz:0.000
[INFO] [1783013657.685834670] [basic_navigator]: [280.3s] dist=2.11m amcl=(0.96,-0.25 yaw=-0.48rad) odom=(0.96,-0.25 yaw=-0.48rad) nav=vx:0.000 wz:0.000 cmd=vx:0.000 wz:0.000
[INFO] [1783013657.889610023] [basic_navigator]: [280.5s] dist=2.11m amcl=(0.96,-0.25 yaw=-0.48rad) odom=(0.96,-0.25 yaw=-0.48rad) nav=vx:0.000 wz:0.000 cmd=vx:0.000 wz:0.000
[INFO] [1783013658.098375496] [basic_navigator]: [280.7s] dist=2.11m amcl=(0.96,-0.25 yaw=-0.48rad) odom=(0.96,-0.25 yaw=-0.48rad) nav=vx:0.000 wz:0.000 cmd=vx:0.000 wz:0.000
[INFO] [1783013658.301491360] [basic_navigator]: [281.0s] dist=2.11m amcl=(0.96,-0.25 yaw=-0.48rad) odom=(0.96,-0.25 yaw=-0.48rad) nav=vx:0.000 wz:0.000 cmd=vx:0.000 wz:0.000
[INFO] [1783013658.507104667] [basic_navigator]: [281.2s] dist=2.11m amcl=(0.96,-0.25 yaw=-0.48rad) odom=(0.96,-0.25 yaw=-0.48rad) nav=vx:0.000 wz:0.000 cmd=vx:0.000 wz:0.000
[INFO] [1783013658.713046434] [basic_navigator]: [281.4s] dist=2.11m amcl=(0.96,-0.25 yaw=-0.48rad) odom=(0.96,-0.25 yaw=-0.48rad) nav=vx:0.000 wz:0.000 cmd=vx:0.000 wz:0.000
[INFO] [1783013658.917553616] [basic_navigator]: [281.6s] dist=2.11m amcl=(0.96,-0.25 yaw=-0.48rad) odom=(0.96,-0.25 yaw=-0.48rad) nav=vx:0.000 wz:0.000 cmd=vx:0.000 wz:0.000
[INFO] [1783013659.121681905] [basic_navigator]: [281.8s] dist=2.11m amcl=(0.96,-0.25 yaw=-0.48rad) odom=(0.96,-0.25 yaw=-0.48rad) nav=vx:0.000 wz:0.000 cmd=vx:0.000 wz:0.000
[INFO] [1783013659.327806810] [basic_navigator]: [282.0s] dist=2.11m amcl=(0.96,-0.25 yaw=-0.48rad) odom=(0.96,-0.25 yaw=-0.48rad) nav=vx:0.000 wz:0.000 cmd=vx:0.000 wz:0.000
[INFO] [1783013659.532222021] [basic_navigator]: [282.2s] dist=2.11m amcl=(0.96,-0.25 yaw=-0.48rad) odom=(0.96,-0.25 yaw=-0.48rad) nav=vx:0.000 wz:0.000 cmd=vx:0.000 wz:0.000
[INFO] [1783013659.735510039] [basic_navigator]: [282.4s] dist=2.11m amcl=(0.96,-0.25 yaw=-0.48rad) odom=(0.96,-0.25 yaw=-0.48rad) nav=vx:0.000 wz:0.000 cmd=vx:0.000 wz:0.000
[INFO] [1783013659.938854176] [basic_navigator]: [282.6s] dist=2.11m amcl=(0.96,-0.25 yaw=-0.48rad) odom=(0.96,-0.25 yaw=-0.48rad) nav=vx:0.000 wz:0.000 cmd=vx:0.000 wz:0.000
[INFO] [1783013660.142061544] [basic_navigator]: [282.8s] dist=2.11m amcl=(0.96,-0.25 yaw=-0.48rad) odom=(0.96,-0.25 yaw=-0.48rad) nav=vx:0.000 wz:0.000 cmd=vx:0.000 wz:0.000
[INFO] [1783013660.345667815] [basic_navigator]: [283.0s] dist=2.11m amcl=(0.96,-0.25 yaw=-0.48rad) odom=(0.96,-0.25 yaw=-0.48rad) nav=vx:0.000 wz:0.000 cmd=vx:0.000 wz:0.000
[INFO] [1783013660.555145198] [basic_navigator]: [283.2s] dist=2.11m amcl=(0.96,-0.25 yaw=-0.48rad) odom=(0.96,-0.25 yaw=-0.48rad) nav=vx:0.000 wz:0.000 cmd=vx:0.000 wz:0.000
[INFO] [1783013660.759347480] [basic_navigator]: [283.4s] dist=2.11m amcl=(0.96,-0.25 yaw=-0.48rad) odom=(0.96,-0.25 yaw=-0.48rad) nav=vx:0.000 wz:0.000 cmd=vx:0.000 wz:0.000
[INFO] [1783013660.964203959] [basic_navigator]: [283.6s] dist=2.11m amcl=(0.96,-0.25 yaw=-0.48rad) odom=(0.96,-0.25 yaw=-0.48rad) nav=vx:0.000 wz:0.000 cmd=vx:0.000 wz:0.000
[INFO] [1783013661.169311817] [basic_navigator]: [283.8s] dist=2.11m amcl=(0.96,-0.25 yaw=-0.48rad) odom=(0.96,-0.25 yaw=-0.48rad) nav=vx:0.000 wz:0.000 cmd=vx:0.000 wz:0.000
[INFO] [1783013661.375298026] [basic_navigator]: [284.0s] dist=2.11m amcl=(0.96,-0.25 yaw=-0.48rad) odom=(0.96,-0.25 yaw=-0.48rad) nav=vx:0.000 wz:0.000 cmd=vx:0.000 wz:0.000
[INFO] [1783013661.585506218] [basic_navigator]: [284.2s] dist=2.11m amcl=(0.96,-0.25 yaw=-0.48rad) odom=(0.96,-0.25 yaw=-0.48rad) nav=vx:0.000 wz:0.000 cmd=vx:0.000 wz:0.000
[INFO] [1783013661.794174794] [basic_navigator]: [284.4s] dist=2.11m amcl=(0.96,-0.25 yaw=-0.48rad) odom=(0.96,-0.25 yaw=-0.48rad) nav=vx:0.000 wz:0.000 cmd=vx:0.000 wz:0.000
[INFO] [1783013661.999239716] [basic_navigator]: [284.7s] dist=2.11m amcl=(0.96,-0.25 yaw=-0.48rad) odom=(0.96,-0.25 yaw=-0.48rad) nav=vx:0.000 wz:0.000 cmd=vx:0.000 wz:0.000
[INFO] [1783013662.201205905] [basic_navigator]: [284.9s] dist=2.11m amcl=(0.96,-0.25 yaw=-0.48rad) odom=(0.96,-0.25 yaw=-0.48rad) nav=vx:0.000 wz:0.000 cmd=vx:0.000 wz:0.000
[INFO] [1783013662.404907131] [basic_navigator]: [285.1s] dist=2.11m amcl=(0.96,-0.25 yaw=-0.48rad) odom=(0.96,-0.25 yaw=-0.48rad) nav=vx:0.000 wz:0.000 cmd=vx:0.000 wz:0.000
[INFO] [1783013662.607569370] [basic_navigator]: [285.3s] dist=2.11m amcl=(0.96,-0.25 yaw=-0.48rad) odom=(0.96,-0.25 yaw=-0.48rad) nav=vx:0.000 wz:0.000 cmd=vx:0.000 wz:0.000
[INFO] [1783013662.811339260] [basic_navigator]: [285.5s] dist=2.11m amcl=(0.96,-0.25 yaw=-0.48rad) odom=(0.96,-0.25 yaw=-0.48rad) nav=vx:0.000 wz:0.000 cmd=vx:0.000 wz:0.000
[INFO] [1783013663.018990277] [basic_navigator]: [285.7s] dist=2.11m amcl=(0.96,-0.25 yaw=-0.48rad) odom=(0.96,-0.25 yaw=-0.48rad) nav=vx:0.000 wz:0.000 cmd=vx:0.000 wz:0.000
[INFO] [1783013663.223592230] [basic_navigator]: [285.9s] dist=2.11m amcl=(0.96,-0.25 yaw=-0.48rad) odom=(0.96,-0.25 yaw=-0.48rad) nav=vx:0.000 wz:0.000 cmd=vx:0.000 wz:0.000
[INFO] [1783013663.426730410] [basic_navigator]: [286.1s] dist=2.11m amcl=(0.96,-0.25 yaw=-0.48rad) odom=(0.96,-0.25 yaw=-0.48rad) nav=vx:0.000 wz:0.000 cmd=vx:0.000 wz:0.000
[INFO] [1783013663.629704857] [basic_navigator]: [286.3s] dist=2.11m amcl=(0.96,-0.25 yaw=-0.48rad) odom=(0.96,-0.25 yaw=-0.48rad) nav=vx:0.000 wz:0.000 cmd=vx:0.000 wz:0.000
[INFO] [1783013663.836409600] [basic_navigator]: [286.5s] dist=2.11m amcl=(0.96,-0.25 yaw=-0.48rad) odom=(0.96,-0.25 yaw=-0.48rad) nav=vx:0.000 wz:0.000 cmd=vx:0.000 wz:0.000
[INFO] [1783013664.043129345] [basic_navigator]: [286.7s] dist=2.11m amcl=(0.96,-0.25 yaw=-0.48rad) odom=(0.96,-0.25 yaw=-0.48rad) nav=vx:0.000 wz:0.000 cmd=vx:0.000 wz:0.000
[INFO] [1783013664.247232727] [basic_navigator]: [286.9s] dist=2.11m amcl=(0.96,-0.25 yaw=-0.48rad) odom=(0.96,-0.25 yaw=-0.48rad) nav=vx:0.000 wz:0.000 cmd=vx:0.000 wz:0.000
[INFO] [1783013664.450743664] [basic_navigator]: [287.1s] dist=2.11m amcl=(0.96,-0.25 yaw=-0.48rad) odom=(0.96,-0.25 yaw=-0.48rad) nav=vx:0.000 wz:0.000 cmd=vx:0.000 wz:0.000
[INFO] [1783013664.654326113] [basic_navigator]: [287.3s] dist=2.11m amcl=(0.96,-0.25 yaw=-0.48rad) odom=(0.96,-0.25 yaw=-0.48rad) nav=vx:0.000 wz:0.000 cmd=vx:0.000 wz:0.000
[INFO] [1783013664.857798595] [basic_navigator]: [287.5s] dist=2.11m amcl=(0.96,-0.25 yaw=-0.48rad) odom=(0.96,-0.25 yaw=-0.48rad) nav=vx:0.000 wz:0.000 cmd=vx:0.000 wz:0.000
[INFO] [1783013665.060922968] [basic_navigator]: [287.7s] dist=2.11m amcl=(0.96,-0.25 yaw=-0.48rad) odom=(0.96,-0.25 yaw=-0.48rad) nav=vx:0.000 wz:0.000 cmd=vx:0.000 wz:0.000
[INFO] [1783013665.264766792] [basic_navigator]: [287.9s] dist=2.11m amcl=(0.96,-0.25 yaw=-0.48rad) odom=(0.96,-0.25 yaw=-0.48rad) nav=vx:0.000 wz:0.000 cmd=vx:0.000 wz:0.000
[INFO] [1783013665.468823872] [basic_navigator]: [288.1s] dist=2.11m amcl=(0.96,-0.25 yaw=-0.48rad) odom=(0.96,-0.25 yaw=-0.48rad) nav=vx:0.000 wz:0.000 cmd=vx:0.000 wz:0.000
[INFO] [1783013665.678972337] [basic_navigator]: [288.3s] dist=2.11m amcl=(0.96,-0.25 yaw=-0.48rad) odom=(0.96,-0.25 yaw=-0.48rad) nav=vx:0.000 wz:0.000 cmd=vx:0.000 wz:0.000
[INFO] [1783013665.882417711] [basic_navigator]: [288.5s] dist=2.11m amcl=(0.96,-0.25 yaw=-0.48rad) odom=(0.96,-0.25 yaw=-0.48rad) nav=vx:0.000 wz:0.000 cmd=vx:0.000 wz:0.000
[INFO] [1783013666.085898970] [basic_navigator]: [288.7s] dist=2.11m amcl=(0.96,-0.25 yaw=-0.48rad) odom=(0.96,-0.25 yaw=-0.48rad) nav=vx:0.000 wz:0.000 cmd=vx:0.000 wz:0.000
[INFO] [1783013666.291880497] [basic_navigator]: [288.9s] dist=2.11m amcl=(0.96,-0.25 yaw=-0.48rad) odom=(0.96,-0.25 yaw=-0.48rad) nav=vx:0.000 wz:0.000 cmd=vx:0.000 wz:0.000
[INFO] [1783013666.500867682] [basic_navigator]: [289.2s] dist=2.11m amcl=(0.96,-0.25 yaw=-0.48rad) odom=(0.96,-0.25 yaw=-0.48rad) nav=vx:0.000 wz:0.000 cmd=vx:0.000 wz:0.000
[INFO] [1783013666.705324595] [basic_navigator]: [289.4s] dist=2.11m amcl=(0.96,-0.25 yaw=-0.48rad) odom=(0.96,-0.25 yaw=-0.48rad) nav=vx:0.000 wz:0.000 cmd=vx:0.000 wz:0.000
[INFO] [1783013666.907982977] [basic_navigator]: [289.6s] dist=2.11m amcl=(0.96,-0.25 yaw=-0.48rad) odom=(0.96,-0.25 yaw=-0.48rad) nav=vx:0.000 wz:0.000 cmd=vx:0.000 wz:0.000
[INFO] [1783013667.116629730] [basic_navigator]: [289.8s] dist=2.11m amcl=(0.96,-0.25 yaw=-0.48rad) odom=(0.96,-0.25 yaw=-0.48rad) nav=vx:0.000 wz:0.000 cmd=vx:0.000 wz:0.000
[INFO] [1783013667.320364223] [basic_navigator]: [290.0s] dist=2.11m amcl=(0.96,-0.25 yaw=-0.48rad) odom=(0.96,-0.25 yaw=-0.48rad) nav=vx:0.000 wz:0.000 cmd=vx:0.000 wz:0.000
[INFO] [1783013667.523985169] [basic_navigator]: [290.2s] dist=2.11m amcl=(0.96,-0.25 yaw=-0.48rad) odom=(0.96,-0.25 yaw=-0.48rad) nav=vx:0.000 wz:0.000 cmd=vx:0.000 wz:0.000
[INFO] [1783013667.727911393] [basic_navigator]: [290.4s] dist=2.11m amcl=(0.96,-0.25 yaw=-0.48rad) odom=(0.96,-0.25 yaw=-0.48rad) nav=vx:0.000 wz:0.000 cmd=vx:0.000 wz:0.000
[INFO] [1783013667.931745755] [basic_navigator]: [290.6s] dist=2.11m amcl=(0.96,-0.25 yaw=-0.48rad) odom=(0.96,-0.25 yaw=-0.48rad) nav=vx:0.000 wz:0.000 cmd=vx:0.000 wz:0.000
[INFO] [1783013668.136042758] [basic_navigator]: [290.8s] dist=2.11m amcl=(0.96,-0.25 yaw=-0.48rad) odom=(0.96,-0.25 yaw=-0.48rad) nav=vx:0.000 wz:0.000 cmd=vx:0.000 wz:0.000
[INFO] [1783013668.341077993] [basic_navigator]: [291.0s] dist=2.11m amcl=(0.96,-0.25 yaw=-0.48rad) odom=(0.96,-0.25 yaw=-0.48rad) nav=vx:0.000 wz:0.000 cmd=vx:0.000 wz:0.000
[INFO] [1783013668.544065806] [basic_navigator]: [291.2s] dist=2.11m amcl=(0.96,-0.25 yaw=-0.48rad) odom=(0.96,-0.25 yaw=-0.48rad) nav=vx:0.000 wz:0.000 cmd=vx:0.000 wz:0.000
[INFO] [1783013668.748998547] [basic_navigator]: [291.4s] dist=2.11m amcl=(0.96,-0.25 yaw=-0.48rad) odom=(0.96,-0.25 yaw=-0.48rad) nav=vx:0.000 wz:0.000 cmd=vx:0.000 wz:0.000
[INFO] [1783013668.952489785] [basic_navigator]: [291.6s] dist=2.11m amcl=(0.96,-0.25 yaw=-0.48rad) odom=(0.96,-0.25 yaw=-0.48rad) nav=vx:0.000 wz:0.000 cmd=vx:0.000 wz:0.000
[INFO] [1783013669.156455613] [basic_navigator]: [291.8s] dist=2.11m amcl=(0.96,-0.25 yaw=-0.48rad) odom=(0.96,-0.25 yaw=-0.48rad) nav=vx:0.000 wz:0.000 cmd=vx:0.000 wz:0.000
[INFO] [1783013669.364528735] [basic_navigator]: [292.0s] dist=2.11m amcl=(0.96,-0.25 yaw=-0.48rad) odom=(0.96,-0.25 yaw=-0.48rad) nav=vx:0.000 wz:0.000 cmd=vx:0.000 wz:0.000
[INFO] [1783013669.568440589] [basic_navigator]: [292.2s] dist=2.11m amcl=(0.96,-0.25 yaw=-0.48rad) odom=(0.96,-0.25 yaw=-0.48rad) nav=vx:0.000 wz:0.000 cmd=vx:0.000 wz:0.000
[INFO] [1783013669.774201431] [basic_navigator]: [292.4s] dist=2.11m amcl=(0.96,-0.25 yaw=-0.48rad) odom=(0.96,-0.25 yaw=-0.48rad) nav=vx:0.000 wz:0.000 cmd=vx:0.000 wz:0.000
[INFO] [1783013669.978299970] [basic_navigator]: [292.6s] dist=2.11m amcl=(0.96,-0.25 yaw=-0.48rad) odom=(0.96,-0.25 yaw=-0.48rad) nav=vx:0.000 wz:0.000 cmd=vx:0.000 wz:0.000
[INFO] [1783013670.182207392] [basic_navigator]: [292.8s] dist=2.11m amcl=(0.96,-0.25 yaw=-0.48rad) odom=(0.96,-0.25 yaw=-0.48rad) nav=vx:0.000 wz:0.000 cmd=vx:0.000 wz:0.000
[INFO] [1783013670.386157526] [basic_navigator]: [293.0s] dist=2.11m amcl=(0.96,-0.25 yaw=-0.48rad) odom=(0.96,-0.25 yaw=-0.48rad) nav=vx:0.000 wz:0.000 cmd=vx:0.000 wz:0.000
[INFO] [1783013670.591287606] [basic_navigator]: [293.2s] dist=2.11m amcl=(0.96,-0.25 yaw=-0.48rad) odom=(0.96,-0.25 yaw=-0.48rad) nav=vx:0.000 wz:0.000 cmd=vx:0.000 wz:0.000
[INFO] [1783013670.801054416] [basic_navigator]: [293.5s] dist=2.11m amcl=(0.96,-0.25 yaw=-0.48rad) odom=(0.96,-0.25 yaw=-0.48rad) nav=vx:0.000 wz:0.000 cmd=vx:0.000 wz:0.000
[INFO] [1783013671.007698482] [basic_navigator]: [293.7s] dist=2.11m amcl=(0.96,-0.25 yaw=-0.48rad) odom=(0.96,-0.25 yaw=-0.48rad) nav=vx:0.000 wz:0.000 cmd=vx:0.000 wz:0.000
[INFO] [1783013671.212035265] [basic_navigator]: [293.9s] dist=2.11m amcl=(0.96,-0.25 yaw=-0.48rad) odom=(0.96,-0.25 yaw=-0.48rad) nav=vx:0.000 wz:0.000 cmd=vx:0.000 wz:0.000
[INFO] [1783013671.421848124] [basic_navigator]: [294.1s] dist=2.11m amcl=(0.96,-0.25 yaw=-0.48rad) odom=(0.96,-0.25 yaw=-0.48rad) nav=vx:0.000 wz:0.000 cmd=vx:0.000 wz:0.000
[INFO] [1783013671.625275708] [basic_navigator]: [294.3s] dist=2.11m amcl=(0.96,-0.25 yaw=-0.48rad) odom=(0.96,-0.25 yaw=-0.48rad) nav=vx:0.000 wz:0.000 cmd=vx:0.000 wz:0.000
[INFO] [1783013671.828988080] [basic_navigator]: [294.5s] dist=2.11m amcl=(0.96,-0.25 yaw=-0.48rad) odom=(0.96,-0.25 yaw=-0.48rad) nav=vx:0.000 wz:0.000 cmd=vx:0.000 wz:0.000
[INFO] [1783013672.035280206] [basic_navigator]: [294.7s] dist=2.11m amcl=(0.96,-0.25 yaw=-0.48rad) odom=(0.96,-0.25 yaw=-0.48rad) nav=vx:0.000 wz:0.000 cmd=vx:0.000 wz:0.000
[INFO] [1783013672.238609021] [basic_navigator]: [294.9s] dist=2.11m amcl=(0.96,-0.25 yaw=-0.48rad) odom=(0.96,-0.25 yaw=-0.48rad) nav=vx:0.000 wz:0.000 cmd=vx:0.000 wz:0.000
[INFO] [1783013672.441871029] [basic_navigator]: [295.1s] dist=2.11m amcl=(0.96,-0.25 yaw=-0.48rad) odom=(0.96,-0.25 yaw=-0.48rad) nav=vx:0.000 wz:0.000 cmd=vx:0.000 wz:0.000
[INFO] [1783013672.646362073] [basic_navigator]: [295.3s] dist=2.11m amcl=(0.96,-0.25 yaw=-0.48rad) odom=(0.96,-0.25 yaw=-0.48rad) nav=vx:0.000 wz:0.000 cmd=vx:0.000 wz:0.000
[INFO] [1783013672.850493560] [basic_navigator]: [295.5s] dist=2.11m amcl=(0.96,-0.25 yaw=-0.48rad) odom=(0.96,-0.25 yaw=-0.48rad) nav=vx:0.000 wz:0.000 cmd=vx:0.000 wz:0.000
[INFO] [1783013673.057246638] [basic_navigator]: [295.7s] dist=2.11m amcl=(0.96,-0.25 yaw=-0.48rad) odom=(0.96,-0.25 yaw=-0.48rad) nav=vx:0.000 wz:0.000 cmd=vx:0.000 wz:0.000
[INFO] [1783013673.267512748] [basic_navigator]: [295.9s] dist=2.11m amcl=(0.96,-0.25 yaw=-0.48rad) odom=(0.96,-0.25 yaw=-0.48rad) nav=vx:0.000 wz:0.000 cmd=vx:0.000 wz:0.000
[INFO] [1783013673.470045517] [basic_navigator]: [296.1s] dist=2.11m amcl=(0.96,-0.25 yaw=-0.48rad) odom=(0.96,-0.25 yaw=-0.48rad) nav=vx:0.000 wz:0.000 cmd=vx:0.000 wz:0.000
[INFO] [1783013673.675450392] [basic_navigator]: [296.3s] dist=2.11m amcl=(0.96,-0.25 yaw=-0.48rad) odom=(0.96,-0.25 yaw=-0.48rad) nav=vx:0.000 wz:0.000 cmd=vx:0.000 wz:0.000
[INFO] [1783013673.880028557] [basic_navigator]: [296.5s] dist=2.11m amcl=(0.96,-0.25 yaw=-0.48rad) odom=(0.96,-0.25 yaw=-0.48rad) nav=vx:0.000 wz:0.000 cmd=vx:0.000 wz:0.000
[INFO] [1783013674.084941568] [basic_navigator]: [296.7s] dist=2.11m amcl=(0.96,-0.25 yaw=-0.48rad) odom=(0.96,-0.25 yaw=-0.48rad) nav=vx:0.000 wz:0.000 cmd=vx:0.000 wz:0.000
[INFO] [1783013674.294130364] [basic_navigator]: [296.9s] dist=2.11m amcl=(0.96,-0.25 yaw=-0.48rad) odom=(0.96,-0.25 yaw=-0.48rad) nav=vx:0.000 wz:0.000 cmd=vx:0.000 wz:0.000
[INFO] [1783013674.501171428] [basic_navigator]: [297.2s] dist=2.11m amcl=(0.96,-0.25 yaw=-0.48rad) odom=(0.96,-0.25 yaw=-0.48rad) nav=vx:0.000 wz:0.000 cmd=vx:0.000 wz:0.000
[INFO] [1783013674.704758337] [basic_navigator]: [297.4s] dist=2.11m amcl=(0.96,-0.25 yaw=-0.48rad) odom=(0.96,-0.25 yaw=-0.48rad) nav=vx:0.000 wz:0.000 cmd=vx:0.000 wz:0.000
[INFO] [1783013674.909226133] [basic_navigator]: [297.6s] dist=2.11m amcl=(0.96,-0.25 yaw=-0.48rad) odom=(0.96,-0.25 yaw=-0.48rad) nav=vx:0.000 wz:0.000 cmd=vx:0.000 wz:0.000
[INFO] [1783013675.113406786] [basic_navigator]: [297.8s] dist=2.11m amcl=(0.96,-0.25 yaw=-0.48rad) odom=(0.96,-0.25 yaw=-0.48rad) nav=vx:0.000 wz:0.000 cmd=vx:0.000 wz:0.000
[INFO] [1783013675.318072238] [basic_navigator]: [298.0s] dist=2.11m amcl=(0.96,-0.25 yaw=-0.48rad) odom=(0.96,-0.25 yaw=-0.48rad) nav=vx:0.000 wz:0.000 cmd=vx:0.000 wz:0.000
[INFO] [1783013675.521466148] [basic_navigator]: [298.2s] dist=2.11m amcl=(0.96,-0.25 yaw=-0.48rad) odom=(0.96,-0.25 yaw=-0.48rad) nav=vx:0.000 wz:0.000 cmd=vx:0.000 wz:0.000
[INFO] [1783013675.725034630] [basic_navigator]: [298.4s] dist=2.11m amcl=(0.96,-0.25 yaw=-0.48rad) odom=(0.96,-0.25 yaw=-0.48rad) nav=vx:0.000 wz:0.000 cmd=vx:0.000 wz:0.000
[INFO] [1783013675.928803266] [basic_navigator]: [298.6s] dist=2.11m amcl=(0.96,-0.25 yaw=-0.48rad) odom=(0.96,-0.25 yaw=-0.48rad) nav=vx:0.000 wz:0.000 cmd=vx:0.000 wz:0.000
[INFO] [1783013676.132985841] [basic_navigator]: [298.8s] dist=2.11m amcl=(0.96,-0.25 yaw=-0.48rad) odom=(0.96,-0.25 yaw=-0.48rad) nav=vx:0.000 wz:0.000 cmd=vx:0.000 wz:0.000
[INFO] [1783013676.339031024] [basic_navigator]: [299.0s] dist=2.11m amcl=(0.96,-0.25 yaw=-0.48rad) odom=(0.96,-0.25 yaw=-0.48rad) nav=vx:0.000 wz:0.000 cmd=vx:0.000 wz:0.000
[INFO] [1783013676.543857577] [basic_navigator]: [299.2s] dist=2.11m amcl=(0.96,-0.25 yaw=-0.48rad) odom=(0.96,-0.25 yaw=-0.48rad) nav=vx:0.000 wz:0.000 cmd=vx:0.000 wz:0.000
[INFO] [1783013676.747856646] [basic_navigator]: [299.4s] dist=2.11m amcl=(0.96,-0.25 yaw=-0.48rad) odom=(0.96,-0.25 yaw=-0.48rad) nav=vx:0.000 wz:0.000 cmd=vx:0.000 wz:0.000
[INFO] [1783013676.951528419] [basic_navigator]: [299.6s] dist=2.11m amcl=(0.96,-0.25 yaw=-0.48rad) odom=(0.96,-0.25 yaw=-0.48rad) nav=vx:0.000 wz:0.000 cmd=vx:0.000 wz:0.000
[INFO] [1783013677.162916458] [basic_navigator]: [299.8s] dist=2.11m amcl=(0.96,-0.25 yaw=-0.48rad) odom=(0.96,-0.25 yaw=-0.48rad) nav=vx:0.000 wz:0.000 cmd=vx:0.000 wz:0.000
[INFO] [1783013677.374154736] [basic_navigator]: [300.0s] dist=2.11m amcl=(0.96,-0.25 yaw=-0.48rad) odom=(0.96,-0.25 yaw=-0.48rad) nav=vx:0.000 wz:0.000 cmd=vx:0.000 wz:0.000
[INFO] [1783013677.374766849] [basic_navigator]: Canceling current task.
[ERROR] [1783013677.377539948] [basic_navigator]: TIMEOUT after 300 s
SMOKE_RESULT=TaskResult.UNKNOWN
